Workbook

Sheet MAGUIKAY ES
A5: Republic of the Philippines
A6: Department of Education
A8: SCHOOLS DIVISION OF MANDAUE CITY
A10: CURRICULUM, INSTRUCTION, AND ASSESSMENT MONITORING CHECKLIST
A11: School: | B11: MAGUIKAY ELEMENTARY SCHOOL
A12: Quarter: | B12: TERM 1
A13: Monitored by:
A14: A. CURRICULUM–INSTRUCTION–ASSESSMENT ALIGNMENT
A15: Indicator | B15: Yes | C15: No | D15: Remarks/Evidence
A16: 1. MELC mapping (Planned vs Taught vs Assessed) is conducted | AA16: FALSE | AB16: FALSE | AC16: =IF(AA16="","",IF(AA16=TRUE,1,0)) -> 0 | AD16: =IF(AB16="","",IF(AB16=TRUE,0.5,0)) -> 0 | AE16: =SUM(AC16:AD16) -> 0 | AF16: =IF(AE16=1,AC16,0) -> 0 | AG16: =IF(AE16=1,AD16,0) -> 0 | AH16: =IF(AD16=0,"",IF(AD16=1,2,0))
A17: 2. All MELCs are reflected in lesson plans | AA17: FALSE | AB17: FALSE | AC17: =IF(AA17="","",IF(AA17=TRUE,1,0)) -> 0 | AD17: =IF(AB17="","",IF(AB17=TRUE,0.5,0)) -> 0 | AE17: =SUM(AC17:AD17) -> 0 | AF17: =IF(AE17=1,AC17,0) -> 0 | AG17: =IF(AE17=1,AD17,0) -> 0 | AH17: =IF(AD17=0,"",IF(AD17=1,2,0))
A18: 3. Assessments are aligned with taught MELCs | AA18: FALSE | AB18: FALSE | AC18: =IF(AA18="","",IF(AA18=TRUE,1,0)) -> 0 | AD18: =IF(AB18="","",IF(AB18=TRUE,0.5,0)) -> 0 | AE18: =SUM(AC18:AD18) -> 0 | AF18: =IF(AE18=1,AC18,0) -> 0 | AG18: =IF(AE18=1,AD18,0) -> 0 | AH18: =IF(AD18=0,"",IF(AD18=1,2,0))
A19: 4. High-frequency NAT MELCs are prioritized | AA19: FALSE | AB19: FALSE | AC19: =IF(AA19="","",IF(AA19=TRUE,1,0)) -> 0 | AD19: =IF(AB19="","",IF(AB19=TRUE,0.5,0)) -> 0 | AE19: =SUM(AC19:AD19) -> 0 | AF19: =IF(AE19=1,AC19,0) -> 0 | AG19: =IF(AE19=1,AD19,0) -> 0 | AH19: =IF(AD19=0,"",IF(AD19=1,2,0))
AA20: FALSE | AB20: FALSE | AC20: =IF(AA20="","",IF(AA20=TRUE,1,0)) -> 0 | AD20: =IF(AB20="","",IF(AB20=TRUE,0.5,0)) -> 0 | AE20: =SUM(AC20:AD20) -> 0 | AF20: =IF(AE20=1,AC20,0) -> 0 | AG20: =IF(AE20=1,AD20,0) -> 0 | AH20: =IF(AD20=0,"",IF(AD20=1,2,0))
A21: B. ASSESSMENT QUALITY (HOTS-BASED) | B21: =AF21 -> 0 | C21: =AG21 -> 0 | AC21: =IF(AA21="","",IF(AA21=TRUE,1,0)) | AD21: =IF(AB21="","",IF(AB21=TRUE,1,0)) | AF21: =SUM(AF16:AF20) -> 0 | AG21: =SUM(AG16:AG20) -> 0
A22: Indicator | B22: Yes | C22: No | D22: Remarks/Evidence | AC22: =IF(AA22="","",IF(AA22=TRUE,1,0)) | AD22: =IF(AB22="","",IF(AB22=TRUE,1,0))
A23: 1. Classroom tests include 40–50% HOTS items | AA23: FALSE | AB23: FALSE | AC23: =IF(AA23="","",IF(AA23=TRUE,1,0)) -> 0 | AD23: =IF(AB23="","",IF(AB23=TRUE,0.5,0)) -> 0 | AE23: =SUM(AC23:AD23) -> 0 | AF23: =IF(AE23=1,AC23,0) -> 0 | AG23: =IF(AE23=1,AD23,0) -> 0 | AH23: =IF(AD23=0,"",IF(AD23=1,2,0))
A24: 2. Test items reflect application, analysis, interpretation | AA24: FALSE | AB24: FALSE | AC24: =IF(AA24="","",IF(AA24=TRUE,1,0)) -> 0 | AD24: =IF(AB24="","",IF(AB24=TRUE,0.5,0)) -> 0 | AE24: =SUM(AC24:AD24) -> 0 | AF24: =IF(AE24=1,AC24,0) -> 0 | AG24: =IF(AE24=1,AD24,0) -> 0 | AH24: =IF(AD24=0,"",IF(AD24=1,2,0))
A25: 3. NAT-like test items are used | AA25: FALSE | AB25: FALSE | AC25: =IF(AA25="","",IF(AA25=TRUE,1,0)) -> 0 | AD25: =IF(AB25="","",IF(AB25=TRUE,0.5,0)) -> 0 | AE25: =SUM(AC25:AD25) -> 0 | AF25: =IF(AE25=1,AC25,0) -> 0 | AG25: =IF(AE25=1,AD25,0) -> 0 | AH25: =IF(AD25=0,"",IF(AD25=1,2,0))
A26: 4. Item analysis is conducted after assessments | AA26: FALSE | AB26: FALSE | AC26: =IF(AA26="","",IF(AA26=TRUE,1,0)) -> 0 | AD26: =IF(AB26="","",IF(AB26=TRUE,0.5,0)) -> 0 | AE26: =SUM(AC26:AD26) -> 0 | AF26: =IF(AE26=1,AC26,0) -> 0 | AG26: =IF(AE26=1,AD26,0) -> 0 | AH26: =IF(AD26=0,"",IF(AD26=1,2,0))
AA27: FALSE | AB27: FALSE | AC27: =IF(AA27="","",IF(AA27=TRUE,1,0)) -> 0 | AD27: =IF(AB27="","",IF(AB27=TRUE,0.5,0)) -> 0 | AE27: =SUM(AC27:AD27) -> 0 | AF27: =IF(AE27=1,AC27,0) -> 0 | AG27: =IF(AE27=1,AD27,0) -> 0 | AH27: =IF(AD27=0,"",IF(AD27=1,2,0))
A28: C. READING ACROSS LEARNING AREAS | B28: =AF28 -> 0 | C28: =AG28 -> 0 | AC28: =IF(AA28="","",IF(AA28=TRUE,1,0)) | AD28: =IF(AB28="","",IF(AB28=TRUE,1,0)) | AF28: =SUM(AF23:AF27) -> 0 | AG28: =SUM(AG23:AG27) -> 0
A29: Indicator | B29: Yes | C29: No | D29: Remarks/Evidence | AC29: =IF(AA29="","",IF(AA29=TRUE,1,0)) | AD29: =IF(AB29="","",IF(AB29=TRUE,1,0))
A30: 1. Reading strategies are integrated in all subjects | AA30: FALSE | AB30: FALSE | AC30: =IF(AA30="","",IF(AA30=TRUE,1,0)) -> 0 | AD30: =IF(AB30="","",IF(AB30=TRUE,0.5,0)) -> 0 | AE30: =SUM(AC30:AD30) -> 0 | AF30: =IF(AE30=1,AC30,0) -> 0 | AG30: =IF(AE30=1,AD30,0) -> 0 | AH30: =IF(AD30=0,"",IF(AD30=1,2,0))
A31: 2. Vocabulary is pre-taught before lessons | AA31: FALSE | AB31: FALSE | AC31: =IF(AA31="","",IF(AA31=TRUE,1,0)) -> 0 | AD31: =IF(AB31="","",IF(AB31=TRUE,0.5,0)) -> 0 | AE31: =SUM(AC31:AD31) -> 0 | AF31: =IF(AE31=1,AC31,0) -> 0 | AG31: =IF(AE31=1,AD31,0) -> 0 | AH31: =IF(AD31=0,"",IF(AD31=1,2,0))
A32: 3. Learners explain answers in words | AA32: FALSE | AB32: FALSE | AC32: =IF(AA32="","",IF(AA32=TRUE,1,0)) -> 0 | AD32: =IF(AB32="","",IF(AB32=TRUE,0.5,0)) -> 0 | AE32: =SUM(AC32:AD32) -> 0 | AF32: =IF(AE32=1,AC32,0) -> 0 | AG32: =IF(AE32=1,AD32,0) -> 0 | AH32: =IF(AD32=0,"",IF(AD32=1,2,0))
A33: 4. Learners justify solutions/answers | AA33: FALSE | AB33: FALSE | AC33: =IF(AA33="","",IF(AA33=TRUE,1,0)) -> 0 | AD33: =IF(AB33="","",IF(AB33=TRUE,0.5,0)) -> 0 | AE33: =SUM(AC33:AD33) -> 0 | AF33: =IF(AE33=1,AC33,0) -> 0 | AG33: =IF(AE33=1,AD33,0) -> 0 | AH33: =IF(AD33=0,"",IF(AD33=1,2,0))
AA34: FALSE | AB34: FALSE | AC34: =IF(AA34="","",IF(AA34=TRUE,1,0)) -> 0 | AD34: =IF(AB34="","",IF(AB34=TRUE,0.5,0)) -> 0 | AE34: =SUM(AC34:AD34) -> 0 | AF34: =IF(AE34=1,AC34,0) -> 0 | AG34: =IF(AE34=1,AD34,0) -> 0 | AH34: =IF(AD34=0,"",IF(AD34=1,2,0))
A35: D. TARGETED REMEDIATION | B35: =AF35 -> 0 | C35: =AG35 -> 0 | AC35: =IF(AA35="","",IF(AA35=TRUE,1,0)) | AD35: =IF(AB35="","",IF(AB35=TRUE,1,0)) | AF35: =SUM(AF30:AF34) -> 0 | AG35: =SUM(AG30:AG34) -> 0
A36: Indicator | B36: Yes | C36: No | D36: Remarks/Evidence | AC36: =IF(AA36="","",IF(AA36=TRUE,1,0)) | AD36: =IF(AB36="","",IF(AB36=TRUE,1,0))
A37: 1. Item analysis identifies specific MELC gaps | AA37: FALSE | AB37: FALSE | AC37: =IF(AA37="","",IF(AA37=TRUE,1,0)) -> 0 | AD37: =IF(AB37="","",IF(AB37=TRUE,0.5,0)) -> 0 | AE37: =SUM(AC37:AD37) -> 0 | AF37: =IF(AE37=1,AC37,0) -> 0 | AG37: =IF(AE37=1,AD37,0) -> 0 | AH37: =IF(AD37=0,"",IF(AD37=1,2,0))
A38: 2. Learners are grouped based on skill gaps | AA38: FALSE | AB38: FALSE | AC38: =IF(AA38="","",IF(AA38=TRUE,1,0)) -> 0 | AD38: =IF(AB38="","",IF(AB38=TRUE,0.5,0)) -> 0 | AE38: =SUM(AC38:AD38) -> 0 | AF38: =IF(AE38=1,AC38,0) -> 0 | AG38: =IF(AE38=1,AD38,0) -> 0 | AH38: =IF(AD38=0,"",IF(AD38=1,2,0))
A39: 3. Remediation activities are focused and MELC-based | AA39: FALSE | AB39: FALSE | AC39: =IF(AA39="","",IF(AA39=TRUE,1,0)) -> 0 | AD39: =IF(AB39="","",IF(AB39=TRUE,0.5,0)) -> 0 | AE39: =SUM(AC39:AD39) -> 0 | AF39: =IF(AE39=1,AC39,0) -> 0 | AG39: =IF(AE39=1,AD39,0) -> 0 | AH39: =IF(AD39=0,"",IF(AD39=1,2,0))
A40: 4. Progress of learners is regularly monitored | AA40: FALSE | AB40: FALSE | AC40: =IF(AA40="","",IF(AA40=TRUE,1,0)) -> 0 | AD40: =IF(AB40="","",IF(AB40=TRUE,0.5,0)) -> 0 | AE40: =SUM(AC40:AD40) -> 0 | AF40: =IF(AE40=1,AC40,0) -> 0 | AG40: =IF(AE40=1,AD40,0) -> 0 | AH40: =IF(AD40=0,"",IF(AD40=1,2,0))
AA41: FALSE | AB41: FALSE | AC41: =IF(AA41="","",IF(AA41=TRUE,1,0)) -> 0 | AD41: =IF(AB41="","",IF(AB41=TRUE,0.5,0)) -> 0 | AE41: =SUM(AC41:AD41) -> 0 | AF41: =IF(AE41=1,AC41,0) -> 0 | AG41: =IF(AE41=1,AD41,0) -> 0 | AH41: =IF(AD41=0,"",IF(AD41=1,2,0))
A42: E. DATA UTILIZATION (LAC & INSTRUCTIONAL ADJUSTMENT) | B42: =AF42 -> 0 | C42: =AG42 -> 0 | AC42: =IF(AA42="","",IF(AA42=TRUE,1,0)) | AD42: =IF(AB42="","",IF(AB42=TRUE,1,0)) | AF42: =SUM(AF37:AF41) -> 0 | AG42: =SUM(AG37:AG41) -> 0
A43: Indicator | B43: Yes | C43: No | D43: Remarks/Evidence | AC43: =IF(AA43="","",IF(AA43=TRUE,1,0)) | AD43: =IF(AB43="","",IF(AB43=TRUE,1,0))
A44: 1. Quarterly data review meetings are conducted | AA44: FALSE | AB44: FALSE | AC44: =IF(AA44="","",IF(AA44=TRUE,1,0)) -> 0 | AD44: =IF(AB44="","",IF(AB44=TRUE,0.5,0)) -> 0 | AE44: =SUM(AC44:AD44) -> 0 | AF44: =IF(AE44=1,AC44,0) -> 0 | AG44: =IF(AE44=1,AD44,0) -> 0 | AH44: =IF(AD44=0,"",IF(AD44=1,2,0))
A45: 2. LAC sessions include data discussion | AA45: FALSE | AB45: FALSE | AC45: =IF(AA45="","",IF(AA45=TRUE,1,0)) -> 0 | AD45: =IF(AB45="","",IF(AB45=TRUE,0.5,0)) -> 0 | AE45: =SUM(AC45:AD45) -> 0 | AF45: =IF(AE45=1,AC45,0) -> 0 | AG45: =IF(AE45=1,AD45,0) -> 0 | AH45: =IF(AD45=0,"",IF(AD45=1,2,0))
A46: 3. Instruction is adjusted based on data | AA46: FALSE | AB46: FALSE | AC46: =IF(AA46="","",IF(AA46=TRUE,1,0)) -> 0 | AD46: =IF(AB46="","",IF(AB46=TRUE,0.5,0)) -> 0 | AE46: =SUM(AC46:AD46) -> 0 | AF46: =IF(AE46=1,AC46,0) -> 0 | AG46: =IF(AE46=1,AD46,0) -> 0 | AH46: =IF(AD46=0,"",IF(AD46=1,2,0))
A47: 4. LAC minutes reflect data-based decisions | AA47: FALSE | AB47: FALSE | AC47: =IF(AA47="","",IF(AA47=TRUE,1,0)) -> 0 | AD47: =IF(AB47="","",IF(AB47=TRUE,0.5,0)) -> 0 | AE47: =SUM(AC47:AD47) -> 0 | AF47: =IF(AE47=1,AC47,0) -> 0 | AG47: =IF(AE47=1,AD47,0) -> 0 | AH47: =IF(AD47=0,"",IF(AD47=1,2,0))
AA48: FALSE | AB48: FALSE | AC48: =IF(AA48="","",IF(AA48=TRUE,1,0)) -> 0 | AD48: =IF(AB48="","",IF(AB48=TRUE,0.5,0)) -> 0 | AE48: =SUM(AC48:AD48) -> 0 | AF48: =IF(AE48=1,AC48,0) -> 0 | AG48: =IF(AE48=1,AD48,0) -> 0 | AH48: =IF(AD48=0,"",IF(AD48=1,2,0))
A49: F. LEARNING RESOURCE (LR) QUALITY & UTILIZATION | B49: =AF49 -> 0 | C49: =AG49 -> 0 | AC49: =IF(AA49="","",IF(AA49=TRUE,1,0)) | AD49: =IF(AB49="","",IF(AB49=TRUE,1,0)) | AF49: =SUM(AF44:AF48) -> 0 | AG49: =SUM(AG44:AG48) -> 0
A50: Indicator | B50: Yes | C50: No | D50: Remarks/Evidence | AC50: =IF(AA50="","",IF(AA50=TRUE,1,0)) | AD50: =IF(AB50="","",IF(AB50=TRUE,1,0))
A51: 1. LRs clearly indicate MELC | AA51: FALSE | AB51: FALSE | AC51: =IF(AA51="","",IF(AA51=TRUE,1,0)) -> 0 | AD51: =IF(AB51="","",IF(AB51=TRUE,0.5,0)) -> 0 | AE51: =SUM(AC51:AD51) -> 0 | AF51: =IF(AE51=1,AC51,0) -> 0 | AG51: =IF(AE51=1,AD51,0) -> 0 | AH51: =IF(AD51=0,"",IF(AD51=1,2,0))
A52: 2. One MELC is targeted per LR | AA52: FALSE | AB52: FALSE | AC52: =IF(AA52="","",IF(AA52=TRUE,1,0)) -> 0 | AD52: =IF(AB52="","",IF(AB52=TRUE,0.5,0)) -> 0 | AE52: =SUM(AC52:AD52) -> 0 | AF52: =IF(AE52=1,AC52,0) -> 0 | AG52: =IF(AE52=1,AD52,0) -> 0 | AH52: =IF(AD52=0,"",IF(AD52=1,2,0))
A53: 3. LRs include embedded assessment (rubrics/checks) | AA53: FALSE | AB53: FALSE | AC53: =IF(AA53="","",IF(AA53=TRUE,1,0)) -> 0 | AD53: =IF(AB53="","",IF(AB53=TRUE,0.5,0)) -> 0 | AE53: =SUM(AC53:AD53) -> 0 | AF53: =IF(AE53=1,AC53,0) -> 0 | AG53: =IF(AE53=1,AD53,0) -> 0 | AH53: =IF(AD53=0,"",IF(AD53=1,2,0))
A54: 4. School conducts LR pre-validation | AA54: FALSE | AB54: FALSE | AC54: =IF(AA54="","",IF(AA54=TRUE,1,0)) -> 0 | AD54: =IF(AB54="","",IF(AB54=TRUE,0.5,0)) -> 0 | AE54: =SUM(AC54:AD54) -> 0 | AF54: =IF(AE54=1,AC54,0) -> 0 | AG54: =IF(AE54=1,AD54,0) -> 0 | AH54: =IF(AD54=0,"",IF(AD54=1,2,0))
A55: 5. CID-validated LRs are used in lessons | AA55: FALSE | AB55: FALSE | AC55: =IF(AA55="","",IF(AA55=TRUE,1,0)) -> 0 | AD55: =IF(AB55="","",IF(AB55=TRUE,0.5,0)) -> 0 | AE55: =SUM(AC55:AD55) -> 0 | AF55: =IF(AE55=1,AC55,0) -> 0 | AG55: =IF(AE55=1,AD55,0) -> 0 | AH55: =IF(AD55=0,"",IF(AD55=1,2,0))
A56: G. TECHNICAL ASSISTANCE (TA) IMPLEMENTATION | B56: =AF56 -> 0 | C56: =AG56 -> 0 | AC56: =IF(AA56="","",IF(AA56=TRUE,1,0)) | AD56: =IF(AB56="","",IF(AB56=TRUE,1,0)) | AF56: =SUM(AF51:AF55) -> 0 | AG56: =SUM(AG51:AG55) -> 0
A57: Indicator | B57: Yes | C57: No | D57: Remarks/Evidence | AC57: =IF(AA57="","",IF(AA57=TRUE,1,0)) | AD57: =IF(AB57="","",IF(AB57=TRUE,1,0))
A58: 1. Baseline data prepared before TA Round 1 | AA58: FALSE | AB58: FALSE | AC58: =IF(AA58="","",IF(AA58=TRUE,1,0)) -> 0 | AD58: =IF(AB58="","",IF(AB58=TRUE,0.5,0)) -> 0 | AE58: =SUM(AC58:AD58) -> 0 | AF58: =IF(AE58=1,AC58,0) -> 0 | AG58: =IF(AE58=1,AD58,0) -> 0 | AH58: =IF(AD58=0,"",IF(AD58=1,2,0))
A59: 2. Priority instructional gaps identified (2–3 only) | AA59: FALSE | AB59: FALSE | AC59: =IF(AA59="","",IF(AA59=TRUE,1,0)) -> 0 | AD59: =IF(AB59="","",IF(AB59=TRUE,0.5,0)) -> 0 | AE59: =SUM(AC59:AD59) -> 0 | AF59: =IF(AE59=1,AC59,0) -> 0 | AG59: =IF(AE59=1,AD59,0) -> 0 | AH59: =IF(AD59=0,"",IF(AD59=1,2,0))
A60: 3. TA recommendations are applied in class | AA60: FALSE | AB60: FALSE | AC60: =IF(AA60="","",IF(AA60=TRUE,1,0)) -> 0 | AD60: =IF(AB60="","",IF(AB60=TRUE,0.5,0)) -> 0 | AE60: =SUM(AC60:AD60) -> 0 | AF60: =IF(AE60=1,AC60,0) -> 0 | AG60: =IF(AE60=1,AD60,0) -> 0 | AH60: =IF(AD60=0,"",IF(AD60=1,2,0))
A61: 4. Evidence of implementation is available for TA Round 2 | AA61: FALSE | AB61: FALSE | AC61: =IF(AA61="","",IF(AA61=TRUE,1,0)) -> 0 | AD61: =IF(AB61="","",IF(AB61=TRUE,0.5,0)) -> 0 | AE61: =SUM(AC61:AD61) -> 0 | AF61: =IF(AE61=1,AC61,0) -> 0 | AG61: =IF(AE61=1,AD61,0) -> 0 | AH61: =IF(AD61=0,"",IF(AD61=1,2,0))
AA62: FALSE | AB62: FALSE | AC62: =IF(AA62="","",IF(AA62=TRUE,1,0)) -> 0 | AD62: =IF(AB62="","",IF(AB62=TRUE,0.5,0)) -> 0 | AE62: =SUM(AC62:AD62) -> 0 | AF62: =IF(AE62=1,AC62,0) -> 0 | AG62: =IF(AE62=1,AD62,0) -> 0 | AH62: =IF(AD62=0,"",IF(AD62=1,2,0))
A63: H. INSTRUCTIONAL LEADERSHIP & MONITORING | B63: =AF63 -> 0 | C63: =AG63 -> 0 | AC63: =IF(AA63="","",IF(AA63=TRUE,1,0)) | AD63: =IF(AB63="","",IF(AB63=TRUE,1,0)) | AF63: =SUM(AF58:AF62) -> 0 | AG63: =SUM(AG58:AG62) -> 0
A64: Indicator | B64: Yes | C64: No | D64: Remarks/Evidence | AC64: =IF(AA64="","",IF(AA64=TRUE,1,0)) | AD64: =IF(AB64="","",IF(AB64=TRUE,1,0))
A65: 1. Lesson plans are regularly reviewed | AA65: FALSE | AB65: FALSE | AC65: =IF(AA65="","",IF(AA65=TRUE,1,0)) -> 0 | AD65: =IF(AB65="","",IF(AB65=TRUE,0.5,0)) -> 0 | AE65: =SUM(AC65:AD65) -> 0 | AF65: =IF(AE65=1,AC65,0) -> 0 | AG65: =IF(AE65=1,AD65,0) -> 0 | AH65: =IF(AD65=0,"",IF(AD65=1,2,0))
A66: 2. Classroom observations are conducted | AA66: FALSE | AB66: FALSE | AC66: =IF(AA66="","",IF(AA66=TRUE,1,0)) -> 0 | AD66: =IF(AB66="","",IF(AB66=TRUE,0.5,0)) -> 0 | AE66: =SUM(AC66:AD66) -> 0 | AF66: =IF(AE66=1,AC66,0) -> 0 | AG66: =IF(AE66=1,AD66,0) -> 0 | AH66: =IF(AD66=0,"",IF(AD66=1,2,0))
A67: 3. Feedback is provided to teachers | AA67: FALSE | AB67: FALSE | AC67: =IF(AA67="","",IF(AA67=TRUE,1,0)) -> 0 | AD67: =IF(AB67="","",IF(AB67=TRUE,0.5,0)) -> 0 | AE67: =SUM(AC67:AD67) -> 0 | AF67: =IF(AE67=1,AC67,0) -> 0 | AG67: =IF(AE67=1,AD67,0) -> 0 | AH67: =IF(AD67=0,"",IF(AD67=1,2,0))
A68: 4. Remediation implementation is monitored | AA68: FALSE | AB68: FALSE | AC68: =IF(AA68="","",IF(AA68=TRUE,1,0)) -> 0 | AD68: =IF(AB68="","",IF(AB68=TRUE,0.5,0)) -> 0 | AE68: =SUM(AC68:AD68) -> 0 | AF68: =IF(AE68=1,AC68,0) -> 0 | AG68: =IF(AE68=1,AD68,0) -> 0 | AH68: =IF(AD68=0,"",IF(AD68=1,2,0))
A69: 5. SIP/AIP, LAC, and TA plans are aligned | AA69: FALSE | AB69: FALSE | AC69: =IF(AA69="","",IF(AA69=TRUE,1,0)) -> 0 | AD69: =IF(AB69="","",IF(AB69=TRUE,0.5,0)) -> 0 | AE69: =SUM(AC69:AD69) -> 0 | AF69: =IF(AE69=1,AC69,0) -> 0 | AG69: =IF(AE69=1,AD69,0) -> 0 | AH69: =IF(AD69=0,"",IF(AD69=1,2,0))
A70: I. OVERALL DATA-TO-ACTION CYCLE | B70: =AF70 -> 0 | C70: =AG70 -> 0 | AC70: =IF(AA70="","",IF(AA70=TRUE,1,0)) | AD70: =IF(AB70="","",IF(AB70=TRUE,1,0)) | AF70: =SUM(AF65:AF69) -> 0 | AG70: =SUM(AG65:AG69) -> 0
A71: Indicator | B71: Yes | C71: No | D71: Remarks/Evidence | AC71: =IF(AA71="","",IF(AA71=TRUE,1,0)) | AD71: =IF(AB71="","",IF(AB71=TRUE,1,0))
A72: 1. Data is analyzed regularly | AA72: FALSE | AB72: FALSE | AC72: =IF(AA72="","",IF(AA72=TRUE,1,0)) -> 0 | AD72: =IF(AB72="","",IF(AB72=TRUE,0.5,0)) -> 0 | AE72: =SUM(AC72:AD72) -> 0 | AF72: =IF(AE72=1,AC72,0) -> 0 | AG72: =IF(AE72=1,AD72,0) -> 0 | AH72: =IF(AD72=0,"",IF(AD72=1,2,0))
A73: 2. Priority gaps are clearly identified | AA73: FALSE | AB73: FALSE | AC73: =IF(AA73="","",IF(AA73=TRUE,1,0)) -> 0 | AD73: =IF(AB73="","",IF(AB73=TRUE,0.5,0)) -> 0 | AE73: =SUM(AC73:AD73) -> 0 | AF73: =IF(AE73=1,AC73,0) -> 0 | AG73: =IF(AE73=1,AD73,0) -> 0 | AH73: =IF(AD73=0,"",IF(AD73=1,2,0))
A74: 3. Instructional adjustments are implemented | AA74: FALSE | AB74: FALSE | AC74: =IF(AA74="","",IF(AA74=TRUE,1,0)) -> 0 | AD74: =IF(AB74="","",IF(AB74=TRUE,0.5,0)) -> 0 | AE74: =SUM(AC74:AD74) -> 0 | AF74: =IF(AE74=1,AC74,0) -> 0 | AG74: =IF(AE74=1,AD74,0) -> 0 | AH74: =IF(AD74=0,"",IF(AD74=1,2,0))
A75: 4. Impact is monitored and reviewed | AA75: FALSE | AB75: FALSE | AC75: =IF(AA75="","",IF(AA75=TRUE,1,0)) -> 0 | AD75: =IF(AB75="","",IF(AB75=TRUE,0.5,0)) -> 0 | AE75: =SUM(AC75:AD75) -> 0 | AF75: =IF(AE75=1,AC75,0) -> 0 | AG75: =IF(AE75=1,AD75,0) -> 0 | AH75: =IF(AD75=0,"",IF(AD75=1,2,0))
AA76: FALSE | AB76: FALSE | AC76: =IF(AA76="","",IF(AA76=TRUE,1,0)) -> 0 | AD76: =IF(AB76="","",IF(AB76=TRUE,0.5,0)) -> 0 | AE76: =SUM(AC76:AD76) -> 0 | AF76: =IF(AE76=1,AC76,0) -> 0 | AG76: =IF(AE76=1,AD76,0) -> 0 | AH76: =IF(AD76=0,"",IF(AD76=1,2,0))
A77: SUMMARY OF FINDINGS | B77: =AF77 -> 0 | C77: =AG77 -> 0 | AF77: =SUM(AF71:AF76) -> 0 | AG77: =SUM(AG71:AG76) -> 0
A78: Strengths:
AF79: =SUM(AF21,AF28,AF35,AF42,AF49,AF56,AF63,AF70,AF77) -> 0 | AG79: =SUM(AG21,AG28,AG35,AG42,AG49,AG56,AG63,AG70,AG77) -> 0
A80: Areas for Improvement:
A82: Agreed Next Action (Next Quarter):
A85: Prepared by: | B85: Noted by:
A87: NAME OF SCHOOL HEAD | C87: RUFINO T. TUDLASAN PhD
A88: School Principal | C88: Education Program Supervisor
C91: RONIL D. MANAYON DevEdD
C92: PSDS, WEST 1 Secondary

Sheet CABANCALAN I ES
A5: Republic of the Philippines
A6: Department of Education
A8: SCHOOLS DIVISION OF MANDAUE CITY
A10: CURRICULUM, INSTRUCTION, AND ASSESSMENT MONITORING CHECKLIST
A11: School: | B11: CABANCALAN ELEMENTARY SCHOOL 1
A12: Quarter:
A13: Monitored by:
A14: A. CURRICULUM–INSTRUCTION–ASSESSMENT ALIGNMENT
A15: Indicator | B15: Yes | C15: No | D15: Remarks/Evidence
A16: 1. MELC mapping (Planned vs Taught vs Assessed) is conducted | AA16: FALSE | AB16: FALSE | AC16: =IF(AA16="","",IF(AA16=TRUE,1,0)) -> 0 | AD16: =IF(AB16="","",IF(AB16=TRUE,0.5,0)) -> 0 | AE16: =SUM(AC16:AD16) -> 0 | AF16: =IF(AE16=1,AC16,0) -> 0 | AG16: =IF(AE16=1,AD16,0) -> 0 | AH16: =IF(AD16=0,"",IF(AD16=1,2,0))
A17: 2. All MELCs are reflected in lesson plans | AA17: FALSE | AB17: FALSE | AC17: =IF(AA17="","",IF(AA17=TRUE,1,0)) -> 0 | AD17: =IF(AB17="","",IF(AB17=TRUE,0.5,0)) -> 0 | AE17: =SUM(AC17:AD17) -> 0 | AF17: =IF(AE17=1,AC17,0) -> 0 | AG17: =IF(AE17=1,AD17,0) -> 0 | AH17: =IF(AD17=0,"",IF(AD17=1,2,0))
A18: 3. Assessments are aligned with taught MELCs | AA18: FALSE | AB18: FALSE | AC18: =IF(AA18="","",IF(AA18=TRUE,1,0)) -> 0 | AD18: =IF(AB18="","",IF(AB18=TRUE,0.5,0)) -> 0 | AE18: =SUM(AC18:AD18) -> 0 | AF18: =IF(AE18=1,AC18,0) -> 0 | AG18: =IF(AE18=1,AD18,0) -> 0 | AH18: =IF(AD18=0,"",IF(AD18=1,2,0))
A19: 4. High-frequency NAT MELCs are prioritized | AA19: FALSE | AB19: FALSE | AC19: =IF(AA19="","",IF(AA19=TRUE,1,0)) -> 0 | AD19: =IF(AB19="","",IF(AB19=TRUE,0.5,0)) -> 0 | AE19: =SUM(AC19:AD19) -> 0 | AF19: =IF(AE19=1,AC19,0) -> 0 | AG19: =IF(AE19=1,AD19,0) -> 0 | AH19: =IF(AD19=0,"",IF(AD19=1,2,0))
AA20: FALSE | AB20: FALSE | AC20: =IF(AA20="","",IF(AA20=TRUE,1,0)) -> 0 | AD20: =IF(AB20="","",IF(AB20=TRUE,0.5,0)) -> 0 | AE20: =SUM(AC20:AD20) -> 0 | AF20: =IF(AE20=1,AC20,0) -> 0 | AG20: =IF(AE20=1,AD20,0) -> 0 | AH20: =IF(AD20=0,"",IF(AD20=1,2,0))
A21: B. ASSESSMENT QUALITY (HOTS-BASED) | B21: =AF21 -> 0 | C21: =AG21 -> 0 | AC21: =IF(AA21="","",IF(AA21=TRUE,1,0)) | AD21: =IF(AB21="","",IF(AB21=TRUE,1,0)) | AF21: =SUM(AF16:AF20) -> 0 | AG21: =SUM(AG16:AG20) -> 0
A22: Indicator | B22: Yes | C22: No | D22: Remarks/Evidence | AC22: =IF(AA22="","",IF(AA22=TRUE,1,0)) | AD22: =IF(AB22="","",IF(AB22=TRUE,1,0))
A23: 1. Classroom tests include 40–50% HOTS items | AA23: FALSE | AB23: FALSE | AC23: =IF(AA23="","",IF(AA23=TRUE,1,0)) -> 0 | AD23: =IF(AB23="","",IF(AB23=TRUE,0.5,0)) -> 0 | AE23: =SUM(AC23:AD23) -> 0 | AF23: =IF(AE23=1,AC23,0) -> 0 | AG23: =IF(AE23=1,AD23,0) -> 0 | AH23: =IF(AD23=0,"",IF(AD23=1,2,0))
A24: 2. Test items reflect application, analysis, interpretation | AA24: FALSE | AB24: FALSE | AC24: =IF(AA24="","",IF(AA24=TRUE,1,0)) -> 0 | AD24: =IF(AB24="","",IF(AB24=TRUE,0.5,0)) -> 0 | AE24: =SUM(AC24:AD24) -> 0 | AF24: =IF(AE24=1,AC24,0) -> 0 | AG24: =IF(AE24=1,AD24,0) -> 0 | AH24: =IF(AD24=0,"",IF(AD24=1,2,0))
A25: 3. NAT-like test items are used | AA25: FALSE | AB25: FALSE | AC25: =IF(AA25="","",IF(AA25=TRUE,1,0)) -> 0 | AD25: =IF(AB25="","",IF(AB25=TRUE,0.5,0)) -> 0 | AE25: =SUM(AC25:AD25) -> 0 | AF25: =IF(AE25=1,AC25,0) -> 0 | AG25: =IF(AE25=1,AD25,0) -> 0 | AH25: =IF(AD25=0,"",IF(AD25=1,2,0))
A26: 4. Item analysis is conducted after assessments | AA26: FALSE | AB26: FALSE | AC26: =IF(AA26="","",IF(AA26=TRUE,1,0)) -> 0 | AD26: =IF(AB26="","",IF(AB26=TRUE,0.5,0)) -> 0 | AE26: =SUM(AC26:AD26) -> 0 | AF26: =IF(AE26=1,AC26,0) -> 0 | AG26: =IF(AE26=1,AD26,0) -> 0 | AH26: =IF(AD26=0,"",IF(AD26=1,2,0))
AA27: FALSE | AB27: FALSE | AC27: =IF(AA27="","",IF(AA27=TRUE,1,0)) -> 0 | AD27: =IF(AB27="","",IF(AB27=TRUE,0.5,0)) -> 0 | AE27: =SUM(AC27:AD27) -> 0 | AF27: =IF(AE27=1,AC27,0) -> 0 | AG27: =IF(AE27=1,AD27,0) -> 0 | AH27: =IF(AD27=0,"",IF(AD27=1,2,0))
A28: C. READING ACROSS LEARNING AREAS | B28: =AF28 -> 0 | C28: =AG28 -> 0 | AC28: =IF(AA28="","",IF(AA28=TRUE,1,0)) | AD28: =IF(AB28="","",IF(AB28=TRUE,1,0)) | AF28: =SUM(AF23:AF27) -> 0 | AG28: =SUM(AG23:AG27) -> 0
A29: Indicator | B29: Yes | C29: No | D29: Remarks/Evidence | AC29: =IF(AA29="","",IF(AA29=TRUE,1,0)) | AD29: =IF(AB29="","",IF(AB29=TRUE,1,0))
A30: 1. Reading strategies are integrated in all subjects | AA30: FALSE | AB30: FALSE | AC30: =IF(AA30="","",IF(AA30=TRUE,1,0)) -> 0 | AD30: =IF(AB30="","",IF(AB30=TRUE,0.5,0)) -> 0 | AE30: =SUM(AC30:AD30) -> 0 | AF30: =IF(AE30=1,AC30,0) -> 0 | AG30: =IF(AE30=1,AD30,0) -> 0 | AH30: =IF(AD30=0,"",IF(AD30=1,2,0))
A31: 2. Vocabulary is pre-taught before lessons | AA31: FALSE | AB31: FALSE | AC31: =IF(AA31="","",IF(AA31=TRUE,1,0)) -> 0 | AD31: =IF(AB31="","",IF(AB31=TRUE,0.5,0)) -> 0 | AE31: =SUM(AC31:AD31) -> 0 | AF31: =IF(AE31=1,AC31,0) -> 0 | AG31: =IF(AE31=1,AD31,0) -> 0 | AH31: =IF(AD31=0,"",IF(AD31=1,2,0))
A32: 3. Learners explain answers in words | AA32: FALSE | AB32: FALSE | AC32: =IF(AA32="","",IF(AA32=TRUE,1,0)) -> 0 | AD32: =IF(AB32="","",IF(AB32=TRUE,0.5,0)) -> 0 | AE32: =SUM(AC32:AD32) -> 0 | AF32: =IF(AE32=1,AC32,0) -> 0 | AG32: =IF(AE32=1,AD32,0) -> 0 | AH32: =IF(AD32=0,"",IF(AD32=1,2,0))
A33: 4. Learners justify solutions/answers | AA33: FALSE | AB33: FALSE | AC33: =IF(AA33="","",IF(AA33=TRUE,1,0)) -> 0 | AD33: =IF(AB33="","",IF(AB33=TRUE,0.5,0)) -> 0 | AE33: =SUM(AC33:AD33) -> 0 | AF33: =IF(AE33=1,AC33,0) -> 0 | AG33: =IF(AE33=1,AD33,0) -> 0 | AH33: =IF(AD33=0,"",IF(AD33=1,2,0))
AA34: FALSE | AB34: FALSE | AC34: =IF(AA34="","",IF(AA34=TRUE,1,0)) -> 0 | AD34: =IF(AB34="","",IF(AB34=TRUE,0.5,0)) -> 0 | AE34: =SUM(AC34:AD34) -> 0 | AF34: =IF(AE34=1,AC34,0) -> 0 | AG34: =IF(AE34=1,AD34,0) -> 0 | AH34: =IF(AD34=0,"",IF(AD34=1,2,0))
A35: D. TARGETED REMEDIATION | B35: =AF35 -> 0 | C35: =AG35 -> 0 | AC35: =IF(AA35="","",IF(AA35=TRUE,1,0)) | AD35: =IF(AB35="","",IF(AB35=TRUE,1,0)) | AF35: =SUM(AF30:AF34) -> 0 | AG35: =SUM(AG30:AG34) -> 0
A36: Indicator | B36: Yes | C36: No | D36: Remarks/Evidence | AC36: =IF(AA36="","",IF(AA36=TRUE,1,0)) | AD36: =IF(AB36="","",IF(AB36=TRUE,1,0))
A37: 1. Item analysis identifies specific MELC gaps | AA37: FALSE | AB37: FALSE | AC37: =IF(AA37="","",IF(AA37=TRUE,1,0)) -> 0 | AD37: =IF(AB37="","",IF(AB37=TRUE,0.5,0)) -> 0 | AE37: =SUM(AC37:AD37) -> 0 | AF37: =IF(AE37=1,AC37,0) -> 0 | AG37: =IF(AE37=1,AD37,0) -> 0 | AH37: =IF(AD37=0,"",IF(AD37=1,2,0))
A38: 2. Learners are grouped based on skill gaps | AA38: FALSE | AB38: FALSE | AC38: =IF(AA38="","",IF(AA38=TRUE,1,0)) -> 0 | AD38: =IF(AB38="","",IF(AB38=TRUE,0.5,0)) -> 0 | AE38: =SUM(AC38:AD38) -> 0 | AF38: =IF(AE38=1,AC38,0) -> 0 | AG38: =IF(AE38=1,AD38,0) -> 0 | AH38: =IF(AD38=0,"",IF(AD38=1,2,0))
A39: 3. Remediation activities are focused and MELC-based | AA39: FALSE | AB39: FALSE | AC39: =IF(AA39="","",IF(AA39=TRUE,1,0)) -> 0 | AD39: =IF(AB39="","",IF(AB39=TRUE,0.5,0)) -> 0 | AE39: =SUM(AC39:AD39) -> 0 | AF39: =IF(AE39=1,AC39,0) -> 0 | AG39: =IF(AE39=1,AD39,0) -> 0 | AH39: =IF(AD39=0,"",IF(AD39=1,2,0))
A40: 4. Progress of learners is regularly monitored | AA40: FALSE | AB40: FALSE | AC40: =IF(AA40="","",IF(AA40=TRUE,1,0)) -> 0 | AD40: =IF(AB40="","",IF(AB40=TRUE,0.5,0)) -> 0 | AE40: =SUM(AC40:AD40) -> 0 | AF40: =IF(AE40=1,AC40,0) -> 0 | AG40: =IF(AE40=1,AD40,0) -> 0 | AH40: =IF(AD40=0,"",IF(AD40=1,2,0))
AA41: FALSE | AB41: FALSE | AC41: =IF(AA41="","",IF(AA41=TRUE,1,0)) -> 0 | AD41: =IF(AB41="","",IF(AB41=TRUE,0.5,0)) -> 0 | AE41: =SUM(AC41:AD41) -> 0 | AF41: =IF(AE41=1,AC41,0) -> 0 | AG41: =IF(AE41=1,AD41,0) -> 0 | AH41: =IF(AD41=0,"",IF(AD41=1,2,0))
A42: E. DATA UTILIZATION (LAC & INSTRUCTIONAL ADJUSTMENT) | B42: =AF42 -> 0 | C42: =AG42 -> 0 | AC42: =IF(AA42="","",IF(AA42=TRUE,1,0)) | AD42: =IF(AB42="","",IF(AB42=TRUE,1,0)) | AF42: =SUM(AF37:AF41) -> 0 | AG42: =SUM(AG37:AG41) -> 0
A43: Indicator | B43: Yes | C43: No | D43: Remarks/Evidence | AC43: =IF(AA43="","",IF(AA43=TRUE,1,0)) | AD43: =IF(AB43="","",IF(AB43=TRUE,1,0))
A44: 1. Quarterly data review meetings are conducted | AA44: FALSE | AB44: FALSE | AC44: =IF(AA44="","",IF(AA44=TRUE,1,0)) -> 0 | AD44: =IF(AB44="","",IF(AB44=TRUE,0.5,0)) -> 0 | AE44: =SUM(AC44:AD44) -> 0 | AF44: =IF(AE44=1,AC44,0) -> 0 | AG44: =IF(AE44=1,AD44,0) -> 0 | AH44: =IF(AD44=0,"",IF(AD44=1,2,0))
A45: 2. LAC sessions include data discussion | AA45: FALSE | AB45: FALSE | AC45: =IF(AA45="","",IF(AA45=TRUE,1,0)) -> 0 | AD45: =IF(AB45="","",IF(AB45=TRUE,0.5,0)) -> 0 | AE45: =SUM(AC45:AD45) -> 0 | AF45: =IF(AE45=1,AC45,0) -> 0 | AG45: =IF(AE45=1,AD45,0) -> 0 | AH45: =IF(AD45=0,"",IF(AD45=1,2,0))
A46: 3. Instruction is adjusted based on data | AA46: FALSE | AB46: FALSE | AC46: =IF(AA46="","",IF(AA46=TRUE,1,0)) -> 0 | AD46: =IF(AB46="","",IF(AB46=TRUE,0.5,0)) -> 0 | AE46: =SUM(AC46:AD46) -> 0 | AF46: =IF(AE46=1,AC46,0) -> 0 | AG46: =IF(AE46=1,AD46,0) -> 0 | AH46: =IF(AD46=0,"",IF(AD46=1,2,0))
A47: 4. LAC minutes reflect data-based decisions | AA47: FALSE | AB47: FALSE | AC47: =IF(AA47="","",IF(AA47=TRUE,1,0)) -> 0 | AD47: =IF(AB47="","",IF(AB47=TRUE,0.5,0)) -> 0 | AE47: =SUM(AC47:AD47) -> 0 | AF47: =IF(AE47=1,AC47,0) -> 0 | AG47: =IF(AE47=1,AD47,0) -> 0 | AH47: =IF(AD47=0,"",IF(AD47=1,2,0))
AA48: FALSE | AB48: FALSE | AC48: =IF(AA48="","",IF(AA48=TRUE,1,0)) -> 0 | AD48: =IF(AB48="","",IF(AB48=TRUE,0.5,0)) -> 0 | AE48: =SUM(AC48:AD48) -> 0 | AF48: =IF(AE48=1,AC48,0) -> 0 | AG48: =IF(AE48=1,AD48,0) -> 0 | AH48: =IF(AD48=0,"",IF(AD48=1,2,0))
A49: F. LEARNING RESOURCE (LR) QUALITY & UTILIZATION | B49: =AF49 -> 0 | C49: =AG49 -> 0 | AC49: =IF(AA49="","",IF(AA49=TRUE,1,0)) | AD49: =IF(AB49="","",IF(AB49=TRUE,1,0)) | AF49: =SUM(AF44:AF48) -> 0 | AG49: =SUM(AG44:AG48) -> 0
A50: Indicator | B50: Yes | C50: No | D50: Remarks/Evidence | AC50: =IF(AA50="","",IF(AA50=TRUE,1,0)) | AD50: =IF(AB50="","",IF(AB50=TRUE,1,0))
A51: 1. LRs clearly indicate MELC | AA51: FALSE | AB51: FALSE | AC51: =IF(AA51="","",IF(AA51=TRUE,1,0)) -> 0 | AD51: =IF(AB51="","",IF(AB51=TRUE,0.5,0)) -> 0 | AE51: =SUM(AC51:AD51) -> 0 | AF51: =IF(AE51=1,AC51,0) -> 0 | AG51: =IF(AE51=1,AD51,0) -> 0 | AH51: =IF(AD51=0,"",IF(AD51=1,2,0))
A52: 2. One MELC is targeted per LR | AA52: FALSE | AB52: FALSE | AC52: =IF(AA52="","",IF(AA52=TRUE,1,0)) -> 0 | AD52: =IF(AB52="","",IF(AB52=TRUE,0.5,0)) -> 0 | AE52: =SUM(AC52:AD52) -> 0 | AF52: =IF(AE52=1,AC52,0) -> 0 | AG52: =IF(AE52=1,AD52,0) -> 0 | AH52: =IF(AD52=0,"",IF(AD52=1,2,0))
A53: 3. LRs include embedded assessment (rubrics/checks) | AA53: FALSE | AB53: FALSE | AC53: =IF(AA53="","",IF(AA53=TRUE,1,0)) -> 0 | AD53: =IF(AB53="","",IF(AB53=TRUE,0.5,0)) -> 0 | AE53: =SUM(AC53:AD53) -> 0 | AF53: =IF(AE53=1,AC53,0) -> 0 | AG53: =IF(AE53=1,AD53,0) -> 0 | AH53: =IF(AD53=0,"",IF(AD53=1,2,0))
A54: 4. School conducts LR pre-validation | AA54: FALSE | AB54: FALSE | AC54: =IF(AA54="","",IF(AA54=TRUE,1,0)) -> 0 | AD54: =IF(AB54="","",IF(AB54=TRUE,0.5,0)) -> 0 | AE54: =SUM(AC54:AD54) -> 0 | AF54: =IF(AE54=1,AC54,0) -> 0 | AG54: =IF(AE54=1,AD54,0) -> 0 | AH54: =IF(AD54=0,"",IF(AD54=1,2,0))
A55: 5. CID-validated LRs are used in lessons | AA55: FALSE | AB55: FALSE | AC55: =IF(AA55="","",IF(AA55=TRUE,1,0)) -> 0 | AD55: =IF(AB55="","",IF(AB55=TRUE,0.5,0)) -> 0 | AE55: =SUM(AC55:AD55) -> 0 | AF55: =IF(AE55=1,AC55,0) -> 0 | AG55: =IF(AE55=1,AD55,0) -> 0 | AH55: =IF(AD55=0,"",IF(AD55=1,2,0))
A56: G. TECHNICAL ASSISTANCE (TA) IMPLEMENTATION | B56: =AF56 -> 0 | C56: =AG56 -> 0 | AC56: =IF(AA56="","",IF(AA56=TRUE,1,0)) | AD56: =IF(AB56="","",IF(AB56=TRUE,1,0)) | AF56: =SUM(AF51:AF55) -> 0 | AG56: =SUM(AG51:AG55) -> 0
A57: Indicator | B57: Yes | C57: No | D57: Remarks/Evidence | AC57: =IF(AA57="","",IF(AA57=TRUE,1,0)) | AD57: =IF(AB57="","",IF(AB57=TRUE,1,0))
A58: 1. Baseline data prepared before TA Round 1 | AA58: FALSE | AB58: FALSE | AC58: =IF(AA58="","",IF(AA58=TRUE,1,0)) -> 0 | AD58: =IF(AB58="","",IF(AB58=TRUE,0.5,0)) -> 0 | AE58: =SUM(AC58:AD58) -> 0 | AF58: =IF(AE58=1,AC58,0) -> 0 | AG58: =IF(AE58=1,AD58,0) -> 0 | AH58: =IF(AD58=0,"",IF(AD58=1,2,0))
A59: 2. Priority instructional gaps identified (2–3 only) | AA59: FALSE | AB59: FALSE | AC59: =IF(AA59="","",IF(AA59=TRUE,1,0)) -> 0 | AD59: =IF(AB59="","",IF(AB59=TRUE,0.5,0)) -> 0 | AE59: =SUM(AC59:AD59) -> 0 | AF59: =IF(AE59=1,AC59,0) -> 0 | AG59: =IF(AE59=1,AD59,0) -> 0 | AH59: =IF(AD59=0,"",IF(AD59=1,2,0))
A60: 3. TA recommendations are applied in class | AA60: FALSE | AB60: FALSE | AC60: =IF(AA60="","",IF(AA60=TRUE,1,0)) -> 0 | AD60: =IF(AB60="","",IF(AB60=TRUE,0.5,0)) -> 0 | AE60: =SUM(AC60:AD60) -> 0 | AF60: =IF(AE60=1,AC60,0) -> 0 | AG60: =IF(AE60=1,AD60,0) -> 0 | AH60: =IF(AD60=0,"",IF(AD60=1,2,0))
A61: 4. Evidence of implementation is available for TA Round 2 | AA61: FALSE | AB61: FALSE | AC61: =IF(AA61="","",IF(AA61=TRUE,1,0)) -> 0 | AD61: =IF(AB61="","",IF(AB61=TRUE,0.5,0)) -> 0 | AE61: =SUM(AC61:AD61) -> 0 | AF61: =IF(AE61=1,AC61,0) -> 0 | AG61: =IF(AE61=1,AD61,0) -> 0 | AH61: =IF(AD61=0,"",IF(AD61=1,2,0))
AA62: FALSE | AB62: FALSE | AC62: =IF(AA62="","",IF(AA62=TRUE,1,0)) -> 0 | AD62: =IF(AB62="","",IF(AB62=TRUE,0.5,0)) -> 0 | AE62: =SUM(AC62:AD62) -> 0 | AF62: =IF(AE62=1,AC62,0) -> 0 | AG62: =IF(AE62=1,AD62,0) -> 0 | AH62: =IF(AD62=0,"",IF(AD62=1,2,0))
A63: H. INSTRUCTIONAL LEADERSHIP & MONITORING | B63: =AF63 -> 0 | C63: =AG63 -> 0 | AC63: =IF(AA63="","",IF(AA63=TRUE,1,0)) | AD63: =IF(AB63="","",IF(AB63=TRUE,1,0)) | AF63: =SUM(AF58:AF62) -> 0 | AG63: =SUM(AG58:AG62) -> 0
A64: Indicator | B64: Yes | C64: No | D64: Remarks/Evidence | AC64: =IF(AA64="","",IF(AA64=TRUE,1,0)) | AD64: =IF(AB64="","",IF(AB64=TRUE,1,0))
A65: 1. Lesson plans are regularly reviewed | AA65: FALSE | AB65: FALSE | AC65: =IF(AA65="","",IF(AA65=TRUE,1,0)) -> 0 | AD65: =IF(AB65="","",IF(AB65=TRUE,0.5,0)) -> 0 | AE65: =SUM(AC65:AD65) -> 0 | AF65: =IF(AE65=1,AC65,0) -> 0 | AG65: =IF(AE65=1,AD65,0) -> 0 | AH65: =IF(AD65=0,"",IF(AD65=1,2,0))
A66: 2. Classroom observations are conducted | AA66: FALSE | AB66: FALSE | AC66: =IF(AA66="","",IF(AA66=TRUE,1,0)) -> 0 | AD66: =IF(AB66="","",IF(AB66=TRUE,0.5,0)) -> 0 | AE66: =SUM(AC66:AD66) -> 0 | AF66: =IF(AE66=1,AC66,0) -> 0 | AG66: =IF(AE66=1,AD66,0) -> 0 | AH66: =IF(AD66=0,"",IF(AD66=1,2,0))
A67: 3. Feedback is provided to teachers | AA67: FALSE | AB67: FALSE | AC67: =IF(AA67="","",IF(AA67=TRUE,1,0)) -> 0 | AD67: =IF(AB67="","",IF(AB67=TRUE,0.5,0)) -> 0 | AE67: =SUM(AC67:AD67) -> 0 | AF67: =IF(AE67=1,AC67,0) -> 0 | AG67: =IF(AE67=1,AD67,0) -> 0 | AH67: =IF(AD67=0,"",IF(AD67=1,2,0))
A68: 4. Remediation implementation is monitored | AA68: FALSE | AB68: FALSE | AC68: =IF(AA68="","",IF(AA68=TRUE,1,0)) -> 0 | AD68: =IF(AB68="","",IF(AB68=TRUE,0.5,0)) -> 0 | AE68: =SUM(AC68:AD68) -> 0 | AF68: =IF(AE68=1,AC68,0) -> 0 | AG68: =IF(AE68=1,AD68,0) -> 0 | AH68: =IF(AD68=0,"",IF(AD68=1,2,0))
A69: 5. SIP/AIP, LAC, and TA plans are aligned | AA69: FALSE | AB69: FALSE | AC69: =IF(AA69="","",IF(AA69=TRUE,1,0)) -> 0 | AD69: =IF(AB69="","",IF(AB69=TRUE,0.5,0)) -> 0 | AE69: =SUM(AC69:AD69) -> 0 | AF69: =IF(AE69=1,AC69,0) -> 0 | AG69: =IF(AE69=1,AD69,0) -> 0 | AH69: =IF(AD69=0,"",IF(AD69=1,2,0))
A70: I. OVERALL DATA-TO-ACTION CYCLE | B70: =AF70 -> 0 | C70: =AG70 -> 0 | AC70: =IF(AA70="","",IF(AA70=TRUE,1,0)) | AD70: =IF(AB70="","",IF(AB70=TRUE,1,0)) | AF70: =SUM(AF65:AF69) -> 0 | AG70: =SUM(AG65:AG69) -> 0
A71: Indicator | B71: Yes | C71: No | D71: Remarks/Evidence | AC71: =IF(AA71="","",IF(AA71=TRUE,1,0)) | AD71: =IF(AB71="","",IF(AB71=TRUE,1,0))
A72: 1. Data is analyzed regularly | AA72: FALSE | AB72: FALSE | AC72: =IF(AA72="","",IF(AA72=TRUE,1,0)) -> 0 | AD72: =IF(AB72="","",IF(AB72=TRUE,0.5,0)) -> 0 | AE72: =SUM(AC72:AD72) -> 0 | AF72: =IF(AE72=1,AC72,0) -> 0 | AG72: =IF(AE72=1,AD72,0) -> 0 | AH72: =IF(AD72=0,"",IF(AD72=1,2,0))
A73: 2. Priority gaps are clearly identified | AA73: FALSE | AB73: FALSE | AC73: =IF(AA73="","",IF(AA73=TRUE,1,0)) -> 0 | AD73: =IF(AB73="","",IF(AB73=TRUE,0.5,0)) -> 0 | AE73: =SUM(AC73:AD73) -> 0 | AF73: =IF(AE73=1,AC73,0) -> 0 | AG73: =IF(AE73=1,AD73,0) -> 0 | AH73: =IF(AD73=0,"",IF(AD73=1,2,0))
A74: 3. Instructional adjustments are implemented | AA74: FALSE | AB74: FALSE | AC74: =IF(AA74="","",IF(AA74=TRUE,1,0)) -> 0 | AD74: =IF(AB74="","",IF(AB74=TRUE,0.5,0)) -> 0 | AE74: =SUM(AC74:AD74) -> 0 | AF74: =IF(AE74=1,AC74,0) -> 0 | AG74: =IF(AE74=1,AD74,0) -> 0 | AH74: =IF(AD74=0,"",IF(AD74=1,2,0))
A75: 4. Impact is monitored and reviewed | AA75: FALSE | AB75: FALSE | AC75: =IF(AA75="","",IF(AA75=TRUE,1,0)) -> 0 | AD75: =IF(AB75="","",IF(AB75=TRUE,0.5,0)) -> 0 | AE75: =SUM(AC75:AD75) -> 0 | AF75: =IF(AE75=1,AC75,0) -> 0 | AG75: =IF(AE75=1,AD75,0) -> 0 | AH75: =IF(AD75=0,"",IF(AD75=1,2,0))
AA76: FALSE | AB76: FALSE | AC76: =IF(AA76="","",IF(AA76=TRUE,1,0)) -> 0 | AD76: =IF(AB76="","",IF(AB76=TRUE,0.5,0)) -> 0 | AE76: =SUM(AC76:AD76) -> 0 | AF76: =IF(AE76=1,AC76,0) -> 0 | AG76: =IF(AE76=1,AD76,0) -> 0 | AH76: =IF(AD76=0,"",IF(AD76=1,2,0))
A77: SUMMARY OF FINDINGS | B77: =AF77 -> 0 | C77: =AG77 -> 0 | AF77: =SUM(AF71:AF76) -> 0 | AG77: =SUM(AG71:AG76) -> 0
A78: Strengths:
AF79: =SUM(AF21,AF28,AF35,AF42,AF49,AF56,AF63,AF70,AF77) -> 0 | AG79: =SUM(AG21,AG28,AG35,AG42,AG49,AG56,AG63,AG70,AG77) -> 0
A80: Areas for Improvement:
A82: Agreed Next Action (Next Quarter):
A85: Prepared by: | B85: Noted by:
A87: NAME OF SCHOOL HEAD | C87: RUFINO T. TUDLASAN PhD
A88: School Principal | C88: Education Program Supervisor
C91: RONIL D. MANAYON DevEdD
C92: PSDS, WEST 1 Secondary

Sheet TABOK ES 1
A5: Republic of the Philippines
A6: Department of Education
A8: SCHOOLS DIVISION OF MANDAUE CITY
A10: CURRICULUM, INSTRUCTION, AND ASSESSMENT MONITORING CHECKLIST
A11: School: | B11: TABOK ELEMENTARY SCHOOL 1
A12: Quarter: | B12: TERM 1
A13: Monitored by: | B13: MARY JEAN B. CODIÑERA
A14: A. CURRICULUM–INSTRUCTION–ASSESSMENT ALIGNMENT
A15: Indicator | B15: Yes | C15: No | D15: Remarks/Evidence
A16: 1. MELC mapping (Planned vs Taught vs Assessed) is conducted | AA16: FALSE | AB16: TRUE | AC16: =IF(AA16="","",IF(AA16=TRUE,1,0)) -> 0 | AD16: =IF(AB16="","",IF(AB16=TRUE,0.5,0)) -> 0.5 | AE16: =SUM(AC16:AD16) -> 0.5 | AF16: =IF(AE16=1,AC16,0) -> 0 | AG16: =IF(AE16=1,AD16,0) -> 0 | AH16: =IF(AD16=0,"",IF(AD16=1,2,0)) -> 0
A17: 2. All MELCs are reflected in lesson plans | AA17: TRUE | AB17: FALSE | AC17: =IF(AA17="","",IF(AA17=TRUE,1,0)) -> 1 | AD17: =IF(AB17="","",IF(AB17=TRUE,0.5,0)) -> 0 | AE17: =SUM(AC17:AD17) -> 1 | AF17: =IF(AE17=1,AC17,0) -> 1 | AG17: =IF(AE17=1,AD17,0) -> 0 | AH17: =IF(AD17=0,"",IF(AD17=1,2,0))
A18: 3. Assessments are aligned with taught MELCs | AA18: TRUE | AB18: FALSE | AC18: =IF(AA18="","",IF(AA18=TRUE,1,0)) -> 1 | AD18: =IF(AB18="","",IF(AB18=TRUE,0.5,0)) -> 0 | AE18: =SUM(AC18:AD18) -> 1 | AF18: =IF(AE18=1,AC18,0) -> 1 | AG18: =IF(AE18=1,AD18,0) -> 0 | AH18: =IF(AD18=0,"",IF(AD18=1,2,0))
A19: 4. High-frequency NAT MELCs are prioritized | AA19: TRUE | AB19: FALSE | AC19: =IF(AA19="","",IF(AA19=TRUE,1,0)) -> 1 | AD19: =IF(AB19="","",IF(AB19=TRUE,0.5,0)) -> 0 | AE19: =SUM(AC19:AD19) -> 1 | AF19: =IF(AE19=1,AC19,0) -> 1 | AG19: =IF(AE19=1,AD19,0) -> 0 | AH19: =IF(AD19=0,"",IF(AD19=1,2,0))
AA20: FALSE | AB20: FALSE | AC20: =IF(AA20="","",IF(AA20=TRUE,1,0)) -> 0 | AD20: =IF(AB20="","",IF(AB20=TRUE,0.5,0)) -> 0 | AE20: =SUM(AC20:AD20) -> 0 | AF20: =IF(AE20=1,AC20,0) -> 0 | AG20: =IF(AE20=1,AD20,0) -> 0 | AH20: =IF(AD20=0,"",IF(AD20=1,2,0))
A21: B. ASSESSMENT QUALITY (HOTS-BASED) | B21: =AF21 -> 3 | C21: =AG21 -> 0 | AC21: =IF(AA21="","",IF(AA21=TRUE,1,0)) | AD21: =IF(AB21="","",IF(AB21=TRUE,1,0)) | AF21: =SUM(AF16:AF20) -> 3 | AG21: =SUM(AG16:AG20) -> 0
A22: Indicator | B22: Yes | C22: No | D22: Remarks/Evidence | AC22: =IF(AA22="","",IF(AA22=TRUE,1,0)) | AD22: =IF(AB22="","",IF(AB22=TRUE,1,0))
A23: 1. Classroom tests include 40–50% HOTS items | AA23: FALSE | AB23: TRUE | AC23: =IF(AA23="","",IF(AA23=TRUE,1,0)) -> 0 | AD23: =IF(AB23="","",IF(AB23=TRUE,0.5,0)) -> 0.5 | AE23: =SUM(AC23:AD23) -> 0.5 | AF23: =IF(AE23=1,AC23,0) -> 0 | AG23: =IF(AE23=1,AD23,0) -> 0 | AH23: =IF(AD23=0,"",IF(AD23=1,2,0)) -> 0
A24: 2. Test items reflect application, analysis, interpretation | AA24: FALSE | AB24: TRUE | AC24: =IF(AA24="","",IF(AA24=TRUE,1,0)) -> 0 | AD24: =IF(AB24="","",IF(AB24=TRUE,0.5,0)) -> 0.5 | AE24: =SUM(AC24:AD24) -> 0.5 | AF24: =IF(AE24=1,AC24,0) -> 0 | AG24: =IF(AE24=1,AD24,0) -> 0 | AH24: =IF(AD24=0,"",IF(AD24=1,2,0)) -> 0
A25: 3. NAT-like test items are used | AA25: FALSE | AB25: TRUE | AC25: =IF(AA25="","",IF(AA25=TRUE,1,0)) -> 0 | AD25: =IF(AB25="","",IF(AB25=TRUE,0.5,0)) -> 0.5 | AE25: =SUM(AC25:AD25) -> 0.5 | AF25: =IF(AE25=1,AC25,0) -> 0 | AG25: =IF(AE25=1,AD25,0) -> 0 | AH25: =IF(AD25=0,"",IF(AD25=1,2,0)) -> 0
A26: 4. Item analysis is conducted after assessments | AA26: FALSE | AB26: TRUE | AC26: =IF(AA26="","",IF(AA26=TRUE,1,0)) -> 0 | AD26: =IF(AB26="","",IF(AB26=TRUE,0.5,0)) -> 0.5 | AE26: =SUM(AC26:AD26) -> 0.5 | AF26: =IF(AE26=1,AC26,0) -> 0 | AG26: =IF(AE26=1,AD26,0) -> 0 | AH26: =IF(AD26=0,"",IF(AD26=1,2,0)) -> 0
AA27: FALSE | AB27: FALSE | AC27: =IF(AA27="","",IF(AA27=TRUE,1,0)) -> 0 | AD27: =IF(AB27="","",IF(AB27=TRUE,0.5,0)) -> 0 | AE27: =SUM(AC27:AD27) -> 0 | AF27: =IF(AE27=1,AC27,0) -> 0 | AG27: =IF(AE27=1,AD27,0) -> 0 | AH27: =IF(AD27=0,"",IF(AD27=1,2,0))
A28: C. READING ACROSS LEARNING AREAS | B28: =AF28 -> 0 | C28: =AG28 -> 0 | AC28: =IF(AA28="","",IF(AA28=TRUE,1,0)) | AD28: =IF(AB28="","",IF(AB28=TRUE,1,0)) | AF28: =SUM(AF23:AF27) -> 0 | AG28: =SUM(AG23:AG27) -> 0
A29: Indicator | B29: Yes | C29: No | D29: Remarks/Evidence | AC29: =IF(AA29="","",IF(AA29=TRUE,1,0)) | AD29: =IF(AB29="","",IF(AB29=TRUE,1,0))
A30: 1. Reading strategies are integrated in all subjects | AA30: TRUE | AB30: FALSE | AC30: =IF(AA30="","",IF(AA30=TRUE,1,0)) -> 1 | AD30: =IF(AB30="","",IF(AB30=TRUE,0.5,0)) -> 0 | AE30: =SUM(AC30:AD30) -> 1 | AF30: =IF(AE30=1,AC30,0) -> 1 | AG30: =IF(AE30=1,AD30,0) -> 0 | AH30: =IF(AD30=0,"",IF(AD30=1,2,0))
A31: 2. Vocabulary is pre-taught before lessons | AA31: TRUE | AB31: FALSE | AC31: =IF(AA31="","",IF(AA31=TRUE,1,0)) -> 1 | AD31: =IF(AB31="","",IF(AB31=TRUE,0.5,0)) -> 0 | AE31: =SUM(AC31:AD31) -> 1 | AF31: =IF(AE31=1,AC31,0) -> 1 | AG31: =IF(AE31=1,AD31,0) -> 0 | AH31: =IF(AD31=0,"",IF(AD31=1,2,0))
A32: 3. Learners explain answers in words | AA32: TRUE | AB32: FALSE | AC32: =IF(AA32="","",IF(AA32=TRUE,1,0)) -> 1 | AD32: =IF(AB32="","",IF(AB32=TRUE,0.5,0)) -> 0 | AE32: =SUM(AC32:AD32) -> 1 | AF32: =IF(AE32=1,AC32,0) -> 1 | AG32: =IF(AE32=1,AD32,0) -> 0 | AH32: =IF(AD32=0,"",IF(AD32=1,2,0))
A33: 4. Learners justify solutions/answers | AA33: TRUE | AB33: FALSE | AC33: =IF(AA33="","",IF(AA33=TRUE,1,0)) -> 1 | AD33: =IF(AB33="","",IF(AB33=TRUE,0.5,0)) -> 0 | AE33: =SUM(AC33:AD33) -> 1 | AF33: =IF(AE33=1,AC33,0) -> 1 | AG33: =IF(AE33=1,AD33,0) -> 0 | AH33: =IF(AD33=0,"",IF(AD33=1,2,0))
AA34: FALSE | AB34: FALSE | AC34: =IF(AA34="","",IF(AA34=TRUE,1,0)) -> 0 | AD34: =IF(AB34="","",IF(AB34=TRUE,0.5,0)) -> 0 | AE34: =SUM(AC34:AD34) -> 0 | AF34: =IF(AE34=1,AC34,0) -> 0 | AG34: =IF(AE34=1,AD34,0) -> 0 | AH34: =IF(AD34=0,"",IF(AD34=1,2,0))
A35: D. TARGETED REMEDIATION | B35: =AF35 -> 4 | C35: =AG35 -> 0 | AC35: =IF(AA35="","",IF(AA35=TRUE,1,0)) | AD35: =IF(AB35="","",IF(AB35=TRUE,1,0)) | AF35: =SUM(AF30:AF34) -> 4 | AG35: =SUM(AG30:AG34) -> 0
A36: Indicator | B36: Yes | C36: No | D36: Remarks/Evidence | AC36: =IF(AA36="","",IF(AA36=TRUE,1,0)) | AD36: =IF(AB36="","",IF(AB36=TRUE,1,0))
A37: 1. Item analysis identifies specific MELC gaps | AA37: FALSE | AB37: TRUE | AC37: =IF(AA37="","",IF(AA37=TRUE,1,0)) -> 0 | AD37: =IF(AB37="","",IF(AB37=TRUE,0.5,0)) -> 0.5 | AE37: =SUM(AC37:AD37) -> 0.5 | AF37: =IF(AE37=1,AC37,0) -> 0 | AG37: =IF(AE37=1,AD37,0) -> 0 | AH37: =IF(AD37=0,"",IF(AD37=1,2,0)) -> 0
A38: 2. Learners are grouped based on skill gaps | AA38: TRUE | AB38: FALSE | AC38: =IF(AA38="","",IF(AA38=TRUE,1,0)) -> 1 | AD38: =IF(AB38="","",IF(AB38=TRUE,0.5,0)) -> 0 | AE38: =SUM(AC38:AD38) -> 1 | AF38: =IF(AE38=1,AC38,0) -> 1 | AG38: =IF(AE38=1,AD38,0) -> 0 | AH38: =IF(AD38=0,"",IF(AD38=1,2,0))
A39: 3. Remediation activities are focused and MELC-based | AA39: TRUE | AB39: FALSE | AC39: =IF(AA39="","",IF(AA39=TRUE,1,0)) -> 1 | AD39: =IF(AB39="","",IF(AB39=TRUE,0.5,0)) -> 0 | AE39: =SUM(AC39:AD39) -> 1 | AF39: =IF(AE39=1,AC39,0) -> 1 | AG39: =IF(AE39=1,AD39,0) -> 0 | AH39: =IF(AD39=0,"",IF(AD39=1,2,0))
A40: 4. Progress of learners is regularly monitored | AA40: TRUE | AB40: FALSE | AC40: =IF(AA40="","",IF(AA40=TRUE,1,0)) -> 1 | AD40: =IF(AB40="","",IF(AB40=TRUE,0.5,0)) -> 0 | AE40: =SUM(AC40:AD40) -> 1 | AF40: =IF(AE40=1,AC40,0) -> 1 | AG40: =IF(AE40=1,AD40,0) -> 0 | AH40: =IF(AD40=0,"",IF(AD40=1,2,0))
AA41: FALSE | AB41: FALSE | AC41: =IF(AA41="","",IF(AA41=TRUE,1,0)) -> 0 | AD41: =IF(AB41="","",IF(AB41=TRUE,0.5,0)) -> 0 | AE41: =SUM(AC41:AD41) -> 0 | AF41: =IF(AE41=1,AC41,0) -> 0 | AG41: =IF(AE41=1,AD41,0) -> 0 | AH41: =IF(AD41=0,"",IF(AD41=1,2,0))
A42: E. DATA UTILIZATION (LAC & INSTRUCTIONAL ADJUSTMENT) | B42: =AF42 -> 3 | C42: =AG42 -> 0 | AC42: =IF(AA42="","",IF(AA42=TRUE,1,0)) | AD42: =IF(AB42="","",IF(AB42=TRUE,1,0)) | AF42: =SUM(AF37:AF41) -> 3 | AG42: =SUM(AG37:AG41) -> 0
A43: Indicator | B43: Yes | C43: No | D43: Remarks/Evidence | AC43: =IF(AA43="","",IF(AA43=TRUE,1,0)) | AD43: =IF(AB43="","",IF(AB43=TRUE,1,0))
A44: 1. Quarterly data review meetings are conducted | AA44: FALSE | AB44: TRUE | AC44: =IF(AA44="","",IF(AA44=TRUE,1,0)) -> 0 | AD44: =IF(AB44="","",IF(AB44=TRUE,0.5,0)) -> 0.5 | AE44: =SUM(AC44:AD44) -> 0.5 | AF44: =IF(AE44=1,AC44,0) -> 0 | AG44: =IF(AE44=1,AD44,0) -> 0 | AH44: =IF(AD44=0,"",IF(AD44=1,2,0)) -> 0
A45: 2. LAC sessions include data discussion | AA45: FALSE | AB45: TRUE | AC45: =IF(AA45="","",IF(AA45=TRUE,1,0)) -> 0 | AD45: =IF(AB45="","",IF(AB45=TRUE,0.5,0)) -> 0.5 | AE45: =SUM(AC45:AD45) -> 0.5 | AF45: =IF(AE45=1,AC45,0) -> 0 | AG45: =IF(AE45=1,AD45,0) -> 0 | AH45: =IF(AD45=0,"",IF(AD45=1,2,0)) -> 0
A46: 3. Instruction is adjusted based on data | AA46: TRUE | AB46: FALSE | AC46: =IF(AA46="","",IF(AA46=TRUE,1,0)) -> 1 | AD46: =IF(AB46="","",IF(AB46=TRUE,0.5,0)) -> 0 | AE46: =SUM(AC46:AD46) -> 1 | AF46: =IF(AE46=1,AC46,0) -> 1 | AG46: =IF(AE46=1,AD46,0) -> 0 | AH46: =IF(AD46=0,"",IF(AD46=1,2,0))
A47: 4. LAC minutes reflect data-based decisions | AA47: FALSE | AB47: TRUE | AC47: =IF(AA47="","",IF(AA47=TRUE,1,0)) -> 0 | AD47: =IF(AB47="","",IF(AB47=TRUE,0.5,0)) -> 0.5 | AE47: =SUM(AC47:AD47) -> 0.5 | AF47: =IF(AE47=1,AC47,0) -> 0 | AG47: =IF(AE47=1,AD47,0) -> 0 | AH47: =IF(AD47=0,"",IF(AD47=1,2,0)) -> 0
AA48: FALSE | AB48: FALSE | AC48: =IF(AA48="","",IF(AA48=TRUE,1,0)) -> 0 | AD48: =IF(AB48="","",IF(AB48=TRUE,0.5,0)) -> 0 | AE48: =SUM(AC48:AD48) -> 0 | AF48: =IF(AE48=1,AC48,0) -> 0 | AG48: =IF(AE48=1,AD48,0) -> 0 | AH48: =IF(AD48=0,"",IF(AD48=1,2,0))
A49: F. LEARNING RESOURCE (LR) QUALITY & UTILIZATION | B49: =AF49 -> 1 | C49: =AG49 -> 0 | AC49: =IF(AA49="","",IF(AA49=TRUE,1,0)) | AD49: =IF(AB49="","",IF(AB49=TRUE,1,0)) | AF49: =SUM(AF44:AF48) -> 1 | AG49: =SUM(AG44:AG48) -> 0
A50: Indicator | B50: Yes | C50: No | D50: Remarks/Evidence | AC50: =IF(AA50="","",IF(AA50=TRUE,1,0)) | AD50: =IF(AB50="","",IF(AB50=TRUE,1,0))
A51: 1. LRs clearly indicate MELC | AA51: TRUE | AB51: FALSE | AC51: =IF(AA51="","",IF(AA51=TRUE,1,0)) -> 1 | AD51: =IF(AB51="","",IF(AB51=TRUE,0.5,0)) -> 0 | AE51: =SUM(AC51:AD51) -> 1 | AF51: =IF(AE51=1,AC51,0) -> 1 | AG51: =IF(AE51=1,AD51,0) -> 0 | AH51: =IF(AD51=0,"",IF(AD51=1,2,0))
A52: 2. One MELC is targeted per LR | AA52: TRUE | AB52: FALSE | AC52: =IF(AA52="","",IF(AA52=TRUE,1,0)) -> 1 | AD52: =IF(AB52="","",IF(AB52=TRUE,0.5,0)) -> 0 | AE52: =SUM(AC52:AD52) -> 1 | AF52: =IF(AE52=1,AC52,0) -> 1 | AG52: =IF(AE52=1,AD52,0) -> 0 | AH52: =IF(AD52=0,"",IF(AD52=1,2,0))
A53: 3. LRs include embedded assessment (rubrics/checks) | AA53: TRUE | AB53: FALSE | AC53: =IF(AA53="","",IF(AA53=TRUE,1,0)) -> 1 | AD53: =IF(AB53="","",IF(AB53=TRUE,0.5,0)) -> 0 | AE53: =SUM(AC53:AD53) -> 1 | AF53: =IF(AE53=1,AC53,0) -> 1 | AG53: =IF(AE53=1,AD53,0) -> 0 | AH53: =IF(AD53=0,"",IF(AD53=1,2,0))
A54: 4. School conducts LR pre-validation | AA54: TRUE | AB54: FALSE | AC54: =IF(AA54="","",IF(AA54=TRUE,1,0)) -> 1 | AD54: =IF(AB54="","",IF(AB54=TRUE,0.5,0)) -> 0 | AE54: =SUM(AC54:AD54) -> 1 | AF54: =IF(AE54=1,AC54,0) -> 1 | AG54: =IF(AE54=1,AD54,0) -> 0 | AH54: =IF(AD54=0,"",IF(AD54=1,2,0))
A55: 5. CID-validated LRs are used in lessons | AA55: TRUE | AB55: FALSE | AC55: =IF(AA55="","",IF(AA55=TRUE,1,0)) -> 1 | AD55: =IF(AB55="","",IF(AB55=TRUE,0.5,0)) -> 0 | AE55: =SUM(AC55:AD55) -> 1 | AF55: =IF(AE55=1,AC55,0) -> 1 | AG55: =IF(AE55=1,AD55,0) -> 0 | AH55: =IF(AD55=0,"",IF(AD55=1,2,0))
A56: G. TECHNICAL ASSISTANCE (TA) IMPLEMENTATION | B56: =AF56 -> 5 | C56: =AG56 -> 0 | AC56: =IF(AA56="","",IF(AA56=TRUE,1,0)) | AD56: =IF(AB56="","",IF(AB56=TRUE,1,0)) | AF56: =SUM(AF51:AF55) -> 5 | AG56: =SUM(AG51:AG55) -> 0
A57: Indicator | B57: Yes | C57: No | D57: Remarks/Evidence | AC57: =IF(AA57="","",IF(AA57=TRUE,1,0)) | AD57: =IF(AB57="","",IF(AB57=TRUE,1,0))
A58: 1. Baseline data prepared before TA Round 1 | AA58: TRUE | AB58: FALSE | AC58: =IF(AA58="","",IF(AA58=TRUE,1,0)) -> 1 | AD58: =IF(AB58="","",IF(AB58=TRUE,0.5,0)) -> 0 | AE58: =SUM(AC58:AD58) -> 1 | AF58: =IF(AE58=1,AC58,0) -> 1 | AG58: =IF(AE58=1,AD58,0) -> 0 | AH58: =IF(AD58=0,"",IF(AD58=1,2,0))
A59: 2. Priority instructional gaps identified (2–3 only) | AA59: TRUE | AB59: FALSE | AC59: =IF(AA59="","",IF(AA59=TRUE,1,0)) -> 1 | AD59: =IF(AB59="","",IF(AB59=TRUE,0.5,0)) -> 0 | AE59: =SUM(AC59:AD59) -> 1 | AF59: =IF(AE59=1,AC59,0) -> 1 | AG59: =IF(AE59=1,AD59,0) -> 0 | AH59: =IF(AD59=0,"",IF(AD59=1,2,0))
A60: 3. TA recommendations are applied in class | AA60: TRUE | AB60: FALSE | AC60: =IF(AA60="","",IF(AA60=TRUE,1,0)) -> 1 | AD60: =IF(AB60="","",IF(AB60=TRUE,0.5,0)) -> 0 | AE60: =SUM(AC60:AD60) -> 1 | AF60: =IF(AE60=1,AC60,0) -> 1 | AG60: =IF(AE60=1,AD60,0) -> 0 | AH60: =IF(AD60=0,"",IF(AD60=1,2,0))
A61: 4. Evidence of implementation is available for TA Round 2 | AA61: TRUE | AB61: FALSE | AC61: =IF(AA61="","",IF(AA61=TRUE,1,0)) -> 1 | AD61: =IF(AB61="","",IF(AB61=TRUE,0.5,0)) -> 0 | AE61: =SUM(AC61:AD61) -> 1 | AF61: =IF(AE61=1,AC61,0) -> 1 | AG61: =IF(AE61=1,AD61,0) -> 0 | AH61: =IF(AD61=0,"",IF(AD61=1,2,0))
AA62: FALSE | AB62: FALSE | AC62: =IF(AA62="","",IF(AA62=TRUE,1,0)) -> 0 | AD62: =IF(AB62="","",IF(AB62=TRUE,0.5,0)) -> 0 | AE62: =SUM(AC62:AD62) -> 0 | AF62: =IF(AE62=1,AC62,0) -> 0 | AG62: =IF(AE62=1,AD62,0) -> 0 | AH62: =IF(AD62=0,"",IF(AD62=1,2,0))
A63: H. INSTRUCTIONAL LEADERSHIP & MONITORING | B63: =AF63 -> 4 | C63: =AG63 -> 0 | AC63: =IF(AA63="","",IF(AA63=TRUE,1,0)) | AD63: =IF(AB63="","",IF(AB63=TRUE,1,0)) | AF63: =SUM(AF58:AF62) -> 4 | AG63: =SUM(AG58:AG62) -> 0
A64: Indicator | B64: Yes | C64: No | D64: Remarks/Evidence | AC64: =IF(AA64="","",IF(AA64=TRUE,1,0)) | AD64: =IF(AB64="","",IF(AB64=TRUE,1,0))
A65: 1. Lesson plans are regularly reviewed | AA65: TRUE | AB65: FALSE | AC65: =IF(AA65="","",IF(AA65=TRUE,1,0)) -> 1 | AD65: =IF(AB65="","",IF(AB65=TRUE,0.5,0)) -> 0 | AE65: =SUM(AC65:AD65) -> 1 | AF65: =IF(AE65=1,AC65,0) -> 1 | AG65: =IF(AE65=1,AD65,0) -> 0 | AH65: =IF(AD65=0,"",IF(AD65=1,2,0))
A66: 2. Classroom observations are conducted | AA66: TRUE | AB66: FALSE | AC66: =IF(AA66="","",IF(AA66=TRUE,1,0)) -> 1 | AD66: =IF(AB66="","",IF(AB66=TRUE,0.5,0)) -> 0 | AE66: =SUM(AC66:AD66) -> 1 | AF66: =IF(AE66=1,AC66,0) -> 1 | AG66: =IF(AE66=1,AD66,0) -> 0 | AH66: =IF(AD66=0,"",IF(AD66=1,2,0))
A67: 3. Feedback is provided to teachers | AA67: TRUE | AB67: FALSE | AC67: =IF(AA67="","",IF(AA67=TRUE,1,0)) -> 1 | AD67: =IF(AB67="","",IF(AB67=TRUE,0.5,0)) -> 0 | AE67: =SUM(AC67:AD67) -> 1 | AF67: =IF(AE67=1,AC67,0) -> 1 | AG67: =IF(AE67=1,AD67,0) -> 0 | AH67: =IF(AD67=0,"",IF(AD67=1,2,0))
A68: 4. Remediation implementation is monitored | AA68: TRUE | AB68: FALSE | AC68: =IF(AA68="","",IF(AA68=TRUE,1,0)) -> 1 | AD68: =IF(AB68="","",IF(AB68=TRUE,0.5,0)) -> 0 | AE68: =SUM(AC68:AD68) -> 1 | AF68: =IF(AE68=1,AC68,0) -> 1 | AG68: =IF(AE68=1,AD68,0) -> 0 | AH68: =IF(AD68=0,"",IF(AD68=1,2,0))
A69: 5. SIP/AIP, LAC, and TA plans are aligned | AA69: TRUE | AB69: FALSE | AC69: =IF(AA69="","",IF(AA69=TRUE,1,0)) -> 1 | AD69: =IF(AB69="","",IF(AB69=TRUE,0.5,0)) -> 0 | AE69: =SUM(AC69:AD69) -> 1 | AF69: =IF(AE69=1,AC69,0) -> 1 | AG69: =IF(AE69=1,AD69,0) -> 0 | AH69: =IF(AD69=0,"",IF(AD69=1,2,0))
A70: I. OVERALL DATA-TO-ACTION CYCLE | B70: =AF70 -> 5 | C70: =AG70 -> 0 | AC70: =IF(AA70="","",IF(AA70=TRUE,1,0)) | AD70: =IF(AB70="","",IF(AB70=TRUE,1,0)) | AF70: =SUM(AF65:AF69) -> 5 | AG70: =SUM(AG65:AG69) -> 0
A71: Indicator | B71: Yes | C71: No | D71: Remarks/Evidence | AC71: =IF(AA71="","",IF(AA71=TRUE,1,0)) | AD71: =IF(AB71="","",IF(AB71=TRUE,1,0))
A72: 1. Data is analyzed regularly | AA72: TRUE | AB72: FALSE | AC72: =IF(AA72="","",IF(AA72=TRUE,1,0)) -> 1 | AD72: =IF(AB72="","",IF(AB72=TRUE,0.5,0)) -> 0 | AE72: =SUM(AC72:AD72) -> 1 | AF72: =IF(AE72=1,AC72,0) -> 1 | AG72: =IF(AE72=1,AD72,0) -> 0 | AH72: =IF(AD72=0,"",IF(AD72=1,2,0))
A73: 2. Priority gaps are clearly identified | AA73: TRUE | AB73: FALSE | AC73: =IF(AA73="","",IF(AA73=TRUE,1,0)) -> 1 | AD73: =IF(AB73="","",IF(AB73=TRUE,0.5,0)) -> 0 | AE73: =SUM(AC73:AD73) -> 1 | AF73: =IF(AE73=1,AC73,0) -> 1 | AG73: =IF(AE73=1,AD73,0) -> 0 | AH73: =IF(AD73=0,"",IF(AD73=1,2,0))
A74: 3. Instructional adjustments are implemented | AA74: TRUE | AB74: FALSE | AC74: =IF(AA74="","",IF(AA74=TRUE,1,0)) -> 1 | AD74: =IF(AB74="","",IF(AB74=TRUE,0.5,0)) -> 0 | AE74: =SUM(AC74:AD74) -> 1 | AF74: =IF(AE74=1,AC74,0) -> 1 | AG74: =IF(AE74=1,AD74,0) -> 0 | AH74: =IF(AD74=0,"",IF(AD74=1,2,0))
A75: 4. Impact is monitored and reviewed | AA75: TRUE | AB75: FALSE | AC75: =IF(AA75="","",IF(AA75=TRUE,1,0)) -> 1 | AD75: =IF(AB75="","",IF(AB75=TRUE,0.5,0)) -> 0 | AE75: =SUM(AC75:AD75) -> 1 | AF75: =IF(AE75=1,AC75,0) -> 1 | AG75: =IF(AE75=1,AD75,0) -> 0 | AH75: =IF(AD75=0,"",IF(AD75=1,2,0))
AA76: FALSE | AB76: FALSE | AC76: =IF(AA76="","",IF(AA76=TRUE,1,0)) -> 0 | AD76: =IF(AB76="","",IF(AB76=TRUE,0.5,0)) -> 0 | AE76: =SUM(AC76:AD76) -> 0 | AF76: =IF(AE76=1,AC76,0) -> 0 | AG76: =IF(AE76=1,AD76,0) -> 0 | AH76: =IF(AD76=0,"",IF(AD76=1,2,0))
A77: SUMMARY OF FINDINGS | B77: =AF77 -> 4 | C77: =AG77 -> 0 | AF77: =SUM(AF71:AF76) -> 4 | AG77: =SUM(AG71:AG76) -> 0
A78: Strengths:
AF79: =SUM(AF21,AF28,AF35,AF42,AF49,AF56,AF63,AF70,AF77) -> 29 | AG79: =SUM(AG21,AG28,AG35,AG42,AG49,AG56,AG63,AG70,AG77) -> 0
A80: Areas for Improvement:
A82: Agreed Next Action (Next Quarter):
A85: Prepared by: | B85: Noted by:
A87: NANCY C. LUCENAS | C87: RUFINO T. TUDLASAN PhD
A88: School Principal | C88: Education Program Supervisor
C91: RONIL D. MANAYON DevEdD
C92: PSDS, WEST 1 Secondary

Sheet TABOK ES II
A5: Republic of the Philippines
A6: Department of Education
A8: SCHOOLS DIVISION OF MANDAUE CITY
A10: CURRICULUM, INSTRUCTION, AND ASSESSMENT MONITORING CHECKLIST
A11: School: | B11: TABOK ELEMENTARY SCHOOL II
A12: Quarter:
A13: Monitored by:
A14: A. CURRICULUM–INSTRUCTION–ASSESSMENT ALIGNMENT
A15: Indicator | B15: Yes | C15: No | D15: Remarks/Evidence
A16: 1. MELC mapping (Planned vs Taught vs Assessed) is conducted | AA16: TRUE | AB16: FALSE | AC16: =IF(AA16="","",IF(AA16=TRUE,1,0)) -> 1 | AD16: =IF(AB16="","",IF(AB16=TRUE,0.5,0)) -> 0 | AE16: =SUM(AC16:AD16) -> 1 | AF16: =IF(AE16=1,AC16,0) -> 1 | AG16: =IF(AE16=1,AD16,0) -> 0 | AH16: =IF(AD16=0,"",IF(AD16=1,2,0))
A17: 2. All MELCs are reflected in lesson plans | AA17: TRUE | AB17: FALSE | AC17: =IF(AA17="","",IF(AA17=TRUE,1,0)) -> 1 | AD17: =IF(AB17="","",IF(AB17=TRUE,0.5,0)) -> 0 | AE17: =SUM(AC17:AD17) -> 1 | AF17: =IF(AE17=1,AC17,0) -> 1 | AG17: =IF(AE17=1,AD17,0) -> 0 | AH17: =IF(AD17=0,"",IF(AD17=1,2,0))
A18: 3. Assessments are aligned with taught MELCs | AA18: TRUE | AB18: FALSE | AC18: =IF(AA18="","",IF(AA18=TRUE,1,0)) -> 1 | AD18: =IF(AB18="","",IF(AB18=TRUE,0.5,0)) -> 0 | AE18: =SUM(AC18:AD18) -> 1 | AF18: =IF(AE18=1,AC18,0) -> 1 | AG18: =IF(AE18=1,AD18,0) -> 0 | AH18: =IF(AD18=0,"",IF(AD18=1,2,0))
A19: 4. High-frequency NAT MELCs are prioritized | AA19: TRUE | AB19: FALSE | AC19: =IF(AA19="","",IF(AA19=TRUE,1,0)) -> 1 | AD19: =IF(AB19="","",IF(AB19=TRUE,0.5,0)) -> 0 | AE19: =SUM(AC19:AD19) -> 1 | AF19: =IF(AE19=1,AC19,0) -> 1 | AG19: =IF(AE19=1,AD19,0) -> 0 | AH19: =IF(AD19=0,"",IF(AD19=1,2,0))
AA20: FALSE | AB20: FALSE | AC20: =IF(AA20="","",IF(AA20=TRUE,1,0)) -> 0 | AD20: =IF(AB20="","",IF(AB20=TRUE,0.5,0)) -> 0 | AE20: =SUM(AC20:AD20) -> 0 | AF20: =IF(AE20=1,AC20,0) -> 0 | AG20: =IF(AE20=1,AD20,0) -> 0 | AH20: =IF(AD20=0,"",IF(AD20=1,2,0))
A21: B. ASSESSMENT QUALITY (HOTS-BASED) | B21: =AF21 -> 4 | C21: =AG21 -> 0 | AC21: =IF(AA21="","",IF(AA21=TRUE,1,0)) | AD21: =IF(AB21="","",IF(AB21=TRUE,1,0)) | AF21: =SUM(AF16:AF20) -> 4 | AG21: =SUM(AG16:AG20) -> 0
A22: Indicator | B22: Yes | C22: No | D22: Remarks/Evidence | AC22: =IF(AA22="","",IF(AA22=TRUE,1,0)) | AD22: =IF(AB22="","",IF(AB22=TRUE,1,0))
A23: 1. Classroom tests include 40–50% HOTS items | AA23: FALSE | AB23: TRUE | AC23: =IF(AA23="","",IF(AA23=TRUE,1,0)) -> 0 | AD23: =IF(AB23="","",IF(AB23=TRUE,0.5,0)) -> 0.5 | AE23: =SUM(AC23:AD23) -> 0.5 | AF23: =IF(AE23=1,AC23,0) -> 0 | AG23: =IF(AE23=1,AD23,0) -> 0 | AH23: =IF(AD23=0,"",IF(AD23=1,2,0)) -> 0
A24: 2. Test items reflect application, analysis, interpretation | AA24: FALSE | AB24: TRUE | AC24: =IF(AA24="","",IF(AA24=TRUE,1,0)) -> 0 | AD24: =IF(AB24="","",IF(AB24=TRUE,0.5,0)) -> 0.5 | AE24: =SUM(AC24:AD24) -> 0.5 | AF24: =IF(AE24=1,AC24,0) -> 0 | AG24: =IF(AE24=1,AD24,0) -> 0 | AH24: =IF(AD24=0,"",IF(AD24=1,2,0)) -> 0
A25: 3. NAT-like test items are used | AA25: FALSE | AB25: TRUE | AC25: =IF(AA25="","",IF(AA25=TRUE,1,0)) -> 0 | AD25: =IF(AB25="","",IF(AB25=TRUE,0.5,0)) -> 0.5 | AE25: =SUM(AC25:AD25) -> 0.5 | AF25: =IF(AE25=1,AC25,0) -> 0 | AG25: =IF(AE25=1,AD25,0) -> 0 | AH25: =IF(AD25=0,"",IF(AD25=1,2,0)) -> 0
A26: 4. Item analysis is conducted after assessments | AA26: FALSE | AB26: TRUE | AC26: =IF(AA26="","",IF(AA26=TRUE,1,0)) -> 0 | AD26: =IF(AB26="","",IF(AB26=TRUE,0.5,0)) -> 0.5 | AE26: =SUM(AC26:AD26) -> 0.5 | AF26: =IF(AE26=1,AC26,0) -> 0 | AG26: =IF(AE26=1,AD26,0) -> 0 | AH26: =IF(AD26=0,"",IF(AD26=1,2,0)) -> 0
AA27: FALSE | AB27: FALSE | AC27: =IF(AA27="","",IF(AA27=TRUE,1,0)) -> 0 | AD27: =IF(AB27="","",IF(AB27=TRUE,0.5,0)) -> 0 | AE27: =SUM(AC27:AD27) -> 0 | AF27: =IF(AE27=1,AC27,0) -> 0 | AG27: =IF(AE27=1,AD27,0) -> 0 | AH27: =IF(AD27=0,"",IF(AD27=1,2,0))
A28: C. READING ACROSS LEARNING AREAS | B28: =AF28 -> 0 | C28: =AG28 -> 0 | AC28: =IF(AA28="","",IF(AA28=TRUE,1,0)) | AD28: =IF(AB28="","",IF(AB28=TRUE,1,0)) | AF28: =SUM(AF23:AF27) -> 0 | AG28: =SUM(AG23:AG27) -> 0
A29: Indicator | B29: Yes | C29: No | D29: Remarks/Evidence | AC29: =IF(AA29="","",IF(AA29=TRUE,1,0)) | AD29: =IF(AB29="","",IF(AB29=TRUE,1,0))
A30: 1. Reading strategies are integrated in all subjects | AA30: TRUE | AB30: FALSE | AC30: =IF(AA30="","",IF(AA30=TRUE,1,0)) -> 1 | AD30: =IF(AB30="","",IF(AB30=TRUE,0.5,0)) -> 0 | AE30: =SUM(AC30:AD30) -> 1 | AF30: =IF(AE30=1,AC30,0) -> 1 | AG30: =IF(AE30=1,AD30,0) -> 0 | AH30: =IF(AD30=0,"",IF(AD30=1,2,0))
A31: 2. Vocabulary is pre-taught before lessons | AA31: TRUE | AB31: FALSE | AC31: =IF(AA31="","",IF(AA31=TRUE,1,0)) -> 1 | AD31: =IF(AB31="","",IF(AB31=TRUE,0.5,0)) -> 0 | AE31: =SUM(AC31:AD31) -> 1 | AF31: =IF(AE31=1,AC31,0) -> 1 | AG31: =IF(AE31=1,AD31,0) -> 0 | AH31: =IF(AD31=0,"",IF(AD31=1,2,0))
A32: 3. Learners explain answers in words | AA32: FALSE | AB32: TRUE | AC32: =IF(AA32="","",IF(AA32=TRUE,1,0)) -> 0 | AD32: =IF(AB32="","",IF(AB32=TRUE,0.5,0)) -> 0.5 | AE32: =SUM(AC32:AD32) -> 0.5 | AF32: =IF(AE32=1,AC32,0) -> 0 | AG32: =IF(AE32=1,AD32,0) -> 0 | AH32: =IF(AD32=0,"",IF(AD32=1,2,0)) -> 0
A33: 4. Learners justify solutions/answers | AA33: FALSE | AB33: TRUE | AC33: =IF(AA33="","",IF(AA33=TRUE,1,0)) -> 0 | AD33: =IF(AB33="","",IF(AB33=TRUE,0.5,0)) -> 0.5 | AE33: =SUM(AC33:AD33) -> 0.5 | AF33: =IF(AE33=1,AC33,0) -> 0 | AG33: =IF(AE33=1,AD33,0) -> 0 | AH33: =IF(AD33=0,"",IF(AD33=1,2,0)) -> 0
AA34: FALSE | AB34: FALSE | AC34: =IF(AA34="","",IF(AA34=TRUE,1,0)) -> 0 | AD34: =IF(AB34="","",IF(AB34=TRUE,0.5,0)) -> 0 | AE34: =SUM(AC34:AD34) -> 0 | AF34: =IF(AE34=1,AC34,0) -> 0 | AG34: =IF(AE34=1,AD34,0) -> 0 | AH34: =IF(AD34=0,"",IF(AD34=1,2,0))
A35: D. TARGETED REMEDIATION | B35: =AF35 -> 2 | C35: =AG35 -> 0 | AC35: =IF(AA35="","",IF(AA35=TRUE,1,0)) | AD35: =IF(AB35="","",IF(AB35=TRUE,1,0)) | AF35: =SUM(AF30:AF34) -> 2 | AG35: =SUM(AG30:AG34) -> 0
A36: Indicator | B36: Yes | C36: No | D36: Remarks/Evidence | AC36: =IF(AA36="","",IF(AA36=TRUE,1,0)) | AD36: =IF(AB36="","",IF(AB36=TRUE,1,0))
A37: 1. Item analysis identifies specific MELC gaps | AA37: TRUE | AB37: FALSE | AC37: =IF(AA37="","",IF(AA37=TRUE,1,0)) -> 1 | AD37: =IF(AB37="","",IF(AB37=TRUE,0.5,0)) -> 0 | AE37: =SUM(AC37:AD37) -> 1 | AF37: =IF(AE37=1,AC37,0) -> 1 | AG37: =IF(AE37=1,AD37,0) -> 0 | AH37: =IF(AD37=0,"",IF(AD37=1,2,0))
A38: 2. Learners are grouped based on skill gaps | AA38: TRUE | AB38: FALSE | AC38: =IF(AA38="","",IF(AA38=TRUE,1,0)) -> 1 | AD38: =IF(AB38="","",IF(AB38=TRUE,0.5,0)) -> 0 | AE38: =SUM(AC38:AD38) -> 1 | AF38: =IF(AE38=1,AC38,0) -> 1 | AG38: =IF(AE38=1,AD38,0) -> 0 | AH38: =IF(AD38=0,"",IF(AD38=1,2,0))
A39: 3. Remediation activities are focused and MELC-based | AA39: TRUE | AB39: FALSE | AC39: =IF(AA39="","",IF(AA39=TRUE,1,0)) -> 1 | AD39: =IF(AB39="","",IF(AB39=TRUE,0.5,0)) -> 0 | AE39: =SUM(AC39:AD39) -> 1 | AF39: =IF(AE39=1,AC39,0) -> 1 | AG39: =IF(AE39=1,AD39,0) -> 0 | AH39: =IF(AD39=0,"",IF(AD39=1,2,0))
A40: 4. Progress of learners is regularly monitored | AA40: TRUE | AB40: FALSE | AC40: =IF(AA40="","",IF(AA40=TRUE,1,0)) -> 1 | AD40: =IF(AB40="","",IF(AB40=TRUE,0.5,0)) -> 0 | AE40: =SUM(AC40:AD40) -> 1 | AF40: =IF(AE40=1,AC40,0) -> 1 | AG40: =IF(AE40=1,AD40,0) -> 0 | AH40: =IF(AD40=0,"",IF(AD40=1,2,0))
AA41: FALSE | AB41: FALSE | AC41: =IF(AA41="","",IF(AA41=TRUE,1,0)) -> 0 | AD41: =IF(AB41="","",IF(AB41=TRUE,0.5,0)) -> 0 | AE41: =SUM(AC41:AD41) -> 0 | AF41: =IF(AE41=1,AC41,0) -> 0 | AG41: =IF(AE41=1,AD41,0) -> 0 | AH41: =IF(AD41=0,"",IF(AD41=1,2,0))
A42: E. DATA UTILIZATION (LAC & INSTRUCTIONAL ADJUSTMENT) | B42: =AF42 -> 4 | C42: =AG42 -> 0 | AC42: =IF(AA42="","",IF(AA42=TRUE,1,0)) | AD42: =IF(AB42="","",IF(AB42=TRUE,1,0)) | AF42: =SUM(AF37:AF41) -> 4 | AG42: =SUM(AG37:AG41) -> 0
A43: Indicator | B43: Yes | C43: No | D43: Remarks/Evidence | AC43: =IF(AA43="","",IF(AA43=TRUE,1,0)) | AD43: =IF(AB43="","",IF(AB43=TRUE,1,0))
A44: 1. Quarterly data review meetings are conducted | AA44: TRUE | AB44: FALSE | AC44: =IF(AA44="","",IF(AA44=TRUE,1,0)) -> 1 | AD44: =IF(AB44="","",IF(AB44=TRUE,0.5,0)) -> 0 | AE44: =SUM(AC44:AD44) -> 1 | AF44: =IF(AE44=1,AC44,0) -> 1 | AG44: =IF(AE44=1,AD44,0) -> 0 | AH44: =IF(AD44=0,"",IF(AD44=1,2,0))
A45: 2. LAC sessions include data discussion | AA45: FALSE | AB45: TRUE | AC45: =IF(AA45="","",IF(AA45=TRUE,1,0)) -> 0 | AD45: =IF(AB45="","",IF(AB45=TRUE,0.5,0)) -> 0.5 | AE45: =SUM(AC45:AD45) -> 0.5 | AF45: =IF(AE45=1,AC45,0) -> 0 | AG45: =IF(AE45=1,AD45,0) -> 0 | AH45: =IF(AD45=0,"",IF(AD45=1,2,0)) -> 0
A46: 3. Instruction is adjusted based on data | AA46: FALSE | AB46: TRUE | AC46: =IF(AA46="","",IF(AA46=TRUE,1,0)) -> 0 | AD46: =IF(AB46="","",IF(AB46=TRUE,0.5,0)) -> 0.5 | AE46: =SUM(AC46:AD46) -> 0.5 | AF46: =IF(AE46=1,AC46,0) -> 0 | AG46: =IF(AE46=1,AD46,0) -> 0 | AH46: =IF(AD46=0,"",IF(AD46=1,2,0)) -> 0
A47: 4. LAC minutes reflect data-based decisions | AA47: TRUE | AB47: FALSE | AC47: =IF(AA47="","",IF(AA47=TRUE,1,0)) -> 1 | AD47: =IF(AB47="","",IF(AB47=TRUE,0.5,0)) -> 0 | AE47: =SUM(AC47:AD47) -> 1 | AF47: =IF(AE47=1,AC47,0) -> 1 | AG47: =IF(AE47=1,AD47,0) -> 0 | AH47: =IF(AD47=0,"",IF(AD47=1,2,0))
AA48: FALSE | AB48: FALSE | AC48: =IF(AA48="","",IF(AA48=TRUE,1,0)) -> 0 | AD48: =IF(AB48="","",IF(AB48=TRUE,0.5,0)) -> 0 | AE48: =SUM(AC48:AD48) -> 0 | AF48: =IF(AE48=1,AC48,0) -> 0 | AG48: =IF(AE48=1,AD48,0) -> 0 | AH48: =IF(AD48=0,"",IF(AD48=1,2,0))
A49: F. LEARNING RESOURCE (LR) QUALITY & UTILIZATION | B49: =AF49 -> 2 | C49: =AG49 -> 0 | AC49: =IF(AA49="","",IF(AA49=TRUE,1,0)) | AD49: =IF(AB49="","",IF(AB49=TRUE,1,0)) | AF49: =SUM(AF44:AF48) -> 2 | AG49: =SUM(AG44:AG48) -> 0
A50: Indicator | B50: Yes | C50: No | D50: Remarks/Evidence | AC50: =IF(AA50="","",IF(AA50=TRUE,1,0)) | AD50: =IF(AB50="","",IF(AB50=TRUE,1,0))
A51: 1. LRs clearly indicate MELC | AA51: FALSE | AB51: TRUE | AC51: =IF(AA51="","",IF(AA51=TRUE,1,0)) -> 0 | AD51: =IF(AB51="","",IF(AB51=TRUE,0.5,0)) -> 0.5 | AE51: =SUM(AC51:AD51) -> 0.5 | AF51: =IF(AE51=1,AC51,0) -> 0 | AG51: =IF(AE51=1,AD51,0) -> 0 | AH51: =IF(AD51=0,"",IF(AD51=1,2,0)) -> 0
A52: 2. One MELC is targeted per LR | AA52: FALSE | AB52: TRUE | AC52: =IF(AA52="","",IF(AA52=TRUE,1,0)) -> 0 | AD52: =IF(AB52="","",IF(AB52=TRUE,0.5,0)) -> 0.5 | AE52: =SUM(AC52:AD52) -> 0.5 | AF52: =IF(AE52=1,AC52,0) -> 0 | AG52: =IF(AE52=1,AD52,0) -> 0 | AH52: =IF(AD52=0,"",IF(AD52=1,2,0)) -> 0
A53: 3. LRs include embedded assessment (rubrics/checks) | AA53: TRUE | AB53: FALSE | AC53: =IF(AA53="","",IF(AA53=TRUE,1,0)) -> 1 | AD53: =IF(AB53="","",IF(AB53=TRUE,0.5,0)) -> 0 | AE53: =SUM(AC53:AD53) -> 1 | AF53: =IF(AE53=1,AC53,0) -> 1 | AG53: =IF(AE53=1,AD53,0) -> 0 | AH53: =IF(AD53=0,"",IF(AD53=1,2,0))
A54: 4. School conducts LR pre-validation | AA54: TRUE | AB54: FALSE | AC54: =IF(AA54="","",IF(AA54=TRUE,1,0)) -> 1 | AD54: =IF(AB54="","",IF(AB54=TRUE,0.5,0)) -> 0 | AE54: =SUM(AC54:AD54) -> 1 | AF54: =IF(AE54=1,AC54,0) -> 1 | AG54: =IF(AE54=1,AD54,0) -> 0 | AH54: =IF(AD54=0,"",IF(AD54=1,2,0))
A55: 5. CID-validated LRs are used in lessons | AA55: FALSE | AB55: TRUE | AC55: =IF(AA55="","",IF(AA55=TRUE,1,0)) -> 0 | AD55: =IF(AB55="","",IF(AB55=TRUE,0.5,0)) -> 0.5 | AE55: =SUM(AC55:AD55) -> 0.5 | AF55: =IF(AE55=1,AC55,0) -> 0 | AG55: =IF(AE55=1,AD55,0) -> 0 | AH55: =IF(AD55=0,"",IF(AD55=1,2,0)) -> 0
A56: G. TECHNICAL ASSISTANCE (TA) IMPLEMENTATION | B56: =AF56 -> 2 | C56: =AG56 -> 0 | AC56: =IF(AA56="","",IF(AA56=TRUE,1,0)) | AD56: =IF(AB56="","",IF(AB56=TRUE,1,0)) | AF56: =SUM(AF51:AF55) -> 2 | AG56: =SUM(AG51:AG55) -> 0
A57: Indicator | B57: Yes | C57: No | D57: Remarks/Evidence | AC57: =IF(AA57="","",IF(AA57=TRUE,1,0)) | AD57: =IF(AB57="","",IF(AB57=TRUE,1,0))
A58: 1. Baseline data prepared before TA Round 1 | AA58: TRUE | AB58: FALSE | AC58: =IF(AA58="","",IF(AA58=TRUE,1,0)) -> 1 | AD58: =IF(AB58="","",IF(AB58=TRUE,0.5,0)) -> 0 | AE58: =SUM(AC58:AD58) -> 1 | AF58: =IF(AE58=1,AC58,0) -> 1 | AG58: =IF(AE58=1,AD58,0) -> 0 | AH58: =IF(AD58=0,"",IF(AD58=1,2,0))
A59: 2. Priority instructional gaps identified (2–3 only) | AA59: FALSE | AB59: TRUE | AC59: =IF(AA59="","",IF(AA59=TRUE,1,0)) -> 0 | AD59: =IF(AB59="","",IF(AB59=TRUE,0.5,0)) -> 0.5 | AE59: =SUM(AC59:AD59) -> 0.5 | AF59: =IF(AE59=1,AC59,0) -> 0 | AG59: =IF(AE59=1,AD59,0) -> 0 | AH59: =IF(AD59=0,"",IF(AD59=1,2,0)) -> 0
A60: 3. TA recommendations are applied in class | AA60: TRUE | AB60: FALSE | AC60: =IF(AA60="","",IF(AA60=TRUE,1,0)) -> 1 | AD60: =IF(AB60="","",IF(AB60=TRUE,0.5,0)) -> 0 | AE60: =SUM(AC60:AD60) -> 1 | AF60: =IF(AE60=1,AC60,0) -> 1 | AG60: =IF(AE60=1,AD60,0) -> 0 | AH60: =IF(AD60=0,"",IF(AD60=1,2,0))
A61: 4. Evidence of implementation is available for TA Round 2 | AA61: FALSE | AB61: TRUE | AC61: =IF(AA61="","",IF(AA61=TRUE,1,0)) -> 0 | AD61: =IF(AB61="","",IF(AB61=TRUE,0.5,0)) -> 0.5 | AE61: =SUM(AC61:AD61) -> 0.5 | AF61: =IF(AE61=1,AC61,0) -> 0 | AG61: =IF(AE61=1,AD61,0) -> 0 | AH61: =IF(AD61=0,"",IF(AD61=1,2,0)) -> 0
AA62: FALSE | AB62: FALSE | AC62: =IF(AA62="","",IF(AA62=TRUE,1,0)) -> 0 | AD62: =IF(AB62="","",IF(AB62=TRUE,0.5,0)) -> 0 | AE62: =SUM(AC62:AD62) -> 0 | AF62: =IF(AE62=1,AC62,0) -> 0 | AG62: =IF(AE62=1,AD62,0) -> 0 | AH62: =IF(AD62=0,"",IF(AD62=1,2,0))
A63: H. INSTRUCTIONAL LEADERSHIP & MONITORING | B63: =AF63 -> 2 | C63: =AG63 -> 0 | AC63: =IF(AA63="","",IF(AA63=TRUE,1,0)) | AD63: =IF(AB63="","",IF(AB63=TRUE,1,0)) | AF63: =SUM(AF58:AF62) -> 2 | AG63: =SUM(AG58:AG62) -> 0
A64: Indicator | B64: Yes | C64: No | D64: Remarks/Evidence | AC64: =IF(AA64="","",IF(AA64=TRUE,1,0)) | AD64: =IF(AB64="","",IF(AB64=TRUE,1,0))
A65: 1. Lesson plans are regularly reviewed | AA65: TRUE | AB65: FALSE | AC65: =IF(AA65="","",IF(AA65=TRUE,1,0)) -> 1 | AD65: =IF(AB65="","",IF(AB65=TRUE,0.5,0)) -> 0 | AE65: =SUM(AC65:AD65) -> 1 | AF65: =IF(AE65=1,AC65,0) -> 1 | AG65: =IF(AE65=1,AD65,0) -> 0 | AH65: =IF(AD65=0,"",IF(AD65=1,2,0))
A66: 2. Classroom observations are conducted | AA66: TRUE | AB66: FALSE | AC66: =IF(AA66="","",IF(AA66=TRUE,1,0)) -> 1 | AD66: =IF(AB66="","",IF(AB66=TRUE,0.5,0)) -> 0 | AE66: =SUM(AC66:AD66) -> 1 | AF66: =IF(AE66=1,AC66,0) -> 1 | AG66: =IF(AE66=1,AD66,0) -> 0 | AH66: =IF(AD66=0,"",IF(AD66=1,2,0))
A67: 3. Feedback is provided to teachers | AA67: TRUE | AB67: FALSE | AC67: =IF(AA67="","",IF(AA67=TRUE,1,0)) -> 1 | AD67: =IF(AB67="","",IF(AB67=TRUE,0.5,0)) -> 0 | AE67: =SUM(AC67:AD67) -> 1 | AF67: =IF(AE67=1,AC67,0) -> 1 | AG67: =IF(AE67=1,AD67,0) -> 0 | AH67: =IF(AD67=0,"",IF(AD67=1,2,0))
A68: 4. Remediation implementation is monitored | AA68: TRUE | AB68: FALSE | AC68: =IF(AA68="","",IF(AA68=TRUE,1,0)) -> 1 | AD68: =IF(AB68="","",IF(AB68=TRUE,0.5,0)) -> 0 | AE68: =SUM(AC68:AD68) -> 1 | AF68: =IF(AE68=1,AC68,0) -> 1 | AG68: =IF(AE68=1,AD68,0) -> 0 | AH68: =IF(AD68=0,"",IF(AD68=1,2,0))
A69: 5. SIP/AIP, LAC, and TA plans are aligned | AA69: TRUE | AB69: FALSE | AC69: =IF(AA69="","",IF(AA69=TRUE,1,0)) -> 1 | AD69: =IF(AB69="","",IF(AB69=TRUE,0.5,0)) -> 0 | AE69: =SUM(AC69:AD69) -> 1 | AF69: =IF(AE69=1,AC69,0) -> 1 | AG69: =IF(AE69=1,AD69,0) -> 0 | AH69: =IF(AD69=0,"",IF(AD69=1,2,0))
A70: I. OVERALL DATA-TO-ACTION CYCLE | B70: =AF70 -> 5 | C70: =AG70 -> 0 | AC70: =IF(AA70="","",IF(AA70=TRUE,1,0)) | AD70: =IF(AB70="","",IF(AB70=TRUE,1,0)) | AF70: =SUM(AF65:AF69) -> 5 | AG70: =SUM(AG65:AG69) -> 0
A71: Indicator | B71: Yes | C71: No | D71: Remarks/Evidence | AC71: =IF(AA71="","",IF(AA71=TRUE,1,0)) | AD71: =IF(AB71="","",IF(AB71=TRUE,1,0))
A72: 1. Data is analyzed regularly | AA72: TRUE | AB72: FALSE | AC72: =IF(AA72="","",IF(AA72=TRUE,1,0)) -> 1 | AD72: =IF(AB72="","",IF(AB72=TRUE,0.5,0)) -> 0 | AE72: =SUM(AC72:AD72) -> 1 | AF72: =IF(AE72=1,AC72,0) -> 1 | AG72: =IF(AE72=1,AD72,0) -> 0 | AH72: =IF(AD72=0,"",IF(AD72=1,2,0))
A73: 2. Priority gaps are clearly identified | AA73: TRUE | AB73: FALSE | AC73: =IF(AA73="","",IF(AA73=TRUE,1,0)) -> 1 | AD73: =IF(AB73="","",IF(AB73=TRUE,0.5,0)) -> 0 | AE73: =SUM(AC73:AD73) -> 1 | AF73: =IF(AE73=1,AC73,0) -> 1 | AG73: =IF(AE73=1,AD73,0) -> 0 | AH73: =IF(AD73=0,"",IF(AD73=1,2,0))
A74: 3. Instructional adjustments are implemented | AA74: FALSE | AB74: TRUE | AC74: =IF(AA74="","",IF(AA74=TRUE,1,0)) -> 0 | AD74: =IF(AB74="","",IF(AB74=TRUE,0.5,0)) -> 0.5 | AE74: =SUM(AC74:AD74) -> 0.5 | AF74: =IF(AE74=1,AC74,0) -> 0 | AG74: =IF(AE74=1,AD74,0) -> 0 | AH74: =IF(AD74=0,"",IF(AD74=1,2,0)) -> 0
A75: 4. Impact is monitored and reviewed | AA75: FALSE | AB75: TRUE | AC75: =IF(AA75="","",IF(AA75=TRUE,1,0)) -> 0 | AD75: =IF(AB75="","",IF(AB75=TRUE,0.5,0)) -> 0.5 | AE75: =SUM(AC75:AD75) -> 0.5 | AF75: =IF(AE75=1,AC75,0) -> 0 | AG75: =IF(AE75=1,AD75,0) -> 0 | AH75: =IF(AD75=0,"",IF(AD75=1,2,0)) -> 0
AA76: FALSE | AB76: FALSE | AC76: =IF(AA76="","",IF(AA76=TRUE,1,0)) -> 0 | AD76: =IF(AB76="","",IF(AB76=TRUE,0.5,0)) -> 0 | AE76: =SUM(AC76:AD76) -> 0 | AF76: =IF(AE76=1,AC76,0) -> 0 | AG76: =IF(AE76=1,AD76,0) -> 0 | AH76: =IF(AD76=0,"",IF(AD76=1,2,0))
A77: SUMMARY OF FINDINGS | B77: =AF77 -> 2 | C77: =AG77 -> 0 | AF77: =SUM(AF71:AF76) -> 2 | AG77: =SUM(AG71:AG76) -> 0
A78: Strengths:
AF79: =SUM(AF21,AF28,AF35,AF42,AF49,AF56,AF63,AF70,AF77) -> 23 | AG79: =SUM(AG21,AG28,AG35,AG42,AG49,AG56,AG63,AG70,AG77) -> 0
A80: Areas for Improvement:
A82: Agreed Next Action (Next Quarter):
A85: Prepared by: | B85: Noted by:
A87: NAME OF SCHOOL HEAD | C87: RUFINO T. TUDLASAN PhD
A88: School Principal | C88: Education Program Supervisor
C91: RONIL D. MANAYON DevEdD
C92: PSDS, WEST 1 Secondary

Sheet BAKILID ES
A5: Republic of the Philippines
A6: Department of Education
A8: SCHOOLS DIVISION OF MANDAUE CITY
A10: CURRICULUM, INSTRUCTION, AND ASSESSMENT MONITORING CHECKLIST
A11: School: | B11: BAKILID ELEMENTARY SCHOOL
A12: Quarter:
A13: Monitored by:
A14: A. CURRICULUM–INSTRUCTION–ASSESSMENT ALIGNMENT
A15: Indicator | B15: Yes | C15: No | D15: Remarks/Evidence
A16: 1. MELC mapping (Planned vs Taught vs Assessed) is conducted | AA16: FALSE | AB16: FALSE | AC16: =IF(AA16="","",IF(AA16=TRUE,1,0)) -> 0 | AD16: =IF(AB16="","",IF(AB16=TRUE,0.5,0)) -> 0 | AE16: =SUM(AC16:AD16) -> 0 | AF16: =IF(AE16=1,AC16,0) -> 0 | AG16: =IF(AE16=1,AD16,0) -> 0 | AH16: =IF(AD16=0,"",IF(AD16=1,2,0))
A17: 2. All MELCs are reflected in lesson plans | AA17: FALSE | AB17: FALSE | AC17: =IF(AA17="","",IF(AA17=TRUE,1,0)) -> 0 | AD17: =IF(AB17="","",IF(AB17=TRUE,0.5,0)) -> 0 | AE17: =SUM(AC17:AD17) -> 0 | AF17: =IF(AE17=1,AC17,0) -> 0 | AG17: =IF(AE17=1,AD17,0) -> 0 | AH17: =IF(AD17=0,"",IF(AD17=1,2,0))
A18: 3. Assessments are aligned with taught MELCs | AA18: FALSE | AB18: FALSE | AC18: =IF(AA18="","",IF(AA18=TRUE,1,0)) -> 0 | AD18: =IF(AB18="","",IF(AB18=TRUE,0.5,0)) -> 0 | AE18: =SUM(AC18:AD18) -> 0 | AF18: =IF(AE18=1,AC18,0) -> 0 | AG18: =IF(AE18=1,AD18,0) -> 0 | AH18: =IF(AD18=0,"",IF(AD18=1,2,0))
A19: 4. High-frequency NAT MELCs are prioritized | AA19: FALSE | AB19: FALSE | AC19: =IF(AA19="","",IF(AA19=TRUE,1,0)) -> 0 | AD19: =IF(AB19="","",IF(AB19=TRUE,0.5,0)) -> 0 | AE19: =SUM(AC19:AD19) -> 0 | AF19: =IF(AE19=1,AC19,0) -> 0 | AG19: =IF(AE19=1,AD19,0) -> 0 | AH19: =IF(AD19=0,"",IF(AD19=1,2,0))
AA20: FALSE | AB20: FALSE | AC20: =IF(AA20="","",IF(AA20=TRUE,1,0)) -> 0 | AD20: =IF(AB20="","",IF(AB20=TRUE,0.5,0)) -> 0 | AE20: =SUM(AC20:AD20) -> 0 | AF20: =IF(AE20=1,AC20,0) -> 0 | AG20: =IF(AE20=1,AD20,0) -> 0 | AH20: =IF(AD20=0,"",IF(AD20=1,2,0))
A21: B. ASSESSMENT QUALITY (HOTS-BASED) | B21: =AF21 -> 0 | C21: =AG21 -> 0 | AC21: =IF(AA21="","",IF(AA21=TRUE,1,0)) | AD21: =IF(AB21="","",IF(AB21=TRUE,1,0)) | AF21: =SUM(AF16:AF20) -> 0 | AG21: =SUM(AG16:AG20) -> 0
A22: Indicator | B22: Yes | C22: No | D22: Remarks/Evidence | AC22: =IF(AA22="","",IF(AA22=TRUE,1,0)) | AD22: =IF(AB22="","",IF(AB22=TRUE,1,0))
A23: 1. Classroom tests include 40–50% HOTS items | AA23: FALSE | AB23: FALSE | AC23: =IF(AA23="","",IF(AA23=TRUE,1,0)) -> 0 | AD23: =IF(AB23="","",IF(AB23=TRUE,0.5,0)) -> 0 | AE23: =SUM(AC23:AD23) -> 0 | AF23: =IF(AE23=1,AC23,0) -> 0 | AG23: =IF(AE23=1,AD23,0) -> 0 | AH23: =IF(AD23=0,"",IF(AD23=1,2,0))
A24: 2. Test items reflect application, analysis, interpretation | AA24: FALSE | AB24: FALSE | AC24: =IF(AA24="","",IF(AA24=TRUE,1,0)) -> 0 | AD24: =IF(AB24="","",IF(AB24=TRUE,0.5,0)) -> 0 | AE24: =SUM(AC24:AD24) -> 0 | AF24: =IF(AE24=1,AC24,0) -> 0 | AG24: =IF(AE24=1,AD24,0) -> 0 | AH24: =IF(AD24=0,"",IF(AD24=1,2,0))
A25: 3. NAT-like test items are used | AA25: FALSE | AB25: FALSE | AC25: =IF(AA25="","",IF(AA25=TRUE,1,0)) -> 0 | AD25: =IF(AB25="","",IF(AB25=TRUE,0.5,0)) -> 0 | AE25: =SUM(AC25:AD25) -> 0 | AF25: =IF(AE25=1,AC25,0) -> 0 | AG25: =IF(AE25=1,AD25,0) -> 0 | AH25: =IF(AD25=0,"",IF(AD25=1,2,0))
A26: 4. Item analysis is conducted after assessments | AA26: FALSE | AB26: FALSE | AC26: =IF(AA26="","",IF(AA26=TRUE,1,0)) -> 0 | AD26: =IF(AB26="","",IF(AB26=TRUE,0.5,0)) -> 0 | AE26: =SUM(AC26:AD26) -> 0 | AF26: =IF(AE26=1,AC26,0) -> 0 | AG26: =IF(AE26=1,AD26,0) -> 0 | AH26: =IF(AD26=0,"",IF(AD26=1,2,0))
AA27: FALSE | AB27: FALSE | AC27: =IF(AA27="","",IF(AA27=TRUE,1,0)) -> 0 | AD27: =IF(AB27="","",IF(AB27=TRUE,0.5,0)) -> 0 | AE27: =SUM(AC27:AD27) -> 0 | AF27: =IF(AE27=1,AC27,0) -> 0 | AG27: =IF(AE27=1,AD27,0) -> 0 | AH27: =IF(AD27=0,"",IF(AD27=1,2,0))
A28: C. READING ACROSS LEARNING AREAS | B28: =AF28 -> 0 | C28: =AG28 -> 0 | AC28: =IF(AA28="","",IF(AA28=TRUE,1,0)) | AD28: =IF(AB28="","",IF(AB28=TRUE,1,0)) | AF28: =SUM(AF23:AF27) -> 0 | AG28: =SUM(AG23:AG27) -> 0
A29: Indicator | B29: Yes | C29: No | D29: Remarks/Evidence | AC29: =IF(AA29="","",IF(AA29=TRUE,1,0)) | AD29: =IF(AB29="","",IF(AB29=TRUE,1,0))
A30: 1. Reading strategies are integrated in all subjects | AA30: FALSE | AB30: FALSE | AC30: =IF(AA30="","",IF(AA30=TRUE,1,0)) -> 0 | AD30: =IF(AB30="","",IF(AB30=TRUE,0.5,0)) -> 0 | AE30: =SUM(AC30:AD30) -> 0 | AF30: =IF(AE30=1,AC30,0) -> 0 | AG30: =IF(AE30=1,AD30,0) -> 0 | AH30: =IF(AD30=0,"",IF(AD30=1,2,0))
A31: 2. Vocabulary is pre-taught before lessons | AA31: FALSE | AB31: FALSE | AC31: =IF(AA31="","",IF(AA31=TRUE,1,0)) -> 0 | AD31: =IF(AB31="","",IF(AB31=TRUE,0.5,0)) -> 0 | AE31: =SUM(AC31:AD31) -> 0 | AF31: =IF(AE31=1,AC31,0) -> 0 | AG31: =IF(AE31=1,AD31,0) -> 0 | AH31: =IF(AD31=0,"",IF(AD31=1,2,0))
A32: 3. Learners explain answers in words | AA32: FALSE | AB32: FALSE | AC32: =IF(AA32="","",IF(AA32=TRUE,1,0)) -> 0 | AD32: =IF(AB32="","",IF(AB32=TRUE,0.5,0)) -> 0 | AE32: =SUM(AC32:AD32) -> 0 | AF32: =IF(AE32=1,AC32,0) -> 0 | AG32: =IF(AE32=1,AD32,0) -> 0 | AH32: =IF(AD32=0,"",IF(AD32=1,2,0))
A33: 4. Learners justify solutions/answers | AA33: FALSE | AB33: FALSE | AC33: =IF(AA33="","",IF(AA33=TRUE,1,0)) -> 0 | AD33: =IF(AB33="","",IF(AB33=TRUE,0.5,0)) -> 0 | AE33: =SUM(AC33:AD33) -> 0 | AF33: =IF(AE33=1,AC33,0) -> 0 | AG33: =IF(AE33=1,AD33,0) -> 0 | AH33: =IF(AD33=0,"",IF(AD33=1,2,0))
AA34: FALSE | AB34: FALSE | AC34: =IF(AA34="","",IF(AA34=TRUE,1,0)) -> 0 | AD34: =IF(AB34="","",IF(AB34=TRUE,0.5,0)) -> 0 | AE34: =SUM(AC34:AD34) -> 0 | AF34: =IF(AE34=1,AC34,0) -> 0 | AG34: =IF(AE34=1,AD34,0) -> 0 | AH34: =IF(AD34=0,"",IF(AD34=1,2,0))
A35: D. TARGETED REMEDIATION | B35: =AF35 -> 0 | C35: =AG35 -> 0 | AC35: =IF(AA35="","",IF(AA35=TRUE,1,0)) | AD35: =IF(AB35="","",IF(AB35=TRUE,1,0)) | AF35: =SUM(AF30:AF34) -> 0 | AG35: =SUM(AG30:AG34) -> 0
A36: Indicator | B36: Yes | C36: No | D36: Remarks/Evidence | AC36: =IF(AA36="","",IF(AA36=TRUE,1,0)) | AD36: =IF(AB36="","",IF(AB36=TRUE,1,0))
A37: 1. Item analysis identifies specific MELC gaps | AA37: FALSE | AB37: FALSE | AC37: =IF(AA37="","",IF(AA37=TRUE,1,0)) -> 0 | AD37: =IF(AB37="","",IF(AB37=TRUE,0.5,0)) -> 0 | AE37: =SUM(AC37:AD37) -> 0 | AF37: =IF(AE37=1,AC37,0) -> 0 | AG37: =IF(AE37=1,AD37,0) -> 0 | AH37: =IF(AD37=0,"",IF(AD37=1,2,0))
A38: 2. Learners are grouped based on skill gaps | AA38: FALSE | AB38: FALSE | AC38: =IF(AA38="","",IF(AA38=TRUE,1,0)) -> 0 | AD38: =IF(AB38="","",IF(AB38=TRUE,0.5,0)) -> 0 | AE38: =SUM(AC38:AD38) -> 0 | AF38: =IF(AE38=1,AC38,0) -> 0 | AG38: =IF(AE38=1,AD38,0) -> 0 | AH38: =IF(AD38=0,"",IF(AD38=1,2,0))
A39: 3. Remediation activities are focused and MELC-based | AA39: FALSE | AB39: FALSE | AC39: =IF(AA39="","",IF(AA39=TRUE,1,0)) -> 0 | AD39: =IF(AB39="","",IF(AB39=TRUE,0.5,0)) -> 0 | AE39: =SUM(AC39:AD39) -> 0 | AF39: =IF(AE39=1,AC39,0) -> 0 | AG39: =IF(AE39=1,AD39,0) -> 0 | AH39: =IF(AD39=0,"",IF(AD39=1,2,0))
A40: 4. Progress of learners is regularly monitored | AA40: FALSE | AB40: FALSE | AC40: =IF(AA40="","",IF(AA40=TRUE,1,0)) -> 0 | AD40: =IF(AB40="","",IF(AB40=TRUE,0.5,0)) -> 0 | AE40: =SUM(AC40:AD40) -> 0 | AF40: =IF(AE40=1,AC40,0) -> 0 | AG40: =IF(AE40=1,AD40,0) -> 0 | AH40: =IF(AD40=0,"",IF(AD40=1,2,0))
AA41: FALSE | AB41: FALSE | AC41: =IF(AA41="","",IF(AA41=TRUE,1,0)) -> 0 | AD41: =IF(AB41="","",IF(AB41=TRUE,0.5,0)) -> 0 | AE41: =SUM(AC41:AD41) -> 0 | AF41: =IF(AE41=1,AC41,0) -> 0 | AG41: =IF(AE41=1,AD41,0) -> 0 | AH41: =IF(AD41=0,"",IF(AD41=1,2,0))
A42: E. DATA UTILIZATION (LAC & INSTRUCTIONAL ADJUSTMENT) | B42: =AF42 -> 0 | C42: =AG42 -> 0 | AC42: =IF(AA42="","",IF(AA42=TRUE,1,0)) | AD42: =IF(AB42="","",IF(AB42=TRUE,1,0)) | AF42: =SUM(AF37:AF41) -> 0 | AG42: =SUM(AG37:AG41) -> 0
A43: Indicator | B43: Yes | C43: No | D43: Remarks/Evidence | AC43: =IF(AA43="","",IF(AA43=TRUE,1,0)) | AD43: =IF(AB43="","",IF(AB43=TRUE,1,0))
A44: 1. Quarterly data review meetings are conducted | AA44: FALSE | AB44: FALSE | AC44: =IF(AA44="","",IF(AA44=TRUE,1,0)) -> 0 | AD44: =IF(AB44="","",IF(AB44=TRUE,0.5,0)) -> 0 | AE44: =SUM(AC44:AD44) -> 0 | AF44: =IF(AE44=1,AC44,0) -> 0 | AG44: =IF(AE44=1,AD44,0) -> 0 | AH44: =IF(AD44=0,"",IF(AD44=1,2,0))
A45: 2. LAC sessions include data discussion | AA45: FALSE | AB45: FALSE | AC45: =IF(AA45="","",IF(AA45=TRUE,1,0)) -> 0 | AD45: =IF(AB45="","",IF(AB45=TRUE,0.5,0)) -> 0 | AE45: =SUM(AC45:AD45) -> 0 | AF45: =IF(AE45=1,AC45,0) -> 0 | AG45: =IF(AE45=1,AD45,0) -> 0 | AH45: =IF(AD45=0,"",IF(AD45=1,2,0))
A46: 3. Instruction is adjusted based on data | AA46: FALSE | AB46: FALSE | AC46: =IF(AA46="","",IF(AA46=TRUE,1,0)) -> 0 | AD46: =IF(AB46="","",IF(AB46=TRUE,0.5,0)) -> 0 | AE46: =SUM(AC46:AD46) -> 0 | AF46: =IF(AE46=1,AC46,0) -> 0 | AG46: =IF(AE46=1,AD46,0) -> 0 | AH46: =IF(AD46=0,"",IF(AD46=1,2,0))
A47: 4. LAC minutes reflect data-based decisions | AA47: FALSE | AB47: FALSE | AC47: =IF(AA47="","",IF(AA47=TRUE,1,0)) -> 0 | AD47: =IF(AB47="","",IF(AB47=TRUE,0.5,0)) -> 0 | AE47: =SUM(AC47:AD47) -> 0 | AF47: =IF(AE47=1,AC47,0) -> 0 | AG47: =IF(AE47=1,AD47,0) -> 0 | AH47: =IF(AD47=0,"",IF(AD47=1,2,0))
AA48: FALSE | AB48: FALSE | AC48: =IF(AA48="","",IF(AA48=TRUE,1,0)) -> 0 | AD48: =IF(AB48="","",IF(AB48=TRUE,0.5,0)) -> 0 | AE48: =SUM(AC48:AD48) -> 0 | AF48: =IF(AE48=1,AC48,0) -> 0 | AG48: =IF(AE48=1,AD48,0) -> 0 | AH48: =IF(AD48=0,"",IF(AD48=1,2,0))
A49: F. LEARNING RESOURCE (LR) QUALITY & UTILIZATION | B49: =AF49 -> 0 | C49: =AG49 -> 0 | AC49: =IF(AA49="","",IF(AA49=TRUE,1,0)) | AD49: =IF(AB49="","",IF(AB49=TRUE,1,0)) | AF49: =SUM(AF44:AF48) -> 0 | AG49: =SUM(AG44:AG48) -> 0
A50: Indicator | B50: Yes | C50: No | D50: Remarks/Evidence | AC50: =IF(AA50="","",IF(AA50=TRUE,1,0)) | AD50: =IF(AB50="","",IF(AB50=TRUE,1,0))
A51: 1. LRs clearly indicate MELC | AA51: FALSE | AB51: FALSE | AC51: =IF(AA51="","",IF(AA51=TRUE,1,0)) -> 0 | AD51: =IF(AB51="","",IF(AB51=TRUE,0.5,0)) -> 0 | AE51: =SUM(AC51:AD51) -> 0 | AF51: =IF(AE51=1,AC51,0) -> 0 | AG51: =IF(AE51=1,AD51,0) -> 0 | AH51: =IF(AD51=0,"",IF(AD51=1,2,0))
A52: 2. One MELC is targeted per LR | AA52: FALSE | AB52: FALSE | AC52: =IF(AA52="","",IF(AA52=TRUE,1,0)) -> 0 | AD52: =IF(AB52="","",IF(AB52=TRUE,0.5,0)) -> 0 | AE52: =SUM(AC52:AD52) -> 0 | AF52: =IF(AE52=1,AC52,0) -> 0 | AG52: =IF(AE52=1,AD52,0) -> 0 | AH52: =IF(AD52=0,"",IF(AD52=1,2,0))
A53: 3. LRs include embedded assessment (rubrics/checks) | AA53: FALSE | AB53: FALSE | AC53: =IF(AA53="","",IF(AA53=TRUE,1,0)) -> 0 | AD53: =IF(AB53="","",IF(AB53=TRUE,0.5,0)) -> 0 | AE53: =SUM(AC53:AD53) -> 0 | AF53: =IF(AE53=1,AC53,0) -> 0 | AG53: =IF(AE53=1,AD53,0) -> 0 | AH53: =IF(AD53=0,"",IF(AD53=1,2,0))
A54: 4. School conducts LR pre-validation | AA54: FALSE | AB54: FALSE | AC54: =IF(AA54="","",IF(AA54=TRUE,1,0)) -> 0 | AD54: =IF(AB54="","",IF(AB54=TRUE,0.5,0)) -> 0 | AE54: =SUM(AC54:AD54) -> 0 | AF54: =IF(AE54=1,AC54,0) -> 0 | AG54: =IF(AE54=1,AD54,0) -> 0 | AH54: =IF(AD54=0,"",IF(AD54=1,2,0))
A55: 5. CID-validated LRs are used in lessons | AA55: FALSE | AB55: FALSE | AC55: =IF(AA55="","",IF(AA55=TRUE,1,0)) -> 0 | AD55: =IF(AB55="","",IF(AB55=TRUE,0.5,0)) -> 0 | AE55: =SUM(AC55:AD55) -> 0 | AF55: =IF(AE55=1,AC55,0) -> 0 | AG55: =IF(AE55=1,AD55,0) -> 0 | AH55: =IF(AD55=0,"",IF(AD55=1,2,0))
A56: G. TECHNICAL ASSISTANCE (TA) IMPLEMENTATION | B56: =AF56 -> 0 | C56: =AG56 -> 0 | AC56: =IF(AA56="","",IF(AA56=TRUE,1,0)) | AD56: =IF(AB56="","",IF(AB56=TRUE,1,0)) | AF56: =SUM(AF51:AF55) -> 0 | AG56: =SUM(AG51:AG55) -> 0
A57: Indicator | B57: Yes | C57: No | D57: Remarks/Evidence | AC57: =IF(AA57="","",IF(AA57=TRUE,1,0)) | AD57: =IF(AB57="","",IF(AB57=TRUE,1,0))
A58: 1. Baseline data prepared before TA Round 1 | AA58: FALSE | AB58: FALSE | AC58: =IF(AA58="","",IF(AA58=TRUE,1,0)) -> 0 | AD58: =IF(AB58="","",IF(AB58=TRUE,0.5,0)) -> 0 | AE58: =SUM(AC58:AD58) -> 0 | AF58: =IF(AE58=1,AC58,0) -> 0 | AG58: =IF(AE58=1,AD58,0) -> 0 | AH58: =IF(AD58=0,"",IF(AD58=1,2,0))
A59: 2. Priority instructional gaps identified (2–3 only) | AA59: FALSE | AB59: FALSE | AC59: =IF(AA59="","",IF(AA59=TRUE,1,0)) -> 0 | AD59: =IF(AB59="","",IF(AB59=TRUE,0.5,0)) -> 0 | AE59: =SUM(AC59:AD59) -> 0 | AF59: =IF(AE59=1,AC59,0) -> 0 | AG59: =IF(AE59=1,AD59,0) -> 0 | AH59: =IF(AD59=0,"",IF(AD59=1,2,0))
A60: 3. TA recommendations are applied in class | AA60: FALSE | AB60: FALSE | AC60: =IF(AA60="","",IF(AA60=TRUE,1,0)) -> 0 | AD60: =IF(AB60="","",IF(AB60=TRUE,0.5,0)) -> 0 | AE60: =SUM(AC60:AD60) -> 0 | AF60: =IF(AE60=1,AC60,0) -> 0 | AG60: =IF(AE60=1,AD60,0) -> 0 | AH60: =IF(AD60=0,"",IF(AD60=1,2,0))
A61: 4. Evidence of implementation is available for TA Round 2 | AA61: FALSE | AB61: FALSE | AC61: =IF(AA61="","",IF(AA61=TRUE,1,0)) -> 0 | AD61: =IF(AB61="","",IF(AB61=TRUE,0.5,0)) -> 0 | AE61: =SUM(AC61:AD61) -> 0 | AF61: =IF(AE61=1,AC61,0) -> 0 | AG61: =IF(AE61=1,AD61,0) -> 0 | AH61: =IF(AD61=0,"",IF(AD61=1,2,0))
AA62: FALSE | AB62: FALSE | AC62: =IF(AA62="","",IF(AA62=TRUE,1,0)) -> 0 | AD62: =IF(AB62="","",IF(AB62=TRUE,0.5,0)) -> 0 | AE62: =SUM(AC62:AD62) -> 0 | AF62: =IF(AE62=1,AC62,0) -> 0 | AG62: =IF(AE62=1,AD62,0) -> 0 | AH62: =IF(AD62=0,"",IF(AD62=1,2,0))
A63: H. INSTRUCTIONAL LEADERSHIP & MONITORING | B63: =AF63 -> 0 | C63: =AG63 -> 0 | AC63: =IF(AA63="","",IF(AA63=TRUE,1,0)) | AD63: =IF(AB63="","",IF(AB63=TRUE,1,0)) | AF63: =SUM(AF58:AF62) -> 0 | AG63: =SUM(AG58:AG62) -> 0
A64: Indicator | B64: Yes | C64: No | D64: Remarks/Evidence | AC64: =IF(AA64="","",IF(AA64=TRUE,1,0)) | AD64: =IF(AB64="","",IF(AB64=TRUE,1,0))
A65: 1. Lesson plans are regularly reviewed | AA65: FALSE | AB65: FALSE | AC65: =IF(AA65="","",IF(AA65=TRUE,1,0)) -> 0 | AD65: =IF(AB65="","",IF(AB65=TRUE,0.5,0)) -> 0 | AE65: =SUM(AC65:AD65) -> 0 | AF65: =IF(AE65=1,AC65,0) -> 0 | AG65: =IF(AE65=1,AD65,0) -> 0 | AH65: =IF(AD65=0,"",IF(AD65=1,2,0))
A66: 2. Classroom observations are conducted | AA66: FALSE | AB66: FALSE | AC66: =IF(AA66="","",IF(AA66=TRUE,1,0)) -> 0 | AD66: =IF(AB66="","",IF(AB66=TRUE,0.5,0)) -> 0 | AE66: =SUM(AC66:AD66) -> 0 | AF66: =IF(AE66=1,AC66,0) -> 0 | AG66: =IF(AE66=1,AD66,0) -> 0 | AH66: =IF(AD66=0,"",IF(AD66=1,2,0))
A67: 3. Feedback is provided to teachers | AA67: FALSE | AB67: FALSE | AC67: =IF(AA67="","",IF(AA67=TRUE,1,0)) -> 0 | AD67: =IF(AB67="","",IF(AB67=TRUE,0.5,0)) -> 0 | AE67: =SUM(AC67:AD67) -> 0 | AF67: =IF(AE67=1,AC67,0) -> 0 | AG67: =IF(AE67=1,AD67,0) -> 0 | AH67: =IF(AD67=0,"",IF(AD67=1,2,0))
A68: 4. Remediation implementation is monitored | AA68: FALSE | AB68: FALSE | AC68: =IF(AA68="","",IF(AA68=TRUE,1,0)) -> 0 | AD68: =IF(AB68="","",IF(AB68=TRUE,0.5,0)) -> 0 | AE68: =SUM(AC68:AD68) -> 0 | AF68: =IF(AE68=1,AC68,0) -> 0 | AG68: =IF(AE68=1,AD68,0) -> 0 | AH68: =IF(AD68=0,"",IF(AD68=1,2,0))
A69: 5. SIP/AIP, LAC, and TA plans are aligned | AA69: FALSE | AB69: FALSE | AC69: =IF(AA69="","",IF(AA69=TRUE,1,0)) -> 0 | AD69: =IF(AB69="","",IF(AB69=TRUE,0.5,0)) -> 0 | AE69: =SUM(AC69:AD69) -> 0 | AF69: =IF(AE69=1,AC69,0) -> 0 | AG69: =IF(AE69=1,AD69,0) -> 0 | AH69: =IF(AD69=0,"",IF(AD69=1,2,0))
A70: I. OVERALL DATA-TO-ACTION CYCLE | B70: =AF70 -> 0 | C70: =AG70 -> 0 | AC70: =IF(AA70="","",IF(AA70=TRUE,1,0)) | AD70: =IF(AB70="","",IF(AB70=TRUE,1,0)) | AF70: =SUM(AF65:AF69) -> 0 | AG70: =SUM(AG65:AG69) -> 0
A71: Indicator | B71: Yes | C71: No | D71: Remarks/Evidence | AC71: =IF(AA71="","",IF(AA71=TRUE,1,0)) | AD71: =IF(AB71="","",IF(AB71=TRUE,1,0))
A72: 1. Data is analyzed regularly | AA72: FALSE | AB72: FALSE | AC72: =IF(AA72="","",IF(AA72=TRUE,1,0)) -> 0 | AD72: =IF(AB72="","",IF(AB72=TRUE,0.5,0)) -> 0 | AE72: =SUM(AC72:AD72) -> 0 | AF72: =IF(AE72=1,AC72,0) -> 0 | AG72: =IF(AE72=1,AD72,0) -> 0 | AH72: =IF(AD72=0,"",IF(AD72=1,2,0))
A73: 2. Priority gaps are clearly identified | AA73: FALSE | AB73: FALSE | AC73: =IF(AA73="","",IF(AA73=TRUE,1,0)) -> 0 | AD73: =IF(AB73="","",IF(AB73=TRUE,0.5,0)) -> 0 | AE73: =SUM(AC73:AD73) -> 0 | AF73: =IF(AE73=1,AC73,0) -> 0 | AG73: =IF(AE73=1,AD73,0) -> 0 | AH73: =IF(AD73=0,"",IF(AD73=1,2,0))
A74: 3. Instructional adjustments are implemented | AA74: FALSE | AB74: FALSE | AC74: =IF(AA74="","",IF(AA74=TRUE,1,0)) -> 0 | AD74: =IF(AB74="","",IF(AB74=TRUE,0.5,0)) -> 0 | AE74: =SUM(AC74:AD74) -> 0 | AF74: =IF(AE74=1,AC74,0) -> 0 | AG74: =IF(AE74=1,AD74,0) -> 0 | AH74: =IF(AD74=0,"",IF(AD74=1,2,0))
A75: 4. Impact is monitored and reviewed | AA75: FALSE | AB75: FALSE | AC75: =IF(AA75="","",IF(AA75=TRUE,1,0)) -> 0 | AD75: =IF(AB75="","",IF(AB75=TRUE,0.5,0)) -> 0 | AE75: =SUM(AC75:AD75) -> 0 | AF75: =IF(AE75=1,AC75,0) -> 0 | AG75: =IF(AE75=1,AD75,0) -> 0 | AH75: =IF(AD75=0,"",IF(AD75=1,2,0))
AA76: FALSE | AB76: FALSE | AC76: =IF(AA76="","",IF(AA76=TRUE,1,0)) -> 0 | AD76: =IF(AB76="","",IF(AB76=TRUE,0.5,0)) -> 0 | AE76: =SUM(AC76:AD76) -> 0 | AF76: =IF(AE76=1,AC76,0) -> 0 | AG76: =IF(AE76=1,AD76,0) -> 0 | AH76: =IF(AD76=0,"",IF(AD76=1,2,0))
A77: SUMMARY OF FINDINGS | B77: =AF77 -> 0 | C77: =AG77 -> 0 | AF77: =SUM(AF71:AF76) -> 0 | AG77: =SUM(AG71:AG76) -> 0
A78: Strengths:
AF79: =SUM(AF21,AF28,AF35,AF42,AF49,AF56,AF63,AF70,AF77) -> 0 | AG79: =SUM(AG21,AG28,AG35,AG42,AG49,AG56,AG63,AG70,AG77) -> 0
A80: Areas for Improvement:
A82: Agreed Next Action (Next Quarter):
A85: Prepared by: | B85: Noted by:
A87: NAME OF SCHOOL HEAD | C87: RUFINO T. TUDLASAN PhD
A88: School Principal | C88: Education Program Supervisor
C91: RONIL D. MANAYON DevEdD
C92: PSDS, WEST 1 Secondary

Sheet TINGUB ES
A5: Republic of the Philippines
A6: Department of Education
A8: SCHOOLS DIVISION OF MANDAUE CITY
A10: CURRICULUM, INSTRUCTION, AND ASSESSMENT MONITORING CHECKLIST
A11: School: | B11: TINGUB ELEMENTARY SCHOOL
A12: Quarter:
A13: Monitored by:
A14: A. CURRICULUM–INSTRUCTION–ASSESSMENT ALIGNMENT
A15: Indicator | B15: Yes | C15: No | D15: Remarks/Evidence
A16: 1. MELC mapping (Planned vs Taught vs Assessed) is conducted | AA16: FALSE | AB16: FALSE | AC16: =IF(AA16="","",IF(AA16=TRUE,1,0)) -> 0 | AD16: =IF(AB16="","",IF(AB16=TRUE,0.5,0)) -> 0 | AE16: =SUM(AC16:AD16) -> 0 | AF16: =IF(AE16=1,AC16,0) -> 0 | AG16: =IF(AE16=1,AD16,0) -> 0 | AH16: =IF(AD16=0,"",IF(AD16=1,2,0))
A17: 2. All MELCs are reflected in lesson plans | AA17: FALSE | AB17: FALSE | AC17: =IF(AA17="","",IF(AA17=TRUE,1,0)) -> 0 | AD17: =IF(AB17="","",IF(AB17=TRUE,0.5,0)) -> 0 | AE17: =SUM(AC17:AD17) -> 0 | AF17: =IF(AE17=1,AC17,0) -> 0 | AG17: =IF(AE17=1,AD17,0) -> 0 | AH17: =IF(AD17=0,"",IF(AD17=1,2,0))
A18: 3. Assessments are aligned with taught MELCs | AA18: FALSE | AB18: FALSE | AC18: =IF(AA18="","",IF(AA18=TRUE,1,0)) -> 0 | AD18: =IF(AB18="","",IF(AB18=TRUE,0.5,0)) -> 0 | AE18: =SUM(AC18:AD18) -> 0 | AF18: =IF(AE18=1,AC18,0) -> 0 | AG18: =IF(AE18=1,AD18,0) -> 0 | AH18: =IF(AD18=0,"",IF(AD18=1,2,0))
A19: 4. High-frequency NAT MELCs are prioritized | AA19: FALSE | AB19: FALSE | AC19: =IF(AA19="","",IF(AA19=TRUE,1,0)) -> 0 | AD19: =IF(AB19="","",IF(AB19=TRUE,0.5,0)) -> 0 | AE19: =SUM(AC19:AD19) -> 0 | AF19: =IF(AE19=1,AC19,0) -> 0 | AG19: =IF(AE19=1,AD19,0) -> 0 | AH19: =IF(AD19=0,"",IF(AD19=1,2,0))
AA20: FALSE | AB20: FALSE | AC20: =IF(AA20="","",IF(AA20=TRUE,1,0)) -> 0 | AD20: =IF(AB20="","",IF(AB20=TRUE,0.5,0)) -> 0 | AE20: =SUM(AC20:AD20) -> 0 | AF20: =IF(AE20=1,AC20,0) -> 0 | AG20: =IF(AE20=1,AD20,0) -> 0 | AH20: =IF(AD20=0,"",IF(AD20=1,2,0))
A21: B. ASSESSMENT QUALITY (HOTS-BASED) | B21: =AF21 -> 0 | C21: =AG21 -> 0 | AC21: =IF(AA21="","",IF(AA21=TRUE,1,0)) | AD21: =IF(AB21="","",IF(AB21=TRUE,1,0)) | AF21: =SUM(AF16:AF20) -> 0 | AG21: =SUM(AG16:AG20) -> 0
A22: Indicator | B22: Yes | C22: No | D22: Remarks/Evidence | AC22: =IF(AA22="","",IF(AA22=TRUE,1,0)) | AD22: =IF(AB22="","",IF(AB22=TRUE,1,0))
A23: 1. Classroom tests include 40–50% HOTS items | AA23: FALSE | AB23: FALSE | AC23: =IF(AA23="","",IF(AA23=TRUE,1,0)) -> 0 | AD23: =IF(AB23="","",IF(AB23=TRUE,0.5,0)) -> 0 | AE23: =SUM(AC23:AD23) -> 0 | AF23: =IF(AE23=1,AC23,0) -> 0 | AG23: =IF(AE23=1,AD23,0) -> 0 | AH23: =IF(AD23=0,"",IF(AD23=1,2,0))
A24: 2. Test items reflect application, analysis, interpretation | AA24: FALSE | AB24: FALSE | AC24: =IF(AA24="","",IF(AA24=TRUE,1,0)) -> 0 | AD24: =IF(AB24="","",IF(AB24=TRUE,0.5,0)) -> 0 | AE24: =SUM(AC24:AD24) -> 0 | AF24: =IF(AE24=1,AC24,0) -> 0 | AG24: =IF(AE24=1,AD24,0) -> 0 | AH24: =IF(AD24=0,"",IF(AD24=1,2,0))
A25: 3. NAT-like test items are used | AA25: FALSE | AB25: FALSE | AC25: =IF(AA25="","",IF(AA25=TRUE,1,0)) -> 0 | AD25: =IF(AB25="","",IF(AB25=TRUE,0.5,0)) -> 0 | AE25: =SUM(AC25:AD25) -> 0 | AF25: =IF(AE25=1,AC25,0) -> 0 | AG25: =IF(AE25=1,AD25,0) -> 0 | AH25: =IF(AD25=0,"",IF(AD25=1,2,0))
A26: 4. Item analysis is conducted after assessments | AA26: FALSE | AB26: FALSE | AC26: =IF(AA26="","",IF(AA26=TRUE,1,0)) -> 0 | AD26: =IF(AB26="","",IF(AB26=TRUE,0.5,0)) -> 0 | AE26: =SUM(AC26:AD26) -> 0 | AF26: =IF(AE26=1,AC26,0) -> 0 | AG26: =IF(AE26=1,AD26,0) -> 0 | AH26: =IF(AD26=0,"",IF(AD26=1,2,0))
AA27: FALSE | AB27: FALSE | AC27: =IF(AA27="","",IF(AA27=TRUE,1,0)) -> 0 | AD27: =IF(AB27="","",IF(AB27=TRUE,0.5,0)) -> 0 | AE27: =SUM(AC27:AD27) -> 0 | AF27: =IF(AE27=1,AC27,0) -> 0 | AG27: =IF(AE27=1,AD27,0) -> 0 | AH27: =IF(AD27=0,"",IF(AD27=1,2,0))
A28: C. READING ACROSS LEARNING AREAS | B28: =AF28 -> 0 | C28: =AG28 -> 0 | AC28: =IF(AA28="","",IF(AA28=TRUE,1,0)) | AD28: =IF(AB28="","",IF(AB28=TRUE,1,0)) | AF28: =SUM(AF23:AF27) -> 0 | AG28: =SUM(AG23:AG27) -> 0
A29: Indicator | B29: Yes | C29: No | D29: Remarks/Evidence | AC29: =IF(AA29="","",IF(AA29=TRUE,1,0)) | AD29: =IF(AB29="","",IF(AB29=TRUE,1,0))
A30: 1. Reading strategies are integrated in all subjects | AA30: FALSE | AB30: FALSE | AC30: =IF(AA30="","",IF(AA30=TRUE,1,0)) -> 0 | AD30: =IF(AB30="","",IF(AB30=TRUE,0.5,0)) -> 0 | AE30: =SUM(AC30:AD30) -> 0 | AF30: =IF(AE30=1,AC30,0) -> 0 | AG30: =IF(AE30=1,AD30,0) -> 0 | AH30: =IF(AD30=0,"",IF(AD30=1,2,0))
A31: 2. Vocabulary is pre-taught before lessons | AA31: FALSE | AB31: FALSE | AC31: =IF(AA31="","",IF(AA31=TRUE,1,0)) -> 0 | AD31: =IF(AB31="","",IF(AB31=TRUE,0.5,0)) -> 0 | AE31: =SUM(AC31:AD31) -> 0 | AF31: =IF(AE31=1,AC31,0) -> 0 | AG31: =IF(AE31=1,AD31,0) -> 0 | AH31: =IF(AD31=0,"",IF(AD31=1,2,0))
A32: 3. Learners explain answers in words | AA32: FALSE | AB32: FALSE | AC32: =IF(AA32="","",IF(AA32=TRUE,1,0)) -> 0 | AD32: =IF(AB32="","",IF(AB32=TRUE,0.5,0)) -> 0 | AE32: =SUM(AC32:AD32) -> 0 | AF32: =IF(AE32=1,AC32,0) -> 0 | AG32: =IF(AE32=1,AD32,0) -> 0 | AH32: =IF(AD32=0,"",IF(AD32=1,2,0))
A33: 4. Learners justify solutions/answers | AA33: FALSE | AB33: FALSE | AC33: =IF(AA33="","",IF(AA33=TRUE,1,0)) -> 0 | AD33: =IF(AB33="","",IF(AB33=TRUE,0.5,0)) -> 0 | AE33: =SUM(AC33:AD33) -> 0 | AF33: =IF(AE33=1,AC33,0) -> 0 | AG33: =IF(AE33=1,AD33,0) -> 0 | AH33: =IF(AD33=0,"",IF(AD33=1,2,0))
AA34: FALSE | AB34: FALSE | AC34: =IF(AA34="","",IF(AA34=TRUE,1,0)) -> 0 | AD34: =IF(AB34="","",IF(AB34=TRUE,0.5,0)) -> 0 | AE34: =SUM(AC34:AD34) -> 0 | AF34: =IF(AE34=1,AC34,0) -> 0 | AG34: =IF(AE34=1,AD34,0) -> 0 | AH34: =IF(AD34=0,"",IF(AD34=1,2,0))
A35: D. TARGETED REMEDIATION | B35: =AF35 -> 0 | C35: =AG35 -> 0 | AC35: =IF(AA35="","",IF(AA35=TRUE,1,0)) | AD35: =IF(AB35="","",IF(AB35=TRUE,1,0)) | AF35: =SUM(AF30:AF34) -> 0 | AG35: =SUM(AG30:AG34) -> 0
A36: Indicator | B36: Yes | C36: No | D36: Remarks/Evidence | AC36: =IF(AA36="","",IF(AA36=TRUE,1,0)) | AD36: =IF(AB36="","",IF(AB36=TRUE,1,0))
A37: 1. Item analysis identifies specific MELC gaps | AA37: FALSE | AB37: FALSE | AC37: =IF(AA37="","",IF(AA37=TRUE,1,0)) -> 0 | AD37: =IF(AB37="","",IF(AB37=TRUE,0.5,0)) -> 0 | AE37: =SUM(AC37:AD37) -> 0 | AF37: =IF(AE37=1,AC37,0) -> 0 | AG37: =IF(AE37=1,AD37,0) -> 0 | AH37: =IF(AD37=0,"",IF(AD37=1,2,0))
A38: 2. Learners are grouped based on skill gaps | AA38: FALSE | AB38: FALSE | AC38: =IF(AA38="","",IF(AA38=TRUE,1,0)) -> 0 | AD38: =IF(AB38="","",IF(AB38=TRUE,0.5,0)) -> 0 | AE38: =SUM(AC38:AD38) -> 0 | AF38: =IF(AE38=1,AC38,0) -> 0 | AG38: =IF(AE38=1,AD38,0) -> 0 | AH38: =IF(AD38=0,"",IF(AD38=1,2,0))
A39: 3. Remediation activities are focused and MELC-based | AA39: FALSE | AB39: FALSE | AC39: =IF(AA39="","",IF(AA39=TRUE,1,0)) -> 0 | AD39: =IF(AB39="","",IF(AB39=TRUE,0.5,0)) -> 0 | AE39: =SUM(AC39:AD39) -> 0 | AF39: =IF(AE39=1,AC39,0) -> 0 | AG39: =IF(AE39=1,AD39,0) -> 0 | AH39: =IF(AD39=0,"",IF(AD39=1,2,0))
A40: 4. Progress of learners is regularly monitored | AA40: FALSE | AB40: FALSE | AC40: =IF(AA40="","",IF(AA40=TRUE,1,0)) -> 0 | AD40: =IF(AB40="","",IF(AB40=TRUE,0.5,0)) -> 0 | AE40: =SUM(AC40:AD40) -> 0 | AF40: =IF(AE40=1,AC40,0) -> 0 | AG40: =IF(AE40=1,AD40,0) -> 0 | AH40: =IF(AD40=0,"",IF(AD40=1,2,0))
AA41: FALSE | AB41: FALSE | AC41: =IF(AA41="","",IF(AA41=TRUE,1,0)) -> 0 | AD41: =IF(AB41="","",IF(AB41=TRUE,0.5,0)) -> 0 | AE41: =SUM(AC41:AD41) -> 0 | AF41: =IF(AE41=1,AC41,0) -> 0 | AG41: =IF(AE41=1,AD41,0) -> 0 | AH41: =IF(AD41=0,"",IF(AD41=1,2,0))
A42: E. DATA UTILIZATION (LAC & INSTRUCTIONAL ADJUSTMENT) | B42: =AF42 -> 0 | C42: =AG42 -> 0 | AC42: =IF(AA42="","",IF(AA42=TRUE,1,0)) | AD42: =IF(AB42="","",IF(AB42=TRUE,1,0)) | AF42: =SUM(AF37:AF41) -> 0 | AG42: =SUM(AG37:AG41) -> 0
A43: Indicator | B43: Yes | C43: No | D43: Remarks/Evidence | AC43: =IF(AA43="","",IF(AA43=TRUE,1,0)) | AD43: =IF(AB43="","",IF(AB43=TRUE,1,0))
A44: 1. Quarterly data review meetings are conducted | AA44: FALSE | AB44: FALSE | AC44: =IF(AA44="","",IF(AA44=TRUE,1,0)) -> 0 | AD44: =IF(AB44="","",IF(AB44=TRUE,0.5,0)) -> 0 | AE44: =SUM(AC44:AD44) -> 0 | AF44: =IF(AE44=1,AC44,0) -> 0 | AG44: =IF(AE44=1,AD44,0) -> 0 | AH44: =IF(AD44=0,"",IF(AD44=1,2,0))
A45: 2. LAC sessions include data discussion | AA45: FALSE | AB45: FALSE | AC45: =IF(AA45="","",IF(AA45=TRUE,1,0)) -> 0 | AD45: =IF(AB45="","",IF(AB45=TRUE,0.5,0)) -> 0 | AE45: =SUM(AC45:AD45) -> 0 | AF45: =IF(AE45=1,AC45,0) -> 0 | AG45: =IF(AE45=1,AD45,0) -> 0 | AH45: =IF(AD45=0,"",IF(AD45=1,2,0))
A46: 3. Instruction is adjusted based on data | AA46: FALSE | AB46: FALSE | AC46: =IF(AA46="","",IF(AA46=TRUE,1,0)) -> 0 | AD46: =IF(AB46="","",IF(AB46=TRUE,0.5,0)) -> 0 | AE46: =SUM(AC46:AD46) -> 0 | AF46: =IF(AE46=1,AC46,0) -> 0 | AG46: =IF(AE46=1,AD46,0) -> 0 | AH46: =IF(AD46=0,"",IF(AD46=1,2,0))
A47: 4. LAC minutes reflect data-based decisions | AA47: FALSE | AB47: FALSE | AC47: =IF(AA47="","",IF(AA47=TRUE,1,0)) -> 0 | AD47: =IF(AB47="","",IF(AB47=TRUE,0.5,0)) -> 0 | AE47: =SUM(AC47:AD47) -> 0 | AF47: =IF(AE47=1,AC47,0) -> 0 | AG47: =IF(AE47=1,AD47,0) -> 0 | AH47: =IF(AD47=0,"",IF(AD47=1,2,0))
AA48: FALSE | AB48: FALSE | AC48: =IF(AA48="","",IF(AA48=TRUE,1,0)) -> 0 | AD48: =IF(AB48="","",IF(AB48=TRUE,0.5,0)) -> 0 | AE48: =SUM(AC48:AD48) -> 0 | AF48: =IF(AE48=1,AC48,0) -> 0 | AG48: =IF(AE48=1,AD48,0) -> 0 | AH48: =IF(AD48=0,"",IF(AD48=1,2,0))
A49: F. LEARNING RESOURCE (LR) QUALITY & UTILIZATION | B49: =AF49 -> 0 | C49: =AG49 -> 0 | AC49: =IF(AA49="","",IF(AA49=TRUE,1,0)) | AD49: =IF(AB49="","",IF(AB49=TRUE,1,0)) | AF49: =SUM(AF44:AF48) -> 0 | AG49: =SUM(AG44:AG48) -> 0
A50: Indicator | B50: Yes | C50: No | D50: Remarks/Evidence | AC50: =IF(AA50="","",IF(AA50=TRUE,1,0)) | AD50: =IF(AB50="","",IF(AB50=TRUE,1,0))
A51: 1. LRs clearly indicate MELC | AA51: FALSE | AB51: FALSE | AC51: =IF(AA51="","",IF(AA51=TRUE,1,0)) -> 0 | AD51: =IF(AB51="","",IF(AB51=TRUE,0.5,0)) -> 0 | AE51: =SUM(AC51:AD51) -> 0 | AF51: =IF(AE51=1,AC51,0) -> 0 | AG51: =IF(AE51=1,AD51,0) -> 0 | AH51: =IF(AD51=0,"",IF(AD51=1,2,0))
A52: 2. One MELC is targeted per LR | AA52: FALSE | AB52: FALSE | AC52: =IF(AA52="","",IF(AA52=TRUE,1,0)) -> 0 | AD52: =IF(AB52="","",IF(AB52=TRUE,0.5,0)) -> 0 | AE52: =SUM(AC52:AD52) -> 0 | AF52: =IF(AE52=1,AC52,0) -> 0 | AG52: =IF(AE52=1,AD52,0) -> 0 | AH52: =IF(AD52=0,"",IF(AD52=1,2,0))
A53: 3. LRs include embedded assessment (rubrics/checks) | AA53: FALSE | AB53: FALSE | AC53: =IF(AA53="","",IF(AA53=TRUE,1,0)) -> 0 | AD53: =IF(AB53="","",IF(AB53=TRUE,0.5,0)) -> 0 | AE53: =SUM(AC53:AD53) -> 0 | AF53: =IF(AE53=1,AC53,0) -> 0 | AG53: =IF(AE53=1,AD53,0) -> 0 | AH53: =IF(AD53=0,"",IF(AD53=1,2,0))
A54: 4. School conducts LR pre-validation | AA54: FALSE | AB54: FALSE | AC54: =IF(AA54="","",IF(AA54=TRUE,1,0)) -> 0 | AD54: =IF(AB54="","",IF(AB54=TRUE,0.5,0)) -> 0 | AE54: =SUM(AC54:AD54) -> 0 | AF54: =IF(AE54=1,AC54,0) -> 0 | AG54: =IF(AE54=1,AD54,0) -> 0 | AH54: =IF(AD54=0,"",IF(AD54=1,2,0))
A55: 5. CID-validated LRs are used in lessons | AA55: FALSE | AB55: FALSE | AC55: =IF(AA55="","",IF(AA55=TRUE,1,0)) -> 0 | AD55: =IF(AB55="","",IF(AB55=TRUE,0.5,0)) -> 0 | AE55: =SUM(AC55:AD55) -> 0 | AF55: =IF(AE55=1,AC55,0) -> 0 | AG55: =IF(AE55=1,AD55,0) -> 0 | AH55: =IF(AD55=0,"",IF(AD55=1,2,0))
A56: G. TECHNICAL ASSISTANCE (TA) IMPLEMENTATION | B56: =AF56 -> 0 | C56: =AG56 -> 0 | AC56: =IF(AA56="","",IF(AA56=TRUE,1,0)) | AD56: =IF(AB56="","",IF(AB56=TRUE,1,0)) | AF56: =SUM(AF51:AF55) -> 0 | AG56: =SUM(AG51:AG55) -> 0
A57: Indicator | B57: Yes | C57: No | D57: Remarks/Evidence | AC57: =IF(AA57="","",IF(AA57=TRUE,1,0)) | AD57: =IF(AB57="","",IF(AB57=TRUE,1,0))
A58: 1. Baseline data prepared before TA Round 1 | AA58: FALSE | AB58: FALSE | AC58: =IF(AA58="","",IF(AA58=TRUE,1,0)) -> 0 | AD58: =IF(AB58="","",IF(AB58=TRUE,0.5,0)) -> 0 | AE58: =SUM(AC58:AD58) -> 0 | AF58: =IF(AE58=1,AC58,0) -> 0 | AG58: =IF(AE58=1,AD58,0) -> 0 | AH58: =IF(AD58=0,"",IF(AD58=1,2,0))
A59: 2. Priority instructional gaps identified (2–3 only) | AA59: FALSE | AB59: FALSE | AC59: =IF(AA59="","",IF(AA59=TRUE,1,0)) -> 0 | AD59: =IF(AB59="","",IF(AB59=TRUE,0.5,0)) -> 0 | AE59: =SUM(AC59:AD59) -> 0 | AF59: =IF(AE59=1,AC59,0) -> 0 | AG59: =IF(AE59=1,AD59,0) -> 0 | AH59: =IF(AD59=0,"",IF(AD59=1,2,0))
A60: 3. TA recommendations are applied in class | AA60: FALSE | AB60: FALSE | AC60: =IF(AA60="","",IF(AA60=TRUE,1,0)) -> 0 | AD60: =IF(AB60="","",IF(AB60=TRUE,0.5,0)) -> 0 | AE60: =SUM(AC60:AD60) -> 0 | AF60: =IF(AE60=1,AC60,0) -> 0 | AG60: =IF(AE60=1,AD60,0) -> 0 | AH60: =IF(AD60=0,"",IF(AD60=1,2,0))
A61: 4. Evidence of implementation is available for TA Round 2 | AA61: FALSE | AB61: FALSE | AC61: =IF(AA61="","",IF(AA61=TRUE,1,0)) -> 0 | AD61: =IF(AB61="","",IF(AB61=TRUE,0.5,0)) -> 0 | AE61: =SUM(AC61:AD61) -> 0 | AF61: =IF(AE61=1,AC61,0) -> 0 | AG61: =IF(AE61=1,AD61,0) -> 0 | AH61: =IF(AD61=0,"",IF(AD61=1,2,0))
AA62: FALSE | AB62: FALSE | AC62: =IF(AA62="","",IF(AA62=TRUE,1,0)) -> 0 | AD62: =IF(AB62="","",IF(AB62=TRUE,0.5,0)) -> 0 | AE62: =SUM(AC62:AD62) -> 0 | AF62: =IF(AE62=1,AC62,0) -> 0 | AG62: =IF(AE62=1,AD62,0) -> 0 | AH62: =IF(AD62=0,"",IF(AD62=1,2,0))
A63: H. INSTRUCTIONAL LEADERSHIP & MONITORING | B63: =AF63 -> 0 | C63: =AG63 -> 0 | AC63: =IF(AA63="","",IF(AA63=TRUE,1,0)) | AD63: =IF(AB63="","",IF(AB63=TRUE,1,0)) | AF63: =SUM(AF58:AF62) -> 0 | AG63: =SUM(AG58:AG62) -> 0
A64: Indicator | B64: Yes | C64: No | D64: Remarks/Evidence | AC64: =IF(AA64="","",IF(AA64=TRUE,1,0)) | AD64: =IF(AB64="","",IF(AB64=TRUE,1,0))
A65: 1. Lesson plans are regularly reviewed | AA65: FALSE | AB65: FALSE | AC65: =IF(AA65="","",IF(AA65=TRUE,1,0)) -> 0 | AD65: =IF(AB65="","",IF(AB65=TRUE,0.5,0)) -> 0 | AE65: =SUM(AC65:AD65) -> 0 | AF65: =IF(AE65=1,AC65,0) -> 0 | AG65: =IF(AE65=1,AD65,0) -> 0 | AH65: =IF(AD65=0,"",IF(AD65=1,2,0))
A66: 2. Classroom observations are conducted | AA66: FALSE | AB66: FALSE | AC66: =IF(AA66="","",IF(AA66=TRUE,1,0)) -> 0 | AD66: =IF(AB66="","",IF(AB66=TRUE,0.5,0)) -> 0 | AE66: =SUM(AC66:AD66) -> 0 | AF66: =IF(AE66=1,AC66,0) -> 0 | AG66: =IF(AE66=1,AD66,0) -> 0 | AH66: =IF(AD66=0,"",IF(AD66=1,2,0))
A67: 3. Feedback is provided to teachers | AA67: FALSE | AB67: FALSE | AC67: =IF(AA67="","",IF(AA67=TRUE,1,0)) -> 0 | AD67: =IF(AB67="","",IF(AB67=TRUE,0.5,0)) -> 0 | AE67: =SUM(AC67:AD67) -> 0 | AF67: =IF(AE67=1,AC67,0) -> 0 | AG67: =IF(AE67=1,AD67,0) -> 0 | AH67: =IF(AD67=0,"",IF(AD67=1,2,0))
A68: 4. Remediation implementation is monitored | AA68: FALSE | AB68: FALSE | AC68: =IF(AA68="","",IF(AA68=TRUE,1,0)) -> 0 | AD68: =IF(AB68="","",IF(AB68=TRUE,0.5,0)) -> 0 | AE68: =SUM(AC68:AD68) -> 0 | AF68: =IF(AE68=1,AC68,0) -> 0 | AG68: =IF(AE68=1,AD68,0) -> 0 | AH68: =IF(AD68=0,"",IF(AD68=1,2,0))
A69: 5. SIP/AIP, LAC, and TA plans are aligned | AA69: FALSE | AB69: FALSE | AC69: =IF(AA69="","",IF(AA69=TRUE,1,0)) -> 0 | AD69: =IF(AB69="","",IF(AB69=TRUE,0.5,0)) -> 0 | AE69: =SUM(AC69:AD69) -> 0 | AF69: =IF(AE69=1,AC69,0) -> 0 | AG69: =IF(AE69=1,AD69,0) -> 0 | AH69: =IF(AD69=0,"",IF(AD69=1,2,0))
A70: I. OVERALL DATA-TO-ACTION CYCLE | B70: =AF70 -> 0 | C70: =AG70 -> 0 | AC70: =IF(AA70="","",IF(AA70=TRUE,1,0)) | AD70: =IF(AB70="","",IF(AB70=TRUE,1,0)) | AF70: =SUM(AF65:AF69) -> 0 | AG70: =SUM(AG65:AG69) -> 0
A71: Indicator | B71: Yes | C71: No | D71: Remarks/Evidence | AC71: =IF(AA71="","",IF(AA71=TRUE,1,0)) | AD71: =IF(AB71="","",IF(AB71=TRUE,1,0))
A72: 1. Data is analyzed regularly | AA72: FALSE | AB72: FALSE | AC72: =IF(AA72="","",IF(AA72=TRUE,1,0)) -> 0 | AD72: =IF(AB72="","",IF(AB72=TRUE,0.5,0)) -> 0 | AE72: =SUM(AC72:AD72) -> 0 | AF72: =IF(AE72=1,AC72,0) -> 0 | AG72: =IF(AE72=1,AD72,0) -> 0 | AH72: =IF(AD72=0,"",IF(AD72=1,2,0))
A73: 2. Priority gaps are clearly identified | AA73: FALSE | AB73: FALSE | AC73: =IF(AA73="","",IF(AA73=TRUE,1,0)) -> 0 | AD73: =IF(AB73="","",IF(AB73=TRUE,0.5,0)) -> 0 | AE73: =SUM(AC73:AD73) -> 0 | AF73: =IF(AE73=1,AC73,0) -> 0 | AG73: =IF(AE73=1,AD73,0) -> 0 | AH73: =IF(AD73=0,"",IF(AD73=1,2,0))
A74: 3. Instructional adjustments are implemented | AA74: FALSE | AB74: FALSE | AC74: =IF(AA74="","",IF(AA74=TRUE,1,0)) -> 0 | AD74: =IF(AB74="","",IF(AB74=TRUE,0.5,0)) -> 0 | AE74: =SUM(AC74:AD74) -> 0 | AF74: =IF(AE74=1,AC74,0) -> 0 | AG74: =IF(AE74=1,AD74,0) -> 0 | AH74: =IF(AD74=0,"",IF(AD74=1,2,0))
A75: 4. Impact is monitored and reviewed | AA75: FALSE | AB75: FALSE | AC75: =IF(AA75="","",IF(AA75=TRUE,1,0)) -> 0 | AD75: =IF(AB75="","",IF(AB75=TRUE,0.5,0)) -> 0 | AE75: =SUM(AC75:AD75) -> 0 | AF75: =IF(AE75=1,AC75,0) -> 0 | AG75: =IF(AE75=1,AD75,0) -> 0 | AH75: =IF(AD75=0,"",IF(AD75=1,2,0))
AA76: FALSE | AB76: FALSE | AC76: =IF(AA76="","",IF(AA76=TRUE,1,0)) -> 0 | AD76: =IF(AB76="","",IF(AB76=TRUE,0.5,0)) -> 0 | AE76: =SUM(AC76:AD76) -> 0 | AF76: =IF(AE76=1,AC76,0) -> 0 | AG76: =IF(AE76=1,AD76,0) -> 0 | AH76: =IF(AD76=0,"",IF(AD76=1,2,0))
A77: SUMMARY OF FINDINGS | B77: =AF77 -> 0 | C77: =AG77 -> 0 | AF77: =SUM(AF71:AF76) -> 0 | AG77: =SUM(AG71:AG76) -> 0
A78: Strengths:
AF79: =SUM(AF21,AF28,AF35,AF42,AF49,AF56,AF63,AF70,AF77) -> 0 | AG79: =SUM(AG21,AG28,AG35,AG42,AG49,AG56,AG63,AG70,AG77) -> 0
A80: Areas for Improvement:
A82: Agreed Next Action (Next Quarter):
A85: Prepared by: | B85: Noted by:
A87: NAME OF SCHOOL HEAD | C87: RUFINO T. TUDLASAN PhD
A88: School Principal | C88: Education Program Supervisor
C91: RONIL D. MANAYON DevEdD
C92: PSDS, WEST 1 Secondary

Sheet SUMMARY
A5: Republic of the Philippines
A6: Department of Education
A8: SCHOOLS DIVISION OF MANDAUE CITY
A10: CURRICULUM, INSTRUCTION, AND ASSESSMENT MONITORING CHECKLIST
A12: SCHOOL | B12: =IF('MAGUIKAY ES'!$A$14="","",'MAGUIKAY ES'!$A$14) -> A. CURRICULUM–INSTRUCTION–ASSESSMENT ALIGNMENT | G12: Weighted Mean | H12: Description | I12: =IF('MAGUIKAY ES'!$A$21="","",'MAGUIKAY ES'!$A$21) -> B. ASSESSMENT QUALITY (HOTS-BASED) | N12: Weighted Mean | O12: Description | P12: =IF('MAGUIKAY ES'!$A$28="","",'MAGUIKAY ES'!$A$28) -> C. READING ACROSS LEARNING AREAS | U12: Weighted Mean | V12: Description | W12: =IF('MAGUIKAY ES'!$A$35="","",'MAGUIKAY ES'!$A$35) -> D. TARGETED REMEDIATION | AB12: Weighted Mean | AC12: Description | AD12: =IF('MAGUIKAY ES'!$A$42="","",'MAGUIKAY ES'!$A$42) -> E. DATA UTILIZATION (LAC & INSTRUCTIONAL ADJUSTMENT) | AI12: Weighted Mean | AJ12: Description | AK12: =IF('MAGUIKAY ES'!$A$49="","",'MAGUIKAY ES'!$A$49) -> F. LEARNING RESOURCE (LR) QUALITY & UTILIZATION | AP12: Weighted Mean | AQ12: Description | AR12: =IF('MAGUIKAY ES'!$A$56="","",'MAGUIKAY ES'!$A$56) -> G. TECHNICAL ASSISTANCE (TA) IMPLEMENTATION | AW12: Weighted Mean | AX12: Description | AY12: =IF('MAGUIKAY ES'!$A$63="","",'MAGUIKAY ES'!$A$63) -> H. INSTRUCTIONAL LEADERSHIP & MONITORING | BD12: Weighted Mean | BE12: Description | BF12: =IF('MAGUIKAY ES'!$A$70="","",'MAGUIKAY ES'!$A$70) -> I. OVERALL DATA-TO-ACTION CYCLE | BK12: Weighted Mean | BL12: Description
B13: =IF('MAGUIKAY ES'!$A$16<>"", "A.1.1", "") -> A.1.1 | C13: =IF('MAGUIKAY ES'!$A$17<>"", "A.1.2", "") -> A.1.2 | D13: =IF('MAGUIKAY ES'!$A$18<>"", "A.1.3", "") -> A.1.3 | E13: =IF('MAGUIKAY ES'!$A$19<>"", "A.1.4", "") -> A.1.4 | I13: =IF('MAGUIKAY ES'!$A$23<>"", "B.1.1", "") -> B.1.1 | J13: =IF('MAGUIKAY ES'!$A$24<>"", "B.1.2", "") -> B.1.2 | K13: =IF('MAGUIKAY ES'!$A$25<>"", "B.1.3", "") -> B.1.3 | L13: =IF('MAGUIKAY ES'!$A$26<>"", "B.1.4", "") -> B.1.4 | P13: =IF('MAGUIKAY ES'!$A$30<>"", "C.1.1", "") -> C.1.1 | Q13: =IF('MAGUIKAY ES'!$A$31<>"", "C.1.2", "") -> C.1.2 | R13: =IF('MAGUIKAY ES'!$A$32<>"", "C.1.3", "") -> C.1.3 | S13: =IF('MAGUIKAY ES'!$A$33<>"", "C.1.4", "") -> C.1.4 | W13: =IF('MAGUIKAY ES'!$A$37<>"", "D.1.1", "") -> D.1.1 | X13: =IF('MAGUIKAY ES'!$A$38<>"", "D.1.2", "") -> D.1.2 | Y13: =IF('MAGUIKAY ES'!$A$39<>"", "D.1.3", "") -> D.1.3 | Z13: =IF('MAGUIKAY ES'!$A$40<>"", "D.1.4", "") -> D.1.4 | AD13: =IF('MAGUIKAY ES'!$A$44<>"", "E.1.1", "") -> E.1.1 | AE13: =IF('MAGUIKAY ES'!$A$45<>"", "E.1.2", "") -> E.1.2 | AF13: =IF('MAGUIKAY ES'!$A$46<>"", "E.1.3", "") -> E.1.3 | AG13: =IF('MAGUIKAY ES'!$A$47<>"", "E.1.4", "") -> E.1.4 | AK13: =IF('MAGUIKAY ES'!$A$51<>"", "F.1.1", "") -> F.1.1 | AL13: =IF('MAGUIKAY ES'!$A$52<>"", "F.1.2", "") -> F.1.2 | AM13: =IF('MAGUIKAY ES'!$A$53<>"", "F.1.3", "") -> F.1.3 | AN13: =IF('MAGUIKAY ES'!$A$54<>"", "F.1.4", "") -> F.1.4 | AO13: =IF('MAGUIKAY ES'!$A$55<>"", "F.1.5", "") -> F.1.5 | AR13: =IF('MAGUIKAY ES'!$A$58<>"", "G.1.1", "") -> G.1.1 | AS13: =IF('MAGUIKAY ES'!$A$59<>"", "G.1.2", "") -> G.1.2 | AT13: =IF('MAGUIKAY ES'!$A$60<>"", "G.1.3", "") -> G.1.3 | AU13: =IF('MAGUIKAY ES'!$A$61<>"", "G.1.4", "") -> G.1.4 | AV13: =IF('MAGUIKAY ES'!$A$62<>"", "G.1.5", "") | AY13: =IF('MAGUIKAY ES'!$A$65<>"", "H.1.1", "") -> H.1.1 | AZ13: =IF('MAGUIKAY ES'!$A$66<>"", "H.1.2", "") -> H.1.2 | BA13: =IF('MAGUIKAY ES'!$A$67<>"", "H.1.3", "") -> H.1.3 | BB13: =IF('MAGUIKAY ES'!$A$68<>"", "H.1.4", "") -> H.1.4 | BC13: =IF('MAGUIKAY ES'!$A$69<>"", "H.1.5", "") -> H.1.5 | BF13: =IF('MAGUIKAY ES'!$A$72<>"", "I.1.1", "") -> I.1.1 | BG13: =IF('MAGUIKAY ES'!$A$73<>"", "I.1.2", "") -> I.1.2 | BH13: =IF('MAGUIKAY ES'!$A$74<>"", "I.1.3", "") -> I.1.3 | BI13: =IF('MAGUIKAY ES'!$A$75<>"", "I.1.4", "") -> I.1.4 | BJ13: =IF('MAGUIKAY ES'!$A$76<>"", "I.1.5", "")
A14: =IF('MAGUIKAY ES'!$B$11="","",'MAGUIKAY ES'!$B$11) -> MAGUIKAY ELEMENTARY SCHOOL | B14: =IF('MAGUIKAY ES'!$AE$16=1,1,IF('MAGUIKAY ES'!$AE$16=0.5,2,"")) | C14: =IF('MAGUIKAY ES'!$AE$17=1,1,IF('MAGUIKAY ES'!$AE$17=0.5,2,"")) | D14: =IF('MAGUIKAY ES'!$AE$18=1,1,IF('MAGUIKAY ES'!$AE$18=0.5,2,"")) | E14: =IF('MAGUIKAY ES'!$AE$19=1,1,IF('MAGUIKAY ES'!$AE$19=0.5,2,"")) | G14: =IFERROR(ROUND(AVERAGE(B14:F14),2), "") | H14: =IF(G14="","",VLOOKUP(G14,$CH$14:$CK$17,3)) | I14: =IF('MAGUIKAY ES'!$AE$23=1,1,IF('MAGUIKAY ES'!$AE$23=0.5,2,"")) | J14: =IF('MAGUIKAY ES'!$AE$24=1,1,IF('MAGUIKAY ES'!$AE$24=0.5,2,"")) | K14: =IF('MAGUIKAY ES'!$AE$25=1,1,IF('MAGUIKAY ES'!$AE$25=0.5,2,"")) | L14: =IF('MAGUIKAY ES'!$AE$26=1,1,IF('MAGUIKAY ES'!$AE$26=0.5,2,"")) | N14: =IFERROR(ROUND(AVERAGE(I14:M14),2), "") | O14: =IF(N14="","",VLOOKUP(N14,$CH$14:$CK$17,3)) | P14: =IF('MAGUIKAY ES'!$AE$30=1,1,IF('MAGUIKAY ES'!$AE$30=0.5,2,"")) | Q14: =IF('MAGUIKAY ES'!$AE$31=1,1,IF('MAGUIKAY ES'!$AE$31=0.5,2,"")) | R14: =IF('MAGUIKAY ES'!$AE$32=1,1,IF('MAGUIKAY ES'!$AE$32=0.5,2,"")) | S14: =IF('MAGUIKAY ES'!$AE$33=1,1,IF('MAGUIKAY ES'!$AE$33=0.5,2,"")) | U14: =IFERROR(ROUND(AVERAGE(P14:T14),2), "") | V14: =IF(U14="","",VLOOKUP(U14,$CH$14:$CK$17,3)) | W14: =IF('MAGUIKAY ES'!$AE$37=1,1,IF('MAGUIKAY ES'!$AE$37=0.5,2,"")) | X14: =IF('MAGUIKAY ES'!$AE$38=1,1,IF('MAGUIKAY ES'!$AE$38=0.5,2,"")) | Y14: =IF('MAGUIKAY ES'!$AE$39=1,1,IF('MAGUIKAY ES'!$AE$39=0.5,2,"")) | Z14: =IF('MAGUIKAY ES'!$AE$40=1,1,IF('MAGUIKAY ES'!$AE$40=0.5,2,"")) | AB14: =IFERROR(ROUND(AVERAGE(W14:AA14),2), "") | AC14: =IF(AB14="","",VLOOKUP(AB14,$CH$14:$CK$17,3)) | AD14: =IF('MAGUIKAY ES'!$AE$44=1,1,IF('MAGUIKAY ES'!$AE$44=0.5,2,"")) | AE14: =IF('MAGUIKAY ES'!$AE$45=1,1,IF('MAGUIKAY ES'!$AE$45=0.5,2,"")) | AF14: =IF('MAGUIKAY ES'!$AE$46=1,1,IF('MAGUIKAY ES'!$AE$46=0.5,2,"")) | AG14: =IF('MAGUIKAY ES'!$AE$47=1,1,IF('MAGUIKAY ES'!$AE$47=0.5,2,"")) | AI14: =IFERROR(ROUND(AVERAGE(AD14:AH14),2), "") | AJ14: =IF(AI14="","",VLOOKUP(AI14,$CH$14:$CK$17,3)) | AK14: =IF('MAGUIKAY ES'!$AE$51=1,1,IF('MAGUIKAY ES'!$AE$51=0.5,2,"")) | AL14: =IF('MAGUIKAY ES'!$AE$52=1,1,IF('MAGUIKAY ES'!$AE$52=0.5,2,"")) | AM14: =IF('MAGUIKAY ES'!$AE$53=1,1,IF('MAGUIKAY ES'!$AE$53=0.5,2,"")) | AN14: =IF('MAGUIKAY ES'!$AE$54=1,1,IF('MAGUIKAY ES'!$AE$54=0.5,2,"")) | AO14: =IF('MAGUIKAY ES'!$AE$55=1,1,IF('MAGUIKAY ES'!$AE$55=0.5,2,"")) | AP14: =IFERROR(ROUND(AVERAGE(AK14:AO14),2), "") | AQ14: =IF(AP14="","",VLOOKUP(AP14,$CH$14:$CK$17,3)) | AR14: =IF('MAGUIKAY ES'!$AE$58=1,1,IF('MAGUIKAY ES'!$AE$58=0.5,2,"")) | AS14: =IF('MAGUIKAY ES'!$AE$59=1,1,IF('MAGUIKAY ES'!$AE$59=0.5,2,"")) | AT14: =IF('MAGUIKAY ES'!$AE$60=1,1,IF('MAGUIKAY ES'!$AE$60=0.5,2,"")) | AU14: =IF('MAGUIKAY ES'!$AE$61=1,1,IF('MAGUIKAY ES'!$AE$61=0.5,2,"")) | AV14: =IF('MAGUIKAY ES'!$AE$62=1,1,IF('MAGUIKAY ES'!$AE$62=0.5,2,"")) | AW14: =IFERROR(ROUND(AVERAGE(AR14:AV14),2), "") | AX14: =IF(AW14="","",VLOOKUP(AW14,$CH$14:$CK$17,3)) | AY14: =IF('MAGUIKAY ES'!$AE$65=1,1,IF('MAGUIKAY ES'!$AE$65=0.5,2,"")) | AZ14: =IF('MAGUIKAY ES'!$AE$66=1,1,IF('MAGUIKAY ES'!$AE$66=0.5,2,"")) | BA14: =IF('MAGUIKAY ES'!$AE$67=1,1,IF('MAGUIKAY ES'!$AE$67=0.5,2,"")) | BB14: =IF('MAGUIKAY ES'!$AE$68=1,1,IF('MAGUIKAY ES'!$AE$68=0.5,2,"")) | BC14: =IF('MAGUIKAY ES'!$AE$69=1,1,IF('MAGUIKAY ES'!$AE$69=0.5,2,"")) | BD14: =IFERROR(ROUND(AVERAGE(AY14:BC14),2), "") | BE14: =IF(BD14="","",VLOOKUP(BD14,$CH$14:$CK$17,3)) | BF14: =IF('MAGUIKAY ES'!$AE$72=1,1,IF('MAGUIKAY ES'!$AE$72=0.5,2,"")) | BG14: =IF('MAGUIKAY ES'!$AE$73=1,1,IF('MAGUIKAY ES'!$AE$73=0.5,2,"")) | BH14: =IF('MAGUIKAY ES'!$AE$74=1,1,IF('MAGUIKAY ES'!$AE$74=0.5,2,"")) | BI14: =IF('MAGUIKAY ES'!$AE$75=1,1,IF('MAGUIKAY ES'!$AE$75=0.5,2,"")) | BJ14: =IF('MAGUIKAY ES'!$AE$76=1,1,IF('MAGUIKAY ES'!$AE$76=0.5,2,"")) | BK14: =IFERROR(ROUND(AVERAGE(BF14:BJ14),2), "") | BL14: =IF(BK14="","",VLOOKUP(BK14,$CH$14:$CK$17,3)) | CH14: 1 | CI14: 1.25 | CJ14: Fully Implemented
A15: =IF('CABANCALAN I ES'!$B$11="","",'CABANCALAN I ES'!$B$11) -> CABANCALAN ELEMENTARY SCHOOL 1 | B15: =IF('CABANCALAN I ES'!$AE$16=1,1,IF('CABANCALAN I ES'!$AE$16=0.5,2,"")) | C15: =IF('CABANCALAN I ES'!$AE$17=1,1,IF('CABANCALAN I ES'!$AE$17=0.5,2,"")) | D15: =IF('CABANCALAN I ES'!$AE$18=1,1,IF('CABANCALAN I ES'!$AE$18=0.5,2,"")) | E15: =IF('CABANCALAN I ES'!$AE$19=1,1,IF('CABANCALAN I ES'!$AE$19=0.5,2,"")) | G15: =IFERROR(ROUND(AVERAGE(B15:F15),2), "") | H15: =IF(G15="","",VLOOKUP(G15,$CH$14:$CK$17,3)) | I15: =IF('CABANCALAN I ES'!$AE$23=1,1,IF('CABANCALAN I ES'!$AE$23=0.5,2,"")) | J15: =IF('CABANCALAN I ES'!$AE$24=1,1,IF('CABANCALAN I ES'!$AE$24=0.5,2,"")) | K15: =IF('CABANCALAN I ES'!$AE$25=1,1,IF('CABANCALAN I ES'!$AE$25=0.5,2,"")) | L15: =IF('CABANCALAN I ES'!$AE$26=1,1,IF('CABANCALAN I ES'!$AE$26=0.5,2,"")) | N15: =IFERROR(ROUND(AVERAGE(I15:M15),2), "") | O15: =IF(N15="","",VLOOKUP(N15,$CH$14:$CK$17,3)) | P15: =IF('CABANCALAN I ES'!$AE$30=1,1,IF('CABANCALAN I ES'!$AE$30=0.5,2,"")) | Q15: =IF('CABANCALAN I ES'!$AE$31=1,1,IF('CABANCALAN I ES'!$AE$31=0.5,2,"")) | R15: =IF('CABANCALAN I ES'!$AE$32=1,1,IF('CABANCALAN I ES'!$AE$32=0.5,2,"")) | S15: =IF('CABANCALAN I ES'!$AE$33=1,1,IF('CABANCALAN I ES'!$AE$33=0.5,2,"")) | U15: =IFERROR(ROUND(AVERAGE(P15:T15),2), "") | V15: =IF(U15="","",VLOOKUP(U15,$CH$14:$CK$17,3)) | W15: =IF('CABANCALAN I ES'!$AE$37=1,1,IF('CABANCALAN I ES'!$AE$37=0.5,2,"")) | X15: =IF('CABANCALAN I ES'!$AE$38=1,1,IF('CABANCALAN I ES'!$AE$38=0.5,2,"")) | Y15: =IF('CABANCALAN I ES'!$AE$39=1,1,IF('CABANCALAN I ES'!$AE$39=0.5,2,"")) | Z15: =IF('CABANCALAN I ES'!$AE$40=1,1,IF('CABANCALAN I ES'!$AE$40=0.5,2,"")) | AB15: =IFERROR(ROUND(AVERAGE(W15:AA15),2), "") | AC15: =IF(AB15="","",VLOOKUP(AB15,$CH$14:$CK$17,3)) | AD15: =IF('CABANCALAN I ES'!$AE$44=1,1,IF('CABANCALAN I ES'!$AE$44=0.5,2,"")) | AE15: =IF('CABANCALAN I ES'!$AE$45=1,1,IF('CABANCALAN I ES'!$AE$45=0.5,2,"")) | AF15: =IF('CABANCALAN I ES'!$AE$46=1,1,IF('CABANCALAN I ES'!$AE$46=0.5,2,"")) | AG15: =IF('CABANCALAN I ES'!$AE$47=1,1,IF('CABANCALAN I ES'!$AE$47=0.5,2,"")) | AI15: =IFERROR(ROUND(AVERAGE(AD15:AH15),2), "") | AJ15: =IF(AI15="","",VLOOKUP(AI15,$CH$14:$CK$17,3)) | AK15: =IF('CABANCALAN I ES'!$AE$51=1,1,IF('CABANCALAN I ES'!$AE$51=0.5,2,"")) | AL15: =IF('CABANCALAN I ES'!$AE$52=1,1,IF('CABANCALAN I ES'!$AE$52=0.5,2,"")) | AM15: =IF('CABANCALAN I ES'!$AE$53=1,1,IF('CABANCALAN I ES'!$AE$53=0.5,2,"")) | AN15: =IF('CABANCALAN I ES'!$AE$54=1,1,IF('CABANCALAN I ES'!$AE$54=0.5,2,"")) | AO15: =IF('CABANCALAN I ES'!$AE$55=1,1,IF('CABANCALAN I ES'!$AE$55=0.5,2,"")) | AP15: =IFERROR(ROUND(AVERAGE(AK15:AO15),2), "") | AQ15: =IF(AP15="","",VLOOKUP(AP15,$CH$14:$CK$17,3)) | AR15: =IF('CABANCALAN I ES'!$AE$58=1,1,IF('CABANCALAN I ES'!$AE$58=0.5,2,"")) | AS15: =IF('CABANCALAN I ES'!$AE$59=1,1,IF('CABANCALAN I ES'!$AE$59=0.5,2,"")) | AT15: =IF('CABANCALAN I ES'!$AE$60=1,1,IF('CABANCALAN I ES'!$AE$60=0.5,2,"")) | AU15: =IF('CABANCALAN I ES'!$AE$61=1,1,IF('CABANCALAN I ES'!$AE$61=0.5,2,"")) | AV15: =IF('CABANCALAN I ES'!$AE$62=1,1,IF('CABANCALAN I ES'!$AE$62=0.5,2,"")) | AW15: =IFERROR(ROUND(AVERAGE(AR15:AV15),2), "") | AX15: =IF(AW15="","",VLOOKUP(AW15,$CH$14:$CK$17,3)) | AY15: =IF('CABANCALAN I ES'!$AE$65=1,1,IF('CABANCALAN I ES'!$AE$65=0.5,2,"")) | AZ15: =IF('CABANCALAN I ES'!$AE$66=1,1,IF('CABANCALAN I ES'!$AE$66=0.5,2,"")) | BA15: =IF('CABANCALAN I ES'!$AE$67=1,1,IF('CABANCALAN I ES'!$AE$67=0.5,2,"")) | BB15: =IF('CABANCALAN I ES'!$AE$68=1,1,IF('CABANCALAN I ES'!$AE$68=0.5,2,"")) | BC15: =IF('CABANCALAN I ES'!$AE$69=1,1,IF('CABANCALAN I ES'!$AE$69=0.5,2,"")) | BD15: =IFERROR(ROUND(AVERAGE(AY15:BC15),2), "") | BE15: =IF(BD15="","",VLOOKUP(BD15,$CH$14:$CK$17,3)) | BF15: =IF('CABANCALAN I ES'!$AE$72=1,1,IF('CABANCALAN I ES'!$AE$72=0.5,2,"")) | BG15: =IF('CABANCALAN I ES'!$AE$73=1,1,IF('CABANCALAN I ES'!$AE$73=0.5,2,"")) | BH15: =IF('CABANCALAN I ES'!$AE$74=1,1,IF('CABANCALAN I ES'!$AE$74=0.5,2,"")) | BI15: =IF('CABANCALAN I ES'!$AE$75=1,1,IF('CABANCALAN I ES'!$AE$75=0.5,2,"")) | BJ15: =IF('CABANCALAN I ES'!$AE$76=1,1,IF('CABANCALAN I ES'!$AE$76=0.5,2,"")) | BK15: =IFERROR(ROUND(AVERAGE(BF15:BJ15),2), "") | BL15: =IF(BK15="","",VLOOKUP(BK15,$CH$14:$CK$17,3)) | CH15: 1.26 | CI15: 1.5 | CJ15: Implemented
A16: =IF('TABOK ES 1'!$B$11="","",'TABOK ES 1'!$B$11) -> TABOK ELEMENTARY SCHOOL 1 | B16: =IF('TABOK ES 1'!$AE$16=1,1,IF('TABOK ES 1'!$AE$16=0.5,2,"")) -> 2 | C16: =IF('TABOK ES 1'!$AE$17=1,1,IF('TABOK ES 1'!$AE$17=0.5,2,"")) -> 1 | D16: =IF('TABOK ES 1'!$AE$18=1,1,IF('TABOK ES 1'!$AE$18=0.5,2,"")) -> 1 | E16: =IF('TABOK ES 1'!$AE$19=1,1,IF('TABOK ES 1'!$AE$19=0.5,2,"")) -> 1 | G16: =IFERROR(ROUND(AVERAGE(B16:F16),2), "") -> 1.25 | H16: =IF(G16="","",VLOOKUP(G16,$CH$14:$CK$17,3)) -> Fully Implemented | I16: =IF('TABOK ES 1'!$AE$23=1,1,IF('TABOK ES 1'!$AE$23=0.5,2,"")) -> 2 | J16: =IF('TABOK ES 1'!$AE$24=1,1,IF('TABOK ES 1'!$AE$24=0.5,2,"")) -> 2 | K16: =IF('TABOK ES 1'!$AE$25=1,1,IF('TABOK ES 1'!$AE$25=0.5,2,"")) -> 2 | L16: =IF('TABOK ES 1'!$AE$26=1,1,IF('TABOK ES 1'!$AE$26=0.5,2,"")) -> 2 | N16: =IFERROR(ROUND(AVERAGE(I16:M16),2), "") -> 2 | O16: =IF(N16="","",VLOOKUP(N16,$CH$14:$CK$17,3)) -> Needs Improvement | P16: =IF('TABOK ES 1'!$AE$30=1,1,IF('TABOK ES 1'!$AE$30=0.5,2,"")) -> 1 | Q16: =IF('TABOK ES 1'!$AE$31=1,1,IF('TABOK ES 1'!$AE$31=0.5,2,"")) -> 1 | R16: =IF('TABOK ES 1'!$AE$32=1,1,IF('TABOK ES 1'!$AE$32=0.5,2,"")) -> 1 | S16: =IF('TABOK ES 1'!$AE$33=1,1,IF('TABOK ES 1'!$AE$33=0.5,2,"")) -> 1 | U16: =IFERROR(ROUND(AVERAGE(P16:T16),2), "") -> 1 | V16: =IF(U16="","",VLOOKUP(U16,$CH$14:$CK$17,3)) -> Fully Implemented | W16: =IF('TABOK ES 1'!$AE$37=1,1,IF('TABOK ES 1'!$AE$37=0.5,2,"")) -> 2 | X16: =IF('TABOK ES 1'!$AE$38=1,1,IF('TABOK ES 1'!$AE$38=0.5,2,"")) -> 1 | Y16: =IF('TABOK ES 1'!$AE$39=1,1,IF('TABOK ES 1'!$AE$39=0.5,2,"")) -> 1 | Z16: =IF('TABOK ES 1'!$AE$40=1,1,IF('TABOK ES 1'!$AE$40=0.5,2,"")) -> 1 | AB16: =IFERROR(ROUND(AVERAGE(W16:AA16),2), "") -> 1.25 | AC16: =IF(AB16="","",VLOOKUP(AB16,$CH$14:$CK$17,3)) -> Fully Implemented | AD16: =IF('TABOK ES 1'!$AE$44=1,1,IF('TABOK ES 1'!$AE$44=0.5,2,"")) -> 2 | AE16: =IF('TABOK ES 1'!$AE$45=1,1,IF('TABOK ES 1'!$AE$45=0.5,2,"")) -> 2 | AF16: =IF('TABOK ES 1'!$AE$46=1,1,IF('TABOK ES 1'!$AE$46=0.5,2,"")) -> 1 | AG16: =IF('TABOK ES 1'!$AE$47=1,1,IF('TABOK ES 1'!$AE$47=0.5,2,"")) -> 2 | AI16: =IFERROR(ROUND(AVERAGE(AD16:AH16),2), "") -> 1.75 | AJ16: =IF(AI16="","",VLOOKUP(AI16,$CH$14:$CK$17,3)) -> Partially Implemented | AK16: =IF('TABOK ES 1'!$AE$51=1,1,IF('TABOK ES 1'!$AE$51=0.5,2,"")) -> 1 | AL16: =IF('TABOK ES 1'!$AE$52=1,1,IF('TABOK ES 1'!$AE$52=0.5,2,"")) -> 1 | AM16: =IF('TABOK ES 1'!$AE$53=1,1,IF('TABOK ES 1'!$AE$53=0.5,2,"")) -> 1 | AN16: =IF('TABOK ES 1'!$AE$54=1,1,IF('TABOK ES 1'!$AE$54=0.5,2,"")) -> 1 | AO16: =IF('TABOK ES 1'!$AE$55=1,1,IF('TABOK ES 1'!$AE$55=0.5,2,"")) -> 1 | AP16: =IFERROR(ROUND(AVERAGE(AK16:AO16),2), "") -> 1 | AQ16: =IF(AP16="","",VLOOKUP(AP16,$CH$14:$CK$17,3)) -> Fully Implemented | AR16: =IF('TABOK ES 1'!$AE$58=1,1,IF('TABOK ES 1'!$AE$58=0.5,2,"")) -> 1 | AS16: =IF('TABOK ES 1'!$AE$59=1,1,IF('TABOK ES 1'!$AE$59=0.5,2,"")) -> 1 | AT16: =IF('TABOK ES 1'!$AE$60=1,1,IF('TABOK ES 1'!$AE$60=0.5,2,"")) -> 1 | AU16: =IF('TABOK ES 1'!$AE$61=1,1,IF('TABOK ES 1'!$AE$61=0.5,2,"")) -> 1 | AV16: =IF('TABOK ES 1'!$AE$62=1,1,IF('TABOK ES 1'!$AE$62=0.5,2,"")) | AW16: =IFERROR(ROUND(AVERAGE(AR16:AV16),2), "") -> 1 | AX16: =IF(AW16="","",VLOOKUP(AW16,$CH$14:$CK$17,3)) -> Fully Implemented | AY16: =IF('TABOK ES 1'!$AE$65=1,1,IF('TABOK ES 1'!$AE$65=0.5,2,"")) -> 1 | AZ16: =IF('TABOK ES 1'!$AE$66=1,1,IF('TABOK ES 1'!$AE$66=0.5,2,"")) -> 1 | BA16: =IF('TABOK ES 1'!$AE$67=1,1,IF('TABOK ES 1'!$AE$67=0.5,2,"")) -> 1 | BB16: =IF('TABOK ES 1'!$AE$68=1,1,IF('TABOK ES 1'!$AE$68=0.5,2,"")) -> 1 | BC16: =IF('TABOK ES 1'!$AE$69=1,1,IF('TABOK ES 1'!$AE$69=0.5,2,"")) -> 1 | BD16: =IFERROR(ROUND(AVERAGE(AY16:BC16),2), "") -> 1 | BE16: =IF(BD16="","",VLOOKUP(BD16,$CH$14:$CK$17,3)) -> Fully Implemented | BF16: =IF('TABOK ES 1'!$AE$72=1,1,IF('TABOK ES 1'!$AE$72=0.5,2,"")) -> 1 | BG16: =IF('TABOK ES 1'!$AE$73=1,1,IF('TABOK ES 1'!$AE$73=0.5,2,"")) -> 1 | BH16: =IF('TABOK ES 1'!$AE$74=1,1,IF('TABOK ES 1'!$AE$74=0.5,2,"")) -> 1 | BI16: =IF('TABOK ES 1'!$AE$75=1,1,IF('TABOK ES 1'!$AE$75=0.5,2,"")) -> 1 | BJ16: =IF('TABOK ES 1'!$AE$76=1,1,IF('TABOK ES 1'!$AE$76=0.5,2,"")) | BK16: =IFERROR(ROUND(AVERAGE(BF16:BJ16),2), "") -> 1 | BL16: =IF(BK16="","",VLOOKUP(BK16,$CH$14:$CK$17,3)) -> Fully Implemented | CH16: 1.51 | CI16: 1.75 | CJ16: Partially Implemented
A17: =IF('TABOK ES II'!$B$11="","",'TABOK ES II'!$B$11) -> TABOK ELEMENTARY SCHOOL II | B17: =IF('TABOK ES II'!$AE$16=1,1,IF('TABOK ES II'!$AE$16=0.5,2,"")) -> 1 | C17: =IF('TABOK ES II'!$AE$17=1,1,IF('TABOK ES II'!$AE$17=0.5,2,"")) -> 1 | D17: =IF('TABOK ES II'!$AE$18=1,1,IF('TABOK ES II'!$AE$18=0.5,2,"")) -> 1 | E17: =IF('TABOK ES II'!$AE$19=1,1,IF('TABOK ES II'!$AE$19=0.5,2,"")) -> 1 | G17: =IFERROR(ROUND(AVERAGE(B17:F17),2), "") -> 1 | H17: =IF(G17="","",VLOOKUP(G17,$CH$14:$CK$17,3)) -> Fully Implemented | I17: =IF('TABOK ES II'!$AE$23=1,1,IF('TABOK ES II'!$AE$23=0.5,2,"")) -> 2 | J17: =IF('TABOK ES II'!$AE$24=1,1,IF('TABOK ES II'!$AE$24=0.5,2,"")) -> 2 | K17: =IF('TABOK ES II'!$AE$25=1,1,IF('TABOK ES II'!$AE$25=0.5,2,"")) -> 2 | L17: =IF('TABOK ES II'!$AE$26=1,1,IF('TABOK ES II'!$AE$26=0.5,2,"")) -> 2 | N17: =IFERROR(ROUND(AVERAGE(I17:M17),2), "") -> 2 | O17: =IF(N17="","",VLOOKUP(N17,$CH$14:$CK$17,3)) -> Needs Improvement | P17: =IF('TABOK ES II'!$AE$30=1,1,IF('TABOK ES II'!$AE$30=0.5,2,"")) -> 1 | Q17: =IF('TABOK ES II'!$AE$31=1,1,IF('TABOK ES II'!$AE$31=0.5,2,"")) -> 1 | R17: =IF('TABOK ES II'!$AE$32=1,1,IF('TABOK ES II'!$AE$32=0.5,2,"")) -> 2 | S17: =IF('TABOK ES II'!$AE$33=1,1,IF('TABOK ES II'!$AE$33=0.5,2,"")) -> 2 | U17: =IFERROR(ROUND(AVERAGE(P17:T17),2), "") -> 1.5 | V17: =IF(U17="","",VLOOKUP(U17,$CH$14:$CK$17,3)) -> Implemented | W17: =IF('TABOK ES II'!$AE$37=1,1,IF('TABOK ES II'!$AE$37=0.5,2,"")) -> 1 | X17: =IF('TABOK ES II'!$AE$38=1,1,IF('TABOK ES II'!$AE$38=0.5,2,"")) -> 1 | Y17: =IF('TABOK ES II'!$AE$39=1,1,IF('TABOK ES II'!$AE$39=0.5,2,"")) -> 1 | Z17: =IF('TABOK ES II'!$AE$40=1,1,IF('TABOK ES II'!$AE$40=0.5,2,"")) -> 1 | AB17: =IFERROR(ROUND(AVERAGE(W17:AA17),2), "") -> 1 | AC17: =IF(AB17="","",VLOOKUP(AB17,$CH$14:$CK$17,3)) -> Fully Implemented | AD17: =IF('TABOK ES II'!$AE$44=1,1,IF('TABOK ES II'!$AE$44=0.5,2,"")) -> 1 | AE17: =IF('TABOK ES II'!$AE$45=1,1,IF('TABOK ES II'!$AE$45=0.5,2,"")) -> 2 | AF17: =IF('TABOK ES II'!$AE$46=1,1,IF('TABOK ES II'!$AE$46=0.5,2,"")) -> 2 | AG17: =IF('TABOK ES II'!$AE$47=1,1,IF('TABOK ES II'!$AE$47=0.5,2,"")) -> 1 | AI17: =IFERROR(ROUND(AVERAGE(AD17:AH17),2), "") -> 1.5 | AJ17: =IF(AI17="","",VLOOKUP(AI17,$CH$14:$CK$17,3)) -> Implemented | AK17: =IF('TABOK ES II'!$AE$51=1,1,IF('TABOK ES II'!$AE$51=0.5,2,"")) -> 2 | AL17: =IF('TABOK ES II'!$AE$52=1,1,IF('TABOK ES II'!$AE$52=0.5,2,"")) -> 2 | AM17: =IF('TABOK ES II'!$AE$53=1,1,IF('TABOK ES II'!$AE$53=0.5,2,"")) -> 1 | AN17: =IF('TABOK ES II'!$AE$54=1,1,IF('TABOK ES II'!$AE$54=0.5,2,"")) -> 1 | AO17: =IF('TABOK ES II'!$AE$55=1,1,IF('TABOK ES II'!$AE$55=0.5,2,"")) -> 2 | AP17: =IFERROR(ROUND(AVERAGE(AK17:AO17),2), "") -> 1.6 | AQ17: =IF(AP17="","",VLOOKUP(AP17,$CH$14:$CK$17,3)) -> Partially Implemented | AR17: =IF('TABOK ES II'!$AE$58=1,1,IF('TABOK ES II'!$AE$58=0.5,2,"")) -> 1 | AS17: =IF('TABOK ES II'!$AE$59=1,1,IF('TABOK ES II'!$AE$59=0.5,2,"")) -> 2 | AT17: =IF('TABOK ES II'!$AE$60=1,1,IF('TABOK ES II'!$AE$60=0.5,2,"")) -> 1 | AU17: =IF('TABOK ES II'!$AE$61=1,1,IF('TABOK ES II'!$AE$61=0.5,2,"")) -> 2 | AV17: =IF('TABOK ES II'!$AE$62=1,1,IF('TABOK ES II'!$AE$62=0.5,2,"")) | AW17: =IFERROR(ROUND(AVERAGE(AR17:AV17),2), "") -> 1.5 | AX17: =IF(AW17="","",VLOOKUP(AW17,$CH$14:$CK$17,3)) -> Implemented | AY17: =IF('TABOK ES II'!$AE$65=1,1,IF('TABOK ES II'!$AE$65=0.5,2,"")) -> 1 | AZ17: =IF('TABOK ES II'!$AE$66=1,1,IF('TABOK ES II'!$AE$66=0.5,2,"")) -> 1 | BA17: =IF('TABOK ES II'!$AE$67=1,1,IF('TABOK ES II'!$AE$67=0.5,2,"")) -> 1 | BB17: =IF('TABOK ES II'!$AE$68=1,1,IF('TABOK ES II'!$AE$68=0.5,2,"")) -> 1 | BC17: =IF('TABOK ES II'!$AE$69=1,1,IF('TABOK ES II'!$AE$69=0.5,2,"")) -> 1 | BD17: =IFERROR(ROUND(AVERAGE(AY17:BC17),2), "") -> 1 | BE17: =IF(BD17="","",VLOOKUP(BD17,$CH$14:$CK$17,3)) -> Fully Implemented | BF17: =IF('TABOK ES II'!$AE$72=1,1,IF('TABOK ES II'!$AE$72=0.5,2,"")) -> 1 | BG17: =IF('TABOK ES II'!$AE$73=1,1,IF('TABOK ES II'!$AE$73=0.5,2,"")) -> 1 | BH17: =IF('TABOK ES II'!$AE$74=1,1,IF('TABOK ES II'!$AE$74=0.5,2,"")) -> 2 | BI17: =IF('TABOK ES II'!$AE$75=1,1,IF('TABOK ES II'!$AE$75=0.5,2,"")) -> 2 | BJ17: =IF('TABOK ES II'!$AE$76=1,1,IF('TABOK ES II'!$AE$76=0.5,2,"")) | BK17: =IFERROR(ROUND(AVERAGE(BF17:BJ17),2), "") -> 1.5 | BL17: =IF(BK17="","",VLOOKUP(BK17,$CH$14:$CK$17,3)) -> Implemented | CH17: 1.76 | CI17: 2 | CJ17: Needs Improvement
A18: =IF('BAKILID ES'!$B$11="","",'BAKILID ES'!$B$11) -> BAKILID ELEMENTARY SCHOOL | B18: =IF('BAKILID ES'!$AE$16=1,1,IF('BAKILID ES'!$AE$16=0.5,2,"")) | C18: =IF('BAKILID ES'!$AE$17=1,1,IF('BAKILID ES'!$AE$17=0.5,2,"")) | D18: =IF('BAKILID ES'!$AE$18=1,1,IF('BAKILID ES'!$AE$18=0.5,2,"")) | E18: =IF('BAKILID ES'!$AE$19=1,1,IF('BAKILID ES'!$AE$19=0.5,2,"")) | G18: =IFERROR(ROUND(AVERAGE(B18:F18),2), "") | H18: =IF(G18="","",VLOOKUP(G18,$CH$14:$CK$17,3)) | I18: =IF('BAKILID ES'!$AE$23=1,1,IF('BAKILID ES'!$AE$23=0.5,2,"")) | J18: =IF('BAKILID ES'!$AE$24=1,1,IF('BAKILID ES'!$AE$24=0.5,2,"")) | K18: =IF('BAKILID ES'!$AE$25=1,1,IF('BAKILID ES'!$AE$25=0.5,2,"")) | L18: =IF('BAKILID ES'!$AE$26=1,1,IF('BAKILID ES'!$AE$26=0.5,2,"")) | N18: =IFERROR(ROUND(AVERAGE(I18:M18),2), "") | O18: =IF(N18="","",VLOOKUP(N18,$CH$14:$CK$17,3)) | P18: =IF('BAKILID ES'!$AE$30=1,1,IF('BAKILID ES'!$AE$30=0.5,2,"")) | Q18: =IF('BAKILID ES'!$AE$31=1,1,IF('BAKILID ES'!$AE$31=0.5,2,"")) | R18: =IF('BAKILID ES'!$AE$32=1,1,IF('BAKILID ES'!$AE$32=0.5,2,"")) | S18: =IF('BAKILID ES'!$AE$33=1,1,IF('BAKILID ES'!$AE$33=0.5,2,"")) | U18: =IFERROR(ROUND(AVERAGE(P18:T18),2), "") | V18: =IF(U18="","",VLOOKUP(U18,$CH$14:$CK$17,3)) | W18: =IF('BAKILID ES'!$AE$37=1,1,IF('BAKILID ES'!$AE$37=0.5,2,"")) | X18: =IF('BAKILID ES'!$AE$38=1,1,IF('BAKILID ES'!$AE$38=0.5,2,"")) | Y18: =IF('BAKILID ES'!$AE$39=1,1,IF('BAKILID ES'!$AE$39=0.5,2,"")) | Z18: =IF('BAKILID ES'!$AE$40=1,1,IF('BAKILID ES'!$AE$40=0.5,2,"")) | AB18: =IFERROR(ROUND(AVERAGE(W18:AA18),2), "") | AC18: =IF(AB18="","",VLOOKUP(AB18,$CH$14:$CK$17,3)) | AD18: =IF('BAKILID ES'!$AE$44=1,1,IF('BAKILID ES'!$AE$44=0.5,2,"")) | AE18: =IF('BAKILID ES'!$AE$45=1,1,IF('BAKILID ES'!$AE$45=0.5,2,"")) | AF18: =IF('BAKILID ES'!$AE$46=1,1,IF('BAKILID ES'!$AE$46=0.5,2,"")) | AG18: =IF('BAKILID ES'!$AE$47=1,1,IF('BAKILID ES'!$AE$47=0.5,2,"")) | AI18: =IFERROR(ROUND(AVERAGE(AD18:AH18),2), "") | AJ18: =IF(AI18="","",VLOOKUP(AI18,$CH$14:$CK$17,3)) | AK18: =IF('BAKILID ES'!$AE$51=1,1,IF('BAKILID ES'!$AE$51=0.5,2,"")) | AL18: =IF('BAKILID ES'!$AE$52=1,1,IF('BAKILID ES'!$AE$52=0.5,2,"")) | AM18: =IF('BAKILID ES'!$AE$53=1,1,IF('BAKILID ES'!$AE$53=0.5,2,"")) | AN18: =IF('BAKILID ES'!$AE$54=1,1,IF('BAKILID ES'!$AE$54=0.5,2,"")) | AO18: =IF('BAKILID ES'!$AE$55=1,1,IF('BAKILID ES'!$AE$55=0.5,2,"")) | AP18: =IFERROR(ROUND(AVERAGE(AK18:AO18),2), "") | AQ18: =IF(AP18="","",VLOOKUP(AP18,$CH$14:$CK$17,3)) | AR18: =IF('BAKILID ES'!$AE$58=1,1,IF('BAKILID ES'!$AE$58=0.5,2,"")) | AS18: =IF('BAKILID ES'!$AE$59=1,1,IF('BAKILID ES'!$AE$59=0.5,2,"")) | AT18: =IF('BAKILID ES'!$AE$60=1,1,IF('BAKILID ES'!$AE$60=0.5,2,"")) | AU18: =IF('BAKILID ES'!$AE$61=1,1,IF('BAKILID ES'!$AE$61=0.5,2,"")) | AV18: =IF('BAKILID ES'!$AE$62=1,1,IF('BAKILID ES'!$AE$62=0.5,2,"")) | AW18: =IFERROR(ROUND(AVERAGE(AR18:AV18),2), "") | AX18: =IF(AW18="","",VLOOKUP(AW18,$CH$14:$CK$17,3)) | AY18: =IF('BAKILID ES'!$AE$65=1,1,IF('BAKILID ES'!$AE$65=0.5,2,"")) | AZ18: =IF('BAKILID ES'!$AE$66=1,1,IF('BAKILID ES'!$AE$66=0.5,2,"")) | BA18: =IF('BAKILID ES'!$AE$67=1,1,IF('BAKILID ES'!$AE$67=0.5,2,"")) | BB18: =IF('BAKILID ES'!$AE$68=1,1,IF('BAKILID ES'!$AE$68=0.5,2,"")) | BC18: =IF('BAKILID ES'!$AE$69=1,1,IF('BAKILID ES'!$AE$69=0.5,2,"")) | BD18: =IFERROR(ROUND(AVERAGE(AY18:BC18),2), "") | BE18: =IF(BD18="","",VLOOKUP(BD18,$CH$14:$CK$17,3)) | BF18: =IF('BAKILID ES'!$AE$72=1,1,IF('BAKILID ES'!$AE$72=0.5,2,"")) | BG18: =IF('BAKILID ES'!$AE$73=1,1,IF('BAKILID ES'!$AE$73=0.5,2,"")) | BH18: =IF('BAKILID ES'!$AE$74=1,1,IF('BAKILID ES'!$AE$74=0.5,2,"")) | BI18: =IF('BAKILID ES'!$AE$75=1,1,IF('BAKILID ES'!$AE$75=0.5,2,"")) | BJ18: =IF('BAKILID ES'!$AE$76=1,1,IF('BAKILID ES'!$AE$76=0.5,2,"")) | BK18: =IFERROR(ROUND(AVERAGE(BF18:BJ18),2), "") | BL18: =IF(BK18="","",VLOOKUP(BK18,$CH$14:$CK$17,3))
A19: =IF('TINGUB ES'!$B$11="","",'TINGUB ES'!$B$11) -> TINGUB ELEMENTARY SCHOOL | B19: =IF('TINGUB ES'!$AE$16=1,1,IF('TINGUB ES'!$AE$16=0.5,2,"")) | C19: =IF('TINGUB ES'!$AE$17=1,1,IF('TINGUB ES'!$AE$17=0.5,2,"")) | D19: =IF('TINGUB ES'!$AE$18=1,1,IF('TINGUB ES'!$AE$18=0.5,2,"")) | E19: =IF('TINGUB ES'!$AE$19=1,1,IF('TINGUB ES'!$AE$19=0.5,2,"")) | G19: =IFERROR(ROUND(AVERAGE(B19:F19),2), "") | H19: =IF(G19="","",VLOOKUP(G19,$CH$14:$CK$17,3)) | I19: =IF('TINGUB ES'!$AE$23=1,1,IF('TINGUB ES'!$AE$23=0.5,2,"")) | J19: =IF('TINGUB ES'!$AE$24=1,1,IF('TINGUB ES'!$AE$24=0.5,2,"")) | K19: =IF('TINGUB ES'!$AE$25=1,1,IF('TINGUB ES'!$AE$25=0.5,2,"")) | L19: =IF('TINGUB ES'!$AE$26=1,1,IF('TINGUB ES'!$AE$26=0.5,2,"")) | N19: =IFERROR(ROUND(AVERAGE(I19:M19),2), "") | O19: =IF(N19="","",VLOOKUP(N19,$CH$14:$CK$17,3)) | P19: =IF('TINGUB ES'!$AE$30=1,1,IF('TINGUB ES'!$AE$30=0.5,2,"")) | Q19: =IF('TINGUB ES'!$AE$31=1,1,IF('TINGUB ES'!$AE$31=0.5,2,"")) | R19: =IF('TINGUB ES'!$AE$32=1,1,IF('TINGUB ES'!$AE$32=0.5,2,"")) | S19: =IF('TINGUB ES'!$AE$33=1,1,IF('TINGUB ES'!$AE$33=0.5,2,"")) | U19: =IFERROR(ROUND(AVERAGE(P19:T19),2), "") | V19: =IF(U19="","",VLOOKUP(U19,$CH$14:$CK$17,3)) | W19: =IF('TINGUB ES'!$AE$37=1,1,IF('TINGUB ES'!$AE$37=0.5,2,"")) | X19: =IF('TINGUB ES'!$AE$38=1,1,IF('TINGUB ES'!$AE$38=0.5,2,"")) | Y19: =IF('TINGUB ES'!$AE$39=1,1,IF('TINGUB ES'!$AE$39=0.5,2,"")) | Z19: =IF('TINGUB ES'!$AE$40=1,1,IF('TINGUB ES'!$AE$40=0.5,2,"")) | AB19: =IFERROR(ROUND(AVERAGE(W19:AA19),2), "") | AC19: =IF(AB19="","",VLOOKUP(AB19,$CH$14:$CK$17,3)) | AD19: =IF('TINGUB ES'!$AE$44=1,1,IF('TINGUB ES'!$AE$44=0.5,2,"")) | AE19: =IF('TINGUB ES'!$AE$45=1,1,IF('TINGUB ES'!$AE$45=0.5,2,"")) | AF19: =IF('TINGUB ES'!$AE$46=1,1,IF('TINGUB ES'!$AE$46=0.5,2,"")) | AG19: =IF('TINGUB ES'!$AE$47=1,1,IF('TINGUB ES'!$AE$47=0.5,2,"")) | AI19: =IFERROR(ROUND(AVERAGE(AD19:AH19),2), "") | AJ19: =IF(AI19="","",VLOOKUP(AI19,$CH$14:$CK$17,3)) | AK19: =IF('TINGUB ES'!$AE$51=1,1,IF('TINGUB ES'!$AE$51=0.5,2,"")) | AL19: =IF('TINGUB ES'!$AE$52=1,1,IF('TINGUB ES'!$AE$52=0.5,2,"")) | AM19: =IF('TINGUB ES'!$AE$53=1,1,IF('TINGUB ES'!$AE$53=0.5,2,"")) | AN19: =IF('TINGUB ES'!$AE$54=1,1,IF('TINGUB ES'!$AE$54=0.5,2,"")) | AO19: =IF('TINGUB ES'!$AE$55=1,1,IF('TINGUB ES'!$AE$55=0.5,2,"")) | AP19: =IFERROR(ROUND(AVERAGE(AK19:AO19),2), "") | AQ19: =IF(AP19="","",VLOOKUP(AP19,$CH$14:$CK$17,3)) | AR19: =IF('TINGUB ES'!$AE$58=1,1,IF('TINGUB ES'!$AE$58=0.5,2,"")) | AS19: =IF('TINGUB ES'!$AE$59=1,1,IF('TINGUB ES'!$AE$59=0.5,2,"")) | AT19: =IF('TINGUB ES'!$AE$60=1,1,IF('TINGUB ES'!$AE$60=0.5,2,"")) | AU19: =IF('TINGUB ES'!$AE$61=1,1,IF('TINGUB ES'!$AE$61=0.5,2,"")) | AV19: =IF('TINGUB ES'!$AE$62=1,1,IF('TINGUB ES'!$AE$62=0.5,2,"")) | AW19: =IFERROR(ROUND(AVERAGE(AR19:AV19),2), "") | AX19: =IF(AW19="","",VLOOKUP(AW19,$CH$14:$CK$17,3)) | AY19: =IF('TINGUB ES'!$AE$65=1,1,IF('TINGUB ES'!$AE$65=0.5,2,"")) | AZ19: =IF('TINGUB ES'!$AE$66=1,1,IF('TINGUB ES'!$AE$66=0.5,2,"")) | BA19: =IF('TINGUB ES'!$AE$67=1,1,IF('TINGUB ES'!$AE$67=0.5,2,"")) | BB19: =IF('TINGUB ES'!$AE$68=1,1,IF('TINGUB ES'!$AE$68=0.5,2,"")) | BC19: =IF('TINGUB ES'!$AE$69=1,1,IF('TINGUB ES'!$AE$69=0.5,2,"")) | BD19: =IFERROR(ROUND(AVERAGE(AY19:BC19),2), "") | BE19: =IF(BD19="","",VLOOKUP(BD19,$CH$14:$CK$17,3)) | BF19: =IF('TINGUB ES'!$AE$72=1,1,IF('TINGUB ES'!$AE$72=0.5,2,"")) | BG19: =IF('TINGUB ES'!$AE$73=1,1,IF('TINGUB ES'!$AE$73=0.5,2,"")) | BH19: =IF('TINGUB ES'!$AE$74=1,1,IF('TINGUB ES'!$AE$74=0.5,2,"")) | BI19: =IF('TINGUB ES'!$AE$75=1,1,IF('TINGUB ES'!$AE$75=0.5,2,"")) | BJ19: =IF('TINGUB ES'!$AE$76=1,1,IF('TINGUB ES'!$AE$76=0.5,2,"")) | BK19: =IFERROR(ROUND(AVERAGE(BF19:BJ19),2), "") | BL19: =IF(BK19="","",VLOOKUP(BK19,$CH$14:$CK$17,3))
A20: WEIGHTED MEAN | B20: =IFERROR(ROUND(AVERAGE(B14:B19),2), "") -> 1.5 | C20: =IFERROR(ROUND(AVERAGE(C14:C19),2), "") -> 1 | D20: =IFERROR(ROUND(AVERAGE(D14:D19),2), "") -> 1 | E20: =IFERROR(ROUND(AVERAGE(E14:E19),2), "") -> 1 | F20: =IFERROR(ROUND(AVERAGE(F14:F19),2), "") | G20: =IFERROR(ROUND(AVERAGE(G14:G19),2), "") -> 1.13 | H20: =IF(G20="","",VLOOKUP(G20,$CH$14:$CK$17,3)) -> Fully Implemented | I20: =IFERROR(ROUND(AVERAGE(I14:I19),2), "") -> 2 | J20: =IFERROR(ROUND(AVERAGE(J14:J19),2), "") -> 2 | K20: =IFERROR(ROUND(AVERAGE(K14:K19),2), "") -> 2 | L20: =IFERROR(ROUND(AVERAGE(L14:L19),2), "") -> 2 | M20: =IFERROR(ROUND(AVERAGE(M14:M19),2), "") | N20: =IFERROR(ROUND(AVERAGE(N14:N19),2), "") -> 2 | O20: =IF(N20="","",VLOOKUP(N20,$CH$14:$CK$17,3)) -> Needs Improvement | P20: =IFERROR(ROUND(AVERAGE(P14:P19),2), "") -> 1 | Q20: =IFERROR(ROUND(AVERAGE(Q14:Q19),2), "") -> 1 | R20: =IFERROR(ROUND(AVERAGE(R14:R19),2), "") -> 1.5 | S20: =IFERROR(ROUND(AVERAGE(S14:S19),2), "") -> 1.5 | T20: =IFERROR(ROUND(AVERAGE(T14:T19),2), "") | U20: =IFERROR(ROUND(AVERAGE(U14:U19),2), "") -> 1.25 | V20: =IF(U20="","",VLOOKUP(U20,$CH$14:$CK$17,3)) -> Fully Implemented | W20: =IFERROR(ROUND(AVERAGE(W14:W19),2), "") -> 1.5 | X20: =IFERROR(ROUND(AVERAGE(X14:X19),2), "") -> 1 | Y20: =IFERROR(ROUND(AVERAGE(Y14:Y19),2), "") -> 1 | Z20: =IFERROR(ROUND(AVERAGE(Z14:Z19),2), "") -> 1 | AA20: =IFERROR(ROUND(AVERAGE(AA14:AA19),2), "") | AB20: =IFERROR(ROUND(AVERAGE(AB14:AB19),2), "") -> 1.13 | AC20: =IF(AB20="","",VLOOKUP(AB20,$CH$14:$CK$17,3)) -> Fully Implemented | AD20: =IFERROR(ROUND(AVERAGE(AD14:AD19),2), "") -> 1.5 | AE20: =IFERROR(ROUND(AVERAGE(AE14:AE19),2), "") -> 2 | AF20: =IFERROR(ROUND(AVERAGE(AF14:AF19),2), "") -> 1.5 | AG20: =IFERROR(ROUND(AVERAGE(AG14:AG19),2), "") -> 1.5 | AH20: =IFERROR(ROUND(AVERAGE(AH14:AH19),2), "") | AI20: =IFERROR(ROUND(AVERAGE(AI14:AI19),2), "") -> 1.63 | AJ20: =IF(AI20="","",VLOOKUP(AI20,$CH$14:$CK$17,3)) -> Partially Implemented | AK20: =IFERROR(ROUND(AVERAGE(AK14:AK19),2), "") -> 1.5 | AL20: =IFERROR(ROUND(AVERAGE(AL14:AL19),2), "") -> 1.5 | AM20: =IFERROR(ROUND(AVERAGE(AM14:AM19),2), "") -> 1 | AN20: =IFERROR(ROUND(AVERAGE(AN14:AN19),2), "") -> 1 | AO20: =IFERROR(ROUND(AVERAGE(AO14:AO19),2), "") -> 1.5 | AP20: =IFERROR(ROUND(AVERAGE(AP14:AP19),2), "") -> 1.3 | AQ20: =IF(AP20="","",VLOOKUP(AP20,$CH$14:$CK$17,3)) -> Implemented | AR20: =IFERROR(ROUND(AVERAGE(AR14:AR19),2), "") -> 1 | AS20: =IFERROR(ROUND(AVERAGE(AS14:AS19),2), "") -> 1.5 | AT20: =IFERROR(ROUND(AVERAGE(AT14:AT19),2), "") -> 1 | AU20: =IFERROR(ROUND(AVERAGE(AU14:AU19),2), "") -> 1.5 | AV20: =IFERROR(ROUND(AVERAGE(AV14:AV19),2), "") | AW20: =IFERROR(ROUND(AVERAGE(AW14:AW19),2), "") -> 1.25 | AX20: =IF(AW20="","",VLOOKUP(AW20,$CH$14:$CK$17,3)) -> Fully Implemented | AY20: =IFERROR(ROUND(AVERAGE(AY14:AY19),2), "") -> 1 | AZ20: =IFERROR(ROUND(AVERAGE(AZ14:AZ19),2), "") -> 1 | BA20: =IFERROR(ROUND(AVERAGE(BA14:BA19),2), "") -> 1 | BB20: =IFERROR(ROUND(AVERAGE(BB14:BB19),2), "") -> 1 | BC20: =IFERROR(ROUND(AVERAGE(BC14:BC19),2), "") -> 1 | BD20: =IFERROR(ROUND(AVERAGE(BD14:BD19),2), "") -> 1 | BE20: =IF(BD20="","",VLOOKUP(BD20,$CH$14:$CK$17,3)) -> Fully Implemented | BF20: =IFERROR(ROUND(AVERAGE(BF14:BF19),2), "") -> 1 | BG20: =IFERROR(ROUND(AVERAGE(BG14:BG19),2), "") -> 1 | BH20: =IFERROR(ROUND(AVERAGE(BH14:BH19),2), "") -> 1.5 | BI20: =IFERROR(ROUND(AVERAGE(BI14:BI19),2), "") -> 1.5 | BJ20: =IFERROR(ROUND(AVERAGE(BJ14:BJ19),2), "") | BK20: =IFERROR(ROUND(AVERAGE(BK14:BK19),2), "") -> 1.25 | BL20: =IF(BK20="","",VLOOKUP(BK20,$CH$14:$CK$17,3)) -> Fully Implemented
A22: Prepared by:
A24: NAME OF PSDS
A25: PSDS, West 1 Secondary
