Workbook

Sheet TABOK ES I
A5: Republic of the Philippines
A6: Department of Education
A8: SCHOOLS DIVISION OF MANDAUE CITY
A10: LEARNER DEVELOPMENT AND PROTECTION MONITORING CHECKLIST
A11: School: | B11: TABOK ELEMENTARY SCHOOL 1
A12: Quarter: | B12: TERM 2
A13: Monitored by: | B13: MARY JEAN B. CODIÑERA
A14: A. IDENTIFY (Early Identification of At-Risk Learners)
A15: Indicator | B15: Yes | C15: No | D15: Remarks/Evidence
A16: 1. Attendance (SF2), academic (SF5), and behavior data are regularly reviewed | AA16: TRUE | AB16: FALSE | AC16: =IF(AA16="","",IF(AA16=TRUE,1,0)) -> 1 | AD16: =IF(AB16="","",IF(AB16=TRUE,1,0)) -> 0 | AE16: =SUM(AC16:AD16) -> 1 | AF16: =IF(AE16=1,AC16,0) -> 1 | AG16: =IF(AE16=1,AD16,0) -> 0
A17: 2. Teachers maintain classroom learner tracking sheets | AA17: TRUE | AB17: FALSE | AC17: =IF(AA17="","",IF(AA17=TRUE,1,0)) -> 1 | AD17: =IF(AB17="","",IF(AB17=TRUE,1,0)) -> 0 | AE17: =SUM(AC17:AD17) -> 1 | AF17: =IF(AE17=1,AC17,0) -> 1 | AG17: =IF(AE17=1,AD17,0) -> 0
A18: 3. School has a master list of at-risk learners | AA18: TRUE | AB18: FALSE | AC18: =IF(AA18="","",IF(AA18=TRUE,1,0)) -> 1 | AD18: =IF(AB18="","",IF(AB18=TRUE,1,0)) -> 0 | AE18: =SUM(AC18:AD18) -> 1 | AF18: =IF(AE18=1,AC18,0) -> 1 | AG18: =IF(AE18=1,AD18,0) -> 0
A19: 4. At-risk learners are profiled (academic, behavioral, socio-economic factors) | AA19: TRUE | AB19: FALSE | AC19: =IF(AA19="","",IF(AA19=TRUE,1,0)) -> 1 | AD19: =IF(AB19="","",IF(AB19=TRUE,1,0)) -> 0 | AE19: =SUM(AC19:AD19) -> 1 | AF19: =IF(AE19=1,AC19,0) -> 1 | AG19: =IF(AE19=1,AD19,0) -> 0
A20: 5. Root cause analysis is conducted for identified learners | AA20: FALSE | AB20: TRUE | AC20: =IF(AA20="","",IF(AA20=TRUE,1,0)) -> 0 | AD20: =IF(AB20="","",IF(AB20=TRUE,1,0)) -> 1 | AE20: =SUM(AC20:AD20) -> 1 | AF20: =IF(AE20=1,AC20,0) -> 0 | AG20: =IF(AE20=1,AD20,0) -> 1
A21: 6. School Learner Tracking Team (SLTT) is organized and functional | AA21: FALSE | AB21: TRUE | AC21: =IF(AA21="","",IF(AA21=TRUE,1,0)) -> 0 | AD21: =IF(AB21="","",IF(AB21=TRUE,1,0)) -> 1 | AE21: =SUM(AC21:AD21) -> 1 | AF21: =IF(AE21=1,AC21,0) -> 0 | AG21: =IF(AE21=1,AD21,0) -> 1
AA22: FALSE | AB22: FALSE | AC22: =IF(AA22="","",IF(AA22=TRUE,1,0)) -> 0 | AD22: =IF(AB22="","",IF(AB22=TRUE,1,0)) -> 0 | AE22: =SUM(AC22:AD22) -> 0 | AF22: =IF(AE22=1,AC22,0) -> 0 | AG22: =IF(AE22=1,AD22,0) -> 0
AA23: FALSE | AB23: FALSE | AC23: =IF(AA23="","",IF(AA23=TRUE,1,0)) -> 0 | AD23: =IF(AB23="","",IF(AB23=TRUE,1,0)) -> 0 | AE23: =SUM(AC23:AD23) -> 0 | AF23: =IF(AE23=1,AC23,0) -> 0 | AG23: =IF(AE23=1,AD23,0) -> 0
AA24: FALSE | AB24: FALSE | AC24: =IF(AA24="","",IF(AA24=TRUE,1,0)) -> 0 | AD24: =IF(AB24="","",IF(AB24=TRUE,1,0)) -> 0 | AE24: =SUM(AC24:AD24) -> 0 | AF24: =IF(AE24=1,AC24,0) -> 0 | AG24: =IF(AE24=1,AD24,0) -> 0
AA25: FALSE | AB25: FALSE | AC25: =IF(AA25="","",IF(AA25=TRUE,1,0)) -> 0 | AD25: =IF(AB25="","",IF(AB25=TRUE,1,0)) -> 0 | AE25: =SUM(AC25:AD25) -> 0 | AF25: =IF(AE25=1,AC25,0) -> 0 | AG25: =IF(AE25=1,AD25,0) -> 0
A26: B. SUPPORT (Targeted Interventions & Differentiated Instruction) | B26: =AF26 -> 4 | C26: =AG26 -> 2 | AC26: =IF(AA26="","",IF(AA26=TRUE,1,0)) | AD26: =IF(AB26="","",IF(AB26=TRUE,1,0)) | AF26: =SUM(AF16:AF25) -> 4 | AG26: =SUM(AG16:AG25) -> 2
A27: Indicator | B27: Yes | C27: No | D27: Remarks/Evidence | AC27: =IF(AA27="","",IF(AA27=TRUE,1,0)) | AD27: =IF(AB27="","",IF(AB27=TRUE,1,0))
A28: 7. Targeted remediation programs are implemented (not general review) | AA28: TRUE | AB28: FALSE | AC28: =IF(AA28="","",IF(AA28=TRUE,1,0)) -> 1 | AD28: =IF(AB28="","",IF(AB28=TRUE,1,0)) -> 0 | AE28: =SUM(AC28:AD28) -> 1 | AF28: =IF(AE28=1,AC28,0) -> 1 | AG28: =IF(AE28=1,AD28,0) -> 0
A29: 8. Learners are grouped based on specific learning gaps | AA29: TRUE | AB29: FALSE | AC29: =IF(AA29="","",IF(AA29=TRUE,1,0)) -> 1 | AD29: =IF(AB29="","",IF(AB29=TRUE,1,0)) -> 0 | AE29: =SUM(AC29:AD29) -> 1 | AF29: =IF(AE29=1,AC29,0) -> 1 | AG29: =IF(AE29=1,AD29,0) -> 0
A30: 9. Differentiated instruction strategies are evident in teaching | AA30: TRUE | AB30: FALSE | AC30: =IF(AA30="","",IF(AA30=TRUE,1,0)) -> 1 | AD30: =IF(AB30="","",IF(AB30=TRUE,1,0)) -> 0 | AE30: =SUM(AC30:AD30) -> 1 | AF30: =IF(AE30=1,AC30,0) -> 1 | AG30: =IF(AE30=1,AD30,0) -> 0
A31: 10. Peer tutoring or learning buddy system is implemented | AA31: TRUE | AB31: FALSE | AC31: =IF(AA31="","",IF(AA31=TRUE,1,0)) -> 1 | AD31: =IF(AB31="","",IF(AB31=TRUE,1,0)) -> 0 | AE31: =SUM(AC31:AD31) -> 1 | AF31: =IF(AE31=1,AC31,0) -> 1 | AG31: =IF(AE31=1,AD31,0) -> 0
A32: 11. Counseling or psychosocial support is provided when needed | AA32: FALSE | AB32: TRUE | AC32: =IF(AA32="","",IF(AA32=TRUE,1,0)) -> 0 | AD32: =IF(AB32="","",IF(AB32=TRUE,1,0)) -> 1 | AE32: =SUM(AC32:AD32) -> 1 | AF32: =IF(AE32=1,AC32,0) -> 0 | AG32: =IF(AE32=1,AD32,0) -> 1
A33: 12. Intervention plans are documented per learner/group | AA33: FALSE | AB33: TRUE | AC33: =IF(AA33="","",IF(AA33=TRUE,1,0)) -> 0 | AD33: =IF(AB33="","",IF(AB33=TRUE,1,0)) -> 1 | AE33: =SUM(AC33:AD33) -> 1 | AF33: =IF(AE33=1,AC33,0) -> 0 | AG33: =IF(AE33=1,AD33,0) -> 1
A34: 13. Appropriate and contextualized learning materials are used | AA34: TRUE | AB34: FALSE | AC34: =IF(AA34="","",IF(AA34=TRUE,1,0)) -> 1 | AD34: =IF(AB34="","",IF(AB34=TRUE,1,0)) -> 0 | AE34: =SUM(AC34:AD34) -> 1 | AF34: =IF(AE34=1,AC34,0) -> 1 | AG34: =IF(AE34=1,AD34,0) -> 0
AA35: FALSE | AB35: FALSE | AC35: =IF(AA35="","",IF(AA35=TRUE,1,0)) -> 0 | AD35: =IF(AB35="","",IF(AB35=TRUE,1,0)) -> 0 | AE35: =SUM(AC35:AD35) -> 0 | AF35: =IF(AE35=1,AC35,0) -> 0 | AG35: =IF(AE35=1,AD35,0) -> 0
AA36: FALSE | AB36: FALSE | AC36: =IF(AA36="","",IF(AA36=TRUE,1,0)) -> 0 | AD36: =IF(AB36="","",IF(AB36=TRUE,1,0)) -> 0 | AE36: =SUM(AC36:AD36) -> 0 | AF36: =IF(AE36=1,AC36,0) -> 0 | AG36: =IF(AE36=1,AD36,0) -> 0
AA37: FALSE | AB37: FALSE | AC37: =IF(AA37="","",IF(AA37=TRUE,1,0)) -> 0 | AD37: =IF(AB37="","",IF(AB37=TRUE,1,0)) -> 0 | AE37: =SUM(AC37:AD37) -> 0 | AF37: =IF(AE37=1,AC37,0) -> 0 | AG37: =IF(AE37=1,AD37,0) -> 0
A38: C. ENGAGE (Safe, Inclusive, and Supportive Environment) | B38: =AF38 -> 5 | C38: =AG38 -> 2 | AC38: =IF(AA38="","",IF(AA38=TRUE,1,0)) | AD38: =IF(AB38="","",IF(AB38=TRUE,1,0)) | AF38: =SUM(AF28:AF37) -> 5 | AG38: =SUM(AG28:AG37) -> 2
A39: Indicator | B39: Yes | C39: No | D39: Remarks/Evidence | AC39: =IF(AA39="","",IF(AA39=TRUE,1,0)) | AD39: =IF(AB39="","",IF(AB39=TRUE,1,0))
A40: 14. SEL (Social-Emotional Learning) is integrated in daily lessons | AA40: FALSE | AB40: TRUE | AC40: =IF(AA40="","",IF(AA40=TRUE,1,0)) -> 0 | AD40: =IF(AB40="","",IF(AB40=TRUE,1,0)) -> 1 | AE40: =SUM(AC40:AD40) -> 1 | AF40: =IF(AE40=1,AC40,0) -> 0 | AG40: =IF(AE40=1,AD40,0) -> 1
A41: 15. Teachers use strategies that develop self- awareness and relationships | AA41: FALSE | AB41: TRUE | AC41: =IF(AA41="","",IF(AA41=TRUE,1,0)) -> 0 | AD41: =IF(AB41="","",IF(AB41=TRUE,1,0)) -> 1 | AE41: =SUM(AC41:AD41) -> 1 | AF41: =IF(AE41=1,AC41,0) -> 0 | AG41: =IF(AE41=1,AD41,0) -> 1
A42: 16. Classroom environment promotes respect and inclusivity | AA42: TRUE | AB42: FALSE | AC42: =IF(AA42="","",IF(AA42=TRUE,1,0)) -> 1 | AD42: =IF(AB42="","",IF(AB42=TRUE,1,0)) -> 0 | AE42: =SUM(AC42:AD42) -> 1 | AF42: =IF(AE42=1,AC42,0) -> 1 | AG42: =IF(AE42=1,AD42,0) -> 0
A43: 17. Positive discipline practices are observed (no punitive approach) | AA43: TRUE | AB43: FALSE | AC43: =IF(AA43="","",IF(AA43=TRUE,1,0)) -> 1 | AD43: =IF(AB43="","",IF(AB43=TRUE,1,0)) -> 0 | AE43: =SUM(AC43:AD43) -> 1 | AF43: =IF(AE43=1,AC43,0) -> 1 | AG43: =IF(AE43=1,AD43,0) -> 0
A44: 18. Child Protection Committee (CPC) is active and functional | D44: Need to be updated | AA44: TRUE | AB44: FALSE | AC44: =IF(AA44="","",IF(AA44=TRUE,1,0)) -> 1 | AD44: =IF(AB44="","",IF(AB44=TRUE,1,0)) -> 0 | AE44: =SUM(AC44:AD44) -> 1 | AF44: =IF(AE44=1,AC44,0) -> 1 | AG44: =IF(AE44=1,AD44,0) -> 0
A45: 19. Anti-bullying and child protection programs are implemented | AA45: TRUE | AB45: FALSE | AC45: =IF(AA45="","",IF(AA45=TRUE,1,0)) -> 1 | AD45: =IF(AB45="","",IF(AB45=TRUE,1,0)) -> 0 | AE45: =SUM(AC45:AD45) -> 1 | AF45: =IF(AE45=1,AC45,0) -> 1 | AG45: =IF(AE45=1,AD45,0) -> 0
A46: 20. Learners are given opportunities to express ideas and feelings | AA46: TRUE | AB46: FALSE | AC46: =IF(AA46="","",IF(AA46=TRUE,1,0)) -> 1 | AD46: =IF(AB46="","",IF(AB46=TRUE,1,0)) -> 0 | AE46: =SUM(AC46:AD46) -> 1 | AF46: =IF(AE46=1,AC46,0) -> 1 | AG46: =IF(AE46=1,AD46,0) -> 0
AA47: FALSE | AB47: FALSE | AC47: =IF(AA47="","",IF(AA47=TRUE,1,0)) -> 0 | AD47: =IF(AB47="","",IF(AB47=TRUE,1,0)) -> 0 | AE47: =SUM(AC47:AD47) -> 0 | AF47: =IF(AE47=1,AC47,0) -> 0 | AG47: =IF(AE47=1,AD47,0) -> 0
AA48: FALSE | AB48: FALSE | AC48: =IF(AA48="","",IF(AA48=TRUE,1,0)) -> 0 | AD48: =IF(AB48="","",IF(AB48=TRUE,1,0)) -> 0 | AE48: =SUM(AC48:AD48) -> 0 | AF48: =IF(AE48=1,AC48,0) -> 0 | AG48: =IF(AE48=1,AD48,0) -> 0
AA49: FALSE | AB49: FALSE | AC49: =IF(AA49="","",IF(AA49=TRUE,1,0)) -> 0 | AD49: =IF(AB49="","",IF(AB49=TRUE,1,0)) -> 0 | AE49: =SUM(AC49:AD49) -> 0 | AF49: =IF(AE49=1,AC49,0) -> 0 | AG49: =IF(AE49=1,AD49,0) -> 0
A50: D. MONITOR (Tracking Progress & Adjusting Interventions) | B50: =AF50 -> 5 | C50: =AG50 -> 2 | AC50: =IF(AA50="","",IF(AA50=TRUE,1,0)) | AD50: =IF(AB50="","",IF(AB50=TRUE,1,0)) | AF50: =SUM(AF40:AF49) -> 5 | AG50: =SUM(AG40:AG49) -> 2
A51: Indicator | B51: Yes | C51: No | D51: Remarks/Evidence | AC51: =IF(AA51="","",IF(AA51=TRUE,1,0)) | AD51: =IF(AB51="","",IF(AB51=TRUE,1,0))
A52: 21. Monthly monitoring of learner attendance and performance is conducted | AA52: TRUE | AB52: FALSE | AC52: =IF(AA52="","",IF(AA52=TRUE,1,0)) -> 1 | AD52: =IF(AB52="","",IF(AB52=TRUE,1,0)) -> 0 | AE52: =SUM(AC52:AD52) -> 1 | AF52: =IF(AE52=1,AC52,0) -> 1 | AG52: =IF(AE52=1,AD52,0) -> 0
A53: 22. Learner tracking records are regularly updated | AA53: FALSE | AB53: TRUE | AC53: =IF(AA53="","",IF(AA53=TRUE,1,0)) -> 0 | AD53: =IF(AB53="","",IF(AB53=TRUE,1,0)) -> 1 | AE53: =SUM(AC53:AD53) -> 1 | AF53: =IF(AE53=1,AC53,0) -> 0 | AG53: =IF(AE53=1,AD53,0) -> 1
A54: 23. SLTT conducts quarterly review meetings | AA54: FALSE | AB54: TRUE | AC54: =IF(AA54="","",IF(AA54=TRUE,1,0)) -> 0 | AD54: =IF(AB54="","",IF(AB54=TRUE,1,0)) -> 1 | AE54: =SUM(AC54:AD54) -> 1 | AF54: =IF(AE54=1,AC54,0) -> 0 | AG54: =IF(AE54=1,AD54,0) -> 1
A55: 24. Interventions are adjusted based on learner progress | AA55: TRUE | AB55: FALSE | AC55: =IF(AA55="","",IF(AA55=TRUE,1,0)) -> 1 | AD55: =IF(AB55="","",IF(AB55=TRUE,1,0)) -> 0 | AE55: =SUM(AC55:AD55) -> 1 | AF55: =IF(AE55=1,AC55,0) -> 1 | AG55: =IF(AE55=1,AD55,0) -> 0
A56: 25. Formative assessments are used to track improvement | AA56: TRUE | AB56: FALSE | AC56: =IF(AA56="","",IF(AA56=TRUE,1,0)) -> 1 | AD56: =IF(AB56="","",IF(AB56=TRUE,1,0)) -> 0 | AE56: =SUM(AC56:AD56) -> 1 | AF56: =IF(AE56=1,AC56,0) -> 1 | AG56: =IF(AE56=1,AD56,0) -> 0
A57: 26. Reduction in number of at-risk learners is monitored | AA57: TRUE | AB57: FALSE | AC57: =IF(AA57="","",IF(AA57=TRUE,1,0)) -> 1 | AD57: =IF(AB57="","",IF(AB57=TRUE,1,0)) -> 0 | AE57: =SUM(AC57:AD57) -> 1 | AF57: =IF(AE57=1,AC57,0) -> 1 | AG57: =IF(AE57=1,AD57,0) -> 0
AA58: FALSE | AB58: FALSE | AC58: =IF(AA58="","",IF(AA58=TRUE,1,0)) -> 0 | AD58: =IF(AB58="","",IF(AB58=TRUE,1,0)) -> 0 | AE58: =SUM(AC58:AD58) -> 0 | AF58: =IF(AE58=1,AC58,0) -> 0 | AG58: =IF(AE58=1,AD58,0) -> 0
AA59: FALSE | AB59: FALSE | AC59: =IF(AA59="","",IF(AA59=TRUE,1,0)) -> 0 | AD59: =IF(AB59="","",IF(AB59=TRUE,1,0)) -> 0 | AE59: =SUM(AC59:AD59) -> 0 | AF59: =IF(AE59=1,AC59,0) -> 0 | AG59: =IF(AE59=1,AD59,0) -> 0
AA60: FALSE | AB60: FALSE | AC60: =IF(AA60="","",IF(AA60=TRUE,1,0)) -> 0 | AD60: =IF(AB60="","",IF(AB60=TRUE,1,0)) -> 0 | AE60: =SUM(AC60:AD60) -> 0 | AF60: =IF(AE60=1,AC60,0) -> 0 | AG60: =IF(AE60=1,AD60,0) -> 0
AA61: FALSE | AB61: FALSE | AC61: =IF(AA61="","",IF(AA61=TRUE,1,0)) -> 0 | AD61: =IF(AB61="","",IF(AB61=TRUE,1,0)) -> 0 | AE61: =SUM(AC61:AD61) -> 0 | AF61: =IF(AE61=1,AC61,0) -> 0 | AG61: =IF(AE61=1,AD61,0) -> 0
A62: E. COLLABORATE (Home–School–Community Partnership) | B62: =AF62 -> 4 | C62: =AG62 -> 2 | AC62: =IF(AA62="","",IF(AA62=TRUE,1,0)) | AD62: =IF(AB62="","",IF(AB62=TRUE,1,0)) | AF62: =SUM(AF52:AF61) -> 4 | AG62: =SUM(AG52:AG61) -> 2
A63: Indicator | B63: Yes | C63: No | D63: Remarks/Evidence | AC63: =IF(AA63="","",IF(AA63=TRUE,1,0)) | AD63: =IF(AB63="","",IF(AB63=TRUE,1,0))
A64: 27. Parents are regularly informed of learner progress | AA64: TRUE | AB64: FALSE | AC64: =IF(AA64="","",IF(AA64=TRUE,1,0)) -> 1 | AD64: =IF(AB64="","",IF(AB64=TRUE,1,0)) -> 0 | AE64: =SUM(AC64:AD64) -> 1 | AF64: =IF(AE64=1,AC64,0) -> 1 | AG64: =IF(AE64=1,AD64,0) -> 0
A65: 28. Parent conferences for at-risk learners are conducted | AA65: TRUE | AB65: FALSE | AC65: =IF(AA65="","",IF(AA65=TRUE,1,0)) -> 1 | AD65: =IF(AB65="","",IF(AB65=TRUE,1,0)) -> 0 | AE65: =SUM(AC65:AD65) -> 1 | AF65: =IF(AE65=1,AC65,0) -> 1 | AG65: =IF(AE65=1,AD65,0) -> 0
A66: 29. Home visitation is implemented for frequent absentees | AA66: TRUE | AB66: FALSE | AC66: =IF(AA66="","",IF(AA66=TRUE,1,0)) -> 1 | AD66: =IF(AB66="","",IF(AB66=TRUE,1,0)) -> 0 | AE66: =SUM(AC66:AD66) -> 1 | AF66: =IF(AE66=1,AC66,0) -> 1 | AG66: =IF(AE66=1,AD66,0) -> 0
A67: 30. School coordinates with barangay/community stakeholders | AA67: FALSE | AB67: TRUE | AC67: =IF(AA67="","",IF(AA67=TRUE,1,0)) -> 0 | AD67: =IF(AB67="","",IF(AB67=TRUE,1,0)) -> 1 | AE67: =SUM(AC67:AD67) -> 1 | AF67: =IF(AE67=1,AC67,0) -> 0 | AG67: =IF(AE67=1,AD67,0) -> 1
A68: 31. LAC sessions discuss learner cases and interventions | AA68: TRUE | AB68: FALSE | AC68: =IF(AA68="","",IF(AA68=TRUE,1,0)) -> 1 | AD68: =IF(AB68="","",IF(AB68=TRUE,1,0)) -> 0 | AE68: =SUM(AC68:AD68) -> 1 | AF68: =IF(AE68=1,AC68,0) -> 1 | AG68: =IF(AE68=1,AD68,0) -> 0
A69: 32. Best practices are documented and shared | AA69: FALSE | AB69: TRUE | AC69: =IF(AA69="","",IF(AA69=TRUE,1,0)) -> 0 | AD69: =IF(AB69="","",IF(AB69=TRUE,1,0)) -> 1 | AE69: =SUM(AC69:AD69) -> 1 | AF69: =IF(AE69=1,AC69,0) -> 0 | AG69: =IF(AE69=1,AD69,0) -> 1
AA70: FALSE | AB70: FALSE | AC70: =IF(AA70="","",IF(AA70=TRUE,1,0)) -> 0 | AD70: =IF(AB70="","",IF(AB70=TRUE,1,0)) -> 0 | AE70: =SUM(AC70:AD70) -> 0 | AF70: =IF(AE70=1,AC70,0) -> 0 | AG70: =IF(AE70=1,AD70,0) -> 0
AA71: FALSE | AB71: FALSE | AC71: =IF(AA71="","",IF(AA71=TRUE,1,0)) -> 0 | AD71: =IF(AB71="","",IF(AB71=TRUE,1,0)) -> 0 | AE71: =SUM(AC71:AD71) -> 0 | AF71: =IF(AE71=1,AC71,0) -> 0 | AG71: =IF(AE71=1,AD71,0) -> 0
AA72: FALSE | AB72: FALSE | AC72: =IF(AA72="","",IF(AA72=TRUE,1,0)) -> 0 | AD72: =IF(AB72="","",IF(AB72=TRUE,1,0)) -> 0 | AE72: =SUM(AC72:AD72) -> 0 | AF72: =IF(AE72=1,AC72,0) -> 0 | AG72: =IF(AE72=1,AD72,0) -> 0
AA73: FALSE | AB73: FALSE | AC73: =IF(AA73="","",IF(AA73=TRUE,1,0)) -> 0 | AD73: =IF(AB73="","",IF(AB73=TRUE,1,0)) -> 0 | AE73: =SUM(AC73:AD73) -> 0 | AF73: =IF(AE73=1,AC73,0) -> 0 | AG73: =IF(AE73=1,AD73,0) -> 0
A74: SUMMARY OF FINDINGS | B74: =AF74 -> 4 | C74: =AG74 -> 2 | AC74: =IF(AA74="","",IF(AA74=TRUE,1,0)) | AD74: =IF(AB74="","",IF(AB74=TRUE,1,0)) | AF74: =SUM(AF64:AF73) -> 4 | AG74: =SUM(AG64:AG73) -> 2
A75: Strengths:
AF76: =SUM(AF26,AF38,AF50,AF62,AF74) -> 22 | AG76: =SUM(AG26,AG38,AG50,AG62,AG74) -> 10
A77: Areas for Improvement:
A79: Agreed Next Action (Next Quarter):
A82: Prepared by: | B82: Noted by:
A84: NANCY C. LUCENAS | D84: RUFINO T. TUDLASAN PhD
A85: School Head | D85: Education Program Supervisor
D88: MARY JEAN B. CODINERA DevEdD
D89: PSDS, WEST 1 Secondary

Sheet TABOK ES II
A5: Republic of the Philippines
A6: Department of Education
A8: SCHOOLS DIVISION OF MANDAUE CITY
A10: LEARNER DEVELOPMENT AND PROTECTION MONITORING CHECKLIST
A11: School:
A12: Quarter: | B12: TERM 2
A13: Monitored by: | B13: MARY JEAN B. CODIÑERA
A14: A. IDENTIFY (Early Identification of At-Risk Learners)
A15: Indicator | B15: Yes | C15: No | D15: Remarks/Evidence
A16: 1. Attendance (SF2), academic (SF5), and behavior data are regularly reviewed | AA16: FALSE | AB16: FALSE | AC16: =IF(AA16="","",IF(AA16=TRUE,1,0)) -> 0 | AD16: =IF(AB16="","",IF(AB16=TRUE,1,0)) -> 0 | AE16: =SUM(AC16:AD16) -> 0 | AF16: =IF(AE16=1,AC16,0) -> 0 | AG16: =IF(AE16=1,AD16,0) -> 0
A17: 2. Teachers maintain classroom learner tracking sheets | AA17: FALSE | AB17: FALSE | AC17: =IF(AA17="","",IF(AA17=TRUE,1,0)) -> 0 | AD17: =IF(AB17="","",IF(AB17=TRUE,1,0)) -> 0 | AE17: =SUM(AC17:AD17) -> 0 | AF17: =IF(AE17=1,AC17,0) -> 0 | AG17: =IF(AE17=1,AD17,0) -> 0
A18: 3. School has a master list of at-risk learners | AA18: FALSE | AB18: FALSE | AC18: =IF(AA18="","",IF(AA18=TRUE,1,0)) -> 0 | AD18: =IF(AB18="","",IF(AB18=TRUE,1,0)) -> 0 | AE18: =SUM(AC18:AD18) -> 0 | AF18: =IF(AE18=1,AC18,0) -> 0 | AG18: =IF(AE18=1,AD18,0) -> 0
A19: 4. At-risk learners are profiled (academic, behavioral, socio-economic factors) | AA19: FALSE | AB19: FALSE | AC19: =IF(AA19="","",IF(AA19=TRUE,1,0)) -> 0 | AD19: =IF(AB19="","",IF(AB19=TRUE,1,0)) -> 0 | AE19: =SUM(AC19:AD19) -> 0 | AF19: =IF(AE19=1,AC19,0) -> 0 | AG19: =IF(AE19=1,AD19,0) -> 0
A20: 5. Root cause analysis is conducted for identified learners | AA20: FALSE | AB20: FALSE | AC20: =IF(AA20="","",IF(AA20=TRUE,1,0)) -> 0 | AD20: =IF(AB20="","",IF(AB20=TRUE,1,0)) -> 0 | AE20: =SUM(AC20:AD20) -> 0 | AF20: =IF(AE20=1,AC20,0) -> 0 | AG20: =IF(AE20=1,AD20,0) -> 0
A21: 6. School Learner Tracking Team (SLTT) is organized and functional | AA21: FALSE | AB21: FALSE | AC21: =IF(AA21="","",IF(AA21=TRUE,1,0)) -> 0 | AD21: =IF(AB21="","",IF(AB21=TRUE,1,0)) -> 0 | AE21: =SUM(AC21:AD21) -> 0 | AF21: =IF(AE21=1,AC21,0) -> 0 | AG21: =IF(AE21=1,AD21,0) -> 0
AA22: FALSE | AB22: FALSE | AC22: =IF(AA22="","",IF(AA22=TRUE,1,0)) -> 0 | AD22: =IF(AB22="","",IF(AB22=TRUE,1,0)) -> 0 | AE22: =SUM(AC22:AD22) -> 0 | AF22: =IF(AE22=1,AC22,0) -> 0 | AG22: =IF(AE22=1,AD22,0) -> 0
AA23: FALSE | AB23: FALSE | AC23: =IF(AA23="","",IF(AA23=TRUE,1,0)) -> 0 | AD23: =IF(AB23="","",IF(AB23=TRUE,1,0)) -> 0 | AE23: =SUM(AC23:AD23) -> 0 | AF23: =IF(AE23=1,AC23,0) -> 0 | AG23: =IF(AE23=1,AD23,0) -> 0
AA24: FALSE | AB24: FALSE | AC24: =IF(AA24="","",IF(AA24=TRUE,1,0)) -> 0 | AD24: =IF(AB24="","",IF(AB24=TRUE,1,0)) -> 0 | AE24: =SUM(AC24:AD24) -> 0 | AF24: =IF(AE24=1,AC24,0) -> 0 | AG24: =IF(AE24=1,AD24,0) -> 0
AA25: FALSE | AB25: FALSE | AC25: =IF(AA25="","",IF(AA25=TRUE,1,0)) -> 0 | AD25: =IF(AB25="","",IF(AB25=TRUE,1,0)) -> 0 | AE25: =SUM(AC25:AD25) -> 0 | AF25: =IF(AE25=1,AC25,0) -> 0 | AG25: =IF(AE25=1,AD25,0) -> 0
A26: B. SUPPORT (Targeted Interventions & Differentiated Instruction) | B26: =AF26 -> 0 | C26: =AG26 -> 0 | AC26: =IF(AA26="","",IF(AA26=TRUE,1,0)) | AD26: =IF(AB26="","",IF(AB26=TRUE,1,0)) | AF26: =SUM(AF16:AF25) -> 0 | AG26: =SUM(AG16:AG25) -> 0
A27: Indicator | B27: Yes | C27: No | D27: Remarks/Evidence | AC27: =IF(AA27="","",IF(AA27=TRUE,1,0)) | AD27: =IF(AB27="","",IF(AB27=TRUE,1,0))
A28: 7. Targeted remediation programs are implemented (not general review) | AA28: FALSE | AB28: FALSE | AC28: =IF(AA28="","",IF(AA28=TRUE,1,0)) -> 0 | AD28: =IF(AB28="","",IF(AB28=TRUE,1,0)) -> 0 | AE28: =SUM(AC28:AD28) -> 0 | AF28: =IF(AE28=1,AC28,0) -> 0 | AG28: =IF(AE28=1,AD28,0) -> 0
A29: 8. Learners are grouped based on specific learning gaps | AA29: FALSE | AB29: FALSE | AC29: =IF(AA29="","",IF(AA29=TRUE,1,0)) -> 0 | AD29: =IF(AB29="","",IF(AB29=TRUE,1,0)) -> 0 | AE29: =SUM(AC29:AD29) -> 0 | AF29: =IF(AE29=1,AC29,0) -> 0 | AG29: =IF(AE29=1,AD29,0) -> 0
A30: 9. Differentiated instruction strategies are evident in teaching | AA30: FALSE | AB30: FALSE | AC30: =IF(AA30="","",IF(AA30=TRUE,1,0)) -> 0 | AD30: =IF(AB30="","",IF(AB30=TRUE,1,0)) -> 0 | AE30: =SUM(AC30:AD30) -> 0 | AF30: =IF(AE30=1,AC30,0) -> 0 | AG30: =IF(AE30=1,AD30,0) -> 0
A31: 10. Peer tutoring or learning buddy system is implemented | AA31: FALSE | AB31: FALSE | AC31: =IF(AA31="","",IF(AA31=TRUE,1,0)) -> 0 | AD31: =IF(AB31="","",IF(AB31=TRUE,1,0)) -> 0 | AE31: =SUM(AC31:AD31) -> 0 | AF31: =IF(AE31=1,AC31,0) -> 0 | AG31: =IF(AE31=1,AD31,0) -> 0
A32: 11. Counseling or psychosocial support is provided when needed | AA32: FALSE | AB32: FALSE | AC32: =IF(AA32="","",IF(AA32=TRUE,1,0)) -> 0 | AD32: =IF(AB32="","",IF(AB32=TRUE,1,0)) -> 0 | AE32: =SUM(AC32:AD32) -> 0 | AF32: =IF(AE32=1,AC32,0) -> 0 | AG32: =IF(AE32=1,AD32,0) -> 0
A33: 12. Intervention plans are documented per learner/group | AA33: FALSE | AB33: FALSE | AC33: =IF(AA33="","",IF(AA33=TRUE,1,0)) -> 0 | AD33: =IF(AB33="","",IF(AB33=TRUE,1,0)) -> 0 | AE33: =SUM(AC33:AD33) -> 0 | AF33: =IF(AE33=1,AC33,0) -> 0 | AG33: =IF(AE33=1,AD33,0) -> 0
A34: 13. Appropriate and contextualized learning materials are used | AA34: FALSE | AB34: FALSE | AC34: =IF(AA34="","",IF(AA34=TRUE,1,0)) -> 0 | AD34: =IF(AB34="","",IF(AB34=TRUE,1,0)) -> 0 | AE34: =SUM(AC34:AD34) -> 0 | AF34: =IF(AE34=1,AC34,0) -> 0 | AG34: =IF(AE34=1,AD34,0) -> 0
AA35: FALSE | AB35: FALSE | AC35: =IF(AA35="","",IF(AA35=TRUE,1,0)) -> 0 | AD35: =IF(AB35="","",IF(AB35=TRUE,1,0)) -> 0 | AE35: =SUM(AC35:AD35) -> 0 | AF35: =IF(AE35=1,AC35,0) -> 0 | AG35: =IF(AE35=1,AD35,0) -> 0
AA36: FALSE | AB36: FALSE | AC36: =IF(AA36="","",IF(AA36=TRUE,1,0)) -> 0 | AD36: =IF(AB36="","",IF(AB36=TRUE,1,0)) -> 0 | AE36: =SUM(AC36:AD36) -> 0 | AF36: =IF(AE36=1,AC36,0) -> 0 | AG36: =IF(AE36=1,AD36,0) -> 0
AA37: FALSE | AB37: FALSE | AC37: =IF(AA37="","",IF(AA37=TRUE,1,0)) -> 0 | AD37: =IF(AB37="","",IF(AB37=TRUE,1,0)) -> 0 | AE37: =SUM(AC37:AD37) -> 0 | AF37: =IF(AE37=1,AC37,0) -> 0 | AG37: =IF(AE37=1,AD37,0) -> 0
A38: C. ENGAGE (Safe, Inclusive, and Supportive Environment) | B38: =AF38 -> 0 | C38: =AG38 -> 0 | AC38: =IF(AA38="","",IF(AA38=TRUE,1,0)) | AD38: =IF(AB38="","",IF(AB38=TRUE,1,0)) | AF38: =SUM(AF28:AF37) -> 0 | AG38: =SUM(AG28:AG37) -> 0
A39: Indicator | B39: Yes | C39: No | D39: Remarks/Evidence | AC39: =IF(AA39="","",IF(AA39=TRUE,1,0)) | AD39: =IF(AB39="","",IF(AB39=TRUE,1,0))
A40: 14. SEL (Social-Emotional Learning) is integrated in daily lessons | AA40: FALSE | AB40: FALSE | AC40: =IF(AA40="","",IF(AA40=TRUE,1,0)) -> 0 | AD40: =IF(AB40="","",IF(AB40=TRUE,1,0)) -> 0 | AE40: =SUM(AC40:AD40) -> 0 | AF40: =IF(AE40=1,AC40,0) -> 0 | AG40: =IF(AE40=1,AD40,0) -> 0
A41: 15. Teachers use strategies that develop self- awareness and relationships | AA41: FALSE | AB41: FALSE | AC41: =IF(AA41="","",IF(AA41=TRUE,1,0)) -> 0 | AD41: =IF(AB41="","",IF(AB41=TRUE,1,0)) -> 0 | AE41: =SUM(AC41:AD41) -> 0 | AF41: =IF(AE41=1,AC41,0) -> 0 | AG41: =IF(AE41=1,AD41,0) -> 0
A42: 16. Classroom environment promotes respect and inclusivity | AA42: FALSE | AB42: FALSE | AC42: =IF(AA42="","",IF(AA42=TRUE,1,0)) -> 0 | AD42: =IF(AB42="","",IF(AB42=TRUE,1,0)) -> 0 | AE42: =SUM(AC42:AD42) -> 0 | AF42: =IF(AE42=1,AC42,0) -> 0 | AG42: =IF(AE42=1,AD42,0) -> 0
A43: 17. Positive discipline practices are observed (no punitive approach) | AA43: FALSE | AB43: FALSE | AC43: =IF(AA43="","",IF(AA43=TRUE,1,0)) -> 0 | AD43: =IF(AB43="","",IF(AB43=TRUE,1,0)) -> 0 | AE43: =SUM(AC43:AD43) -> 0 | AF43: =IF(AE43=1,AC43,0) -> 0 | AG43: =IF(AE43=1,AD43,0) -> 0
A44: 18. Child Protection Committee (CPC) is active and functional | D44: Need to be updated | AA44: FALSE | AB44: FALSE | AC44: =IF(AA44="","",IF(AA44=TRUE,1,0)) -> 0 | AD44: =IF(AB44="","",IF(AB44=TRUE,1,0)) -> 0 | AE44: =SUM(AC44:AD44) -> 0 | AF44: =IF(AE44=1,AC44,0) -> 0 | AG44: =IF(AE44=1,AD44,0) -> 0
A45: 19. Anti-bullying and child protection programs are implemented | AA45: FALSE | AB45: FALSE | AC45: =IF(AA45="","",IF(AA45=TRUE,1,0)) -> 0 | AD45: =IF(AB45="","",IF(AB45=TRUE,1,0)) -> 0 | AE45: =SUM(AC45:AD45) -> 0 | AF45: =IF(AE45=1,AC45,0) -> 0 | AG45: =IF(AE45=1,AD45,0) -> 0
A46: 20. Learners are given opportunities to express ideas and feelings | AA46: FALSE | AB46: FALSE | AC46: =IF(AA46="","",IF(AA46=TRUE,1,0)) -> 0 | AD46: =IF(AB46="","",IF(AB46=TRUE,1,0)) -> 0 | AE46: =SUM(AC46:AD46) -> 0 | AF46: =IF(AE46=1,AC46,0) -> 0 | AG46: =IF(AE46=1,AD46,0) -> 0
AA47: FALSE | AB47: FALSE | AC47: =IF(AA47="","",IF(AA47=TRUE,1,0)) -> 0 | AD47: =IF(AB47="","",IF(AB47=TRUE,1,0)) -> 0 | AE47: =SUM(AC47:AD47) -> 0 | AF47: =IF(AE47=1,AC47,0) -> 0 | AG47: =IF(AE47=1,AD47,0) -> 0
AA48: FALSE | AB48: FALSE | AC48: =IF(AA48="","",IF(AA48=TRUE,1,0)) -> 0 | AD48: =IF(AB48="","",IF(AB48=TRUE,1,0)) -> 0 | AE48: =SUM(AC48:AD48) -> 0 | AF48: =IF(AE48=1,AC48,0) -> 0 | AG48: =IF(AE48=1,AD48,0) -> 0
AA49: FALSE | AB49: FALSE | AC49: =IF(AA49="","",IF(AA49=TRUE,1,0)) -> 0 | AD49: =IF(AB49="","",IF(AB49=TRUE,1,0)) -> 0 | AE49: =SUM(AC49:AD49) -> 0 | AF49: =IF(AE49=1,AC49,0) -> 0 | AG49: =IF(AE49=1,AD49,0) -> 0
A50: D. MONITOR (Tracking Progress & Adjusting Interventions) | B50: =AF50 -> 0 | C50: =AG50 -> 0 | AC50: =IF(AA50="","",IF(AA50=TRUE,1,0)) | AD50: =IF(AB50="","",IF(AB50=TRUE,1,0)) | AF50: =SUM(AF40:AF49) -> 0 | AG50: =SUM(AG40:AG49) -> 0
A51: Indicator | B51: Yes | C51: No | D51: Remarks/Evidence | AC51: =IF(AA51="","",IF(AA51=TRUE,1,0)) | AD51: =IF(AB51="","",IF(AB51=TRUE,1,0))
A52: 21. Monthly monitoring of learner attendance and performance is conducted | AA52: FALSE | AB52: FALSE | AC52: =IF(AA52="","",IF(AA52=TRUE,1,0)) -> 0 | AD52: =IF(AB52="","",IF(AB52=TRUE,1,0)) -> 0 | AE52: =SUM(AC52:AD52) -> 0 | AF52: =IF(AE52=1,AC52,0) -> 0 | AG52: =IF(AE52=1,AD52,0) -> 0
A53: 22. Learner tracking records are regularly updated | AA53: FALSE | AB53: FALSE | AC53: =IF(AA53="","",IF(AA53=TRUE,1,0)) -> 0 | AD53: =IF(AB53="","",IF(AB53=TRUE,1,0)) -> 0 | AE53: =SUM(AC53:AD53) -> 0 | AF53: =IF(AE53=1,AC53,0) -> 0 | AG53: =IF(AE53=1,AD53,0) -> 0
A54: 23. SLTT conducts quarterly review meetings | AA54: FALSE | AB54: FALSE | AC54: =IF(AA54="","",IF(AA54=TRUE,1,0)) -> 0 | AD54: =IF(AB54="","",IF(AB54=TRUE,1,0)) -> 0 | AE54: =SUM(AC54:AD54) -> 0 | AF54: =IF(AE54=1,AC54,0) -> 0 | AG54: =IF(AE54=1,AD54,0) -> 0
A55: 24. Interventions are adjusted based on learner progress | AA55: FALSE | AB55: FALSE | AC55: =IF(AA55="","",IF(AA55=TRUE,1,0)) -> 0 | AD55: =IF(AB55="","",IF(AB55=TRUE,1,0)) -> 0 | AE55: =SUM(AC55:AD55) -> 0 | AF55: =IF(AE55=1,AC55,0) -> 0 | AG55: =IF(AE55=1,AD55,0) -> 0
A56: 25. Formative assessments are used to track improvement | AA56: FALSE | AB56: FALSE | AC56: =IF(AA56="","",IF(AA56=TRUE,1,0)) -> 0 | AD56: =IF(AB56="","",IF(AB56=TRUE,1,0)) -> 0 | AE56: =SUM(AC56:AD56) -> 0 | AF56: =IF(AE56=1,AC56,0) -> 0 | AG56: =IF(AE56=1,AD56,0) -> 0
A57: 26. Reduction in number of at-risk learners is monitored | AA57: FALSE | AB57: FALSE | AC57: =IF(AA57="","",IF(AA57=TRUE,1,0)) -> 0 | AD57: =IF(AB57="","",IF(AB57=TRUE,1,0)) -> 0 | AE57: =SUM(AC57:AD57) -> 0 | AF57: =IF(AE57=1,AC57,0) -> 0 | AG57: =IF(AE57=1,AD57,0) -> 0
AA58: FALSE | AB58: FALSE | AC58: =IF(AA58="","",IF(AA58=TRUE,1,0)) -> 0 | AD58: =IF(AB58="","",IF(AB58=TRUE,1,0)) -> 0 | AE58: =SUM(AC58:AD58) -> 0 | AF58: =IF(AE58=1,AC58,0) -> 0 | AG58: =IF(AE58=1,AD58,0) -> 0
AA59: FALSE | AB59: FALSE | AC59: =IF(AA59="","",IF(AA59=TRUE,1,0)) -> 0 | AD59: =IF(AB59="","",IF(AB59=TRUE,1,0)) -> 0 | AE59: =SUM(AC59:AD59) -> 0 | AF59: =IF(AE59=1,AC59,0) -> 0 | AG59: =IF(AE59=1,AD59,0) -> 0
AA60: FALSE | AB60: FALSE | AC60: =IF(AA60="","",IF(AA60=TRUE,1,0)) -> 0 | AD60: =IF(AB60="","",IF(AB60=TRUE,1,0)) -> 0 | AE60: =SUM(AC60:AD60) -> 0 | AF60: =IF(AE60=1,AC60,0) -> 0 | AG60: =IF(AE60=1,AD60,0) -> 0
AA61: FALSE | AB61: FALSE | AC61: =IF(AA61="","",IF(AA61=TRUE,1,0)) -> 0 | AD61: =IF(AB61="","",IF(AB61=TRUE,1,0)) -> 0 | AE61: =SUM(AC61:AD61) -> 0 | AF61: =IF(AE61=1,AC61,0) -> 0 | AG61: =IF(AE61=1,AD61,0) -> 0
A62: E. COLLABORATE (Home–School–Community Partnership) | B62: =AF62 -> 0 | C62: =AG62 -> 0 | AC62: =IF(AA62="","",IF(AA62=TRUE,1,0)) | AD62: =IF(AB62="","",IF(AB62=TRUE,1,0)) | AF62: =SUM(AF52:AF61) -> 0 | AG62: =SUM(AG52:AG61) -> 0
A63: Indicator | B63: Yes | C63: No | D63: Remarks/Evidence | AC63: =IF(AA63="","",IF(AA63=TRUE,1,0)) | AD63: =IF(AB63="","",IF(AB63=TRUE,1,0))
A64: 27. Parents are regularly informed of learner progress | AA64: FALSE | AB64: FALSE | AC64: =IF(AA64="","",IF(AA64=TRUE,1,0)) -> 0 | AD64: =IF(AB64="","",IF(AB64=TRUE,1,0)) -> 0 | AE64: =SUM(AC64:AD64) -> 0 | AF64: =IF(AE64=1,AC64,0) -> 0 | AG64: =IF(AE64=1,AD64,0) -> 0
A65: 28. Parent conferences for at-risk learners are conducted | AA65: FALSE | AB65: FALSE | AC65: =IF(AA65="","",IF(AA65=TRUE,1,0)) -> 0 | AD65: =IF(AB65="","",IF(AB65=TRUE,1,0)) -> 0 | AE65: =SUM(AC65:AD65) -> 0 | AF65: =IF(AE65=1,AC65,0) -> 0 | AG65: =IF(AE65=1,AD65,0) -> 0
A66: 29. Home visitation is implemented for frequent absentees | AA66: FALSE | AB66: FALSE | AC66: =IF(AA66="","",IF(AA66=TRUE,1,0)) -> 0 | AD66: =IF(AB66="","",IF(AB66=TRUE,1,0)) -> 0 | AE66: =SUM(AC66:AD66) -> 0 | AF66: =IF(AE66=1,AC66,0) -> 0 | AG66: =IF(AE66=1,AD66,0) -> 0
A67: 30. School coordinates with barangay/community stakeholders | AA67: FALSE | AB67: FALSE | AC67: =IF(AA67="","",IF(AA67=TRUE,1,0)) -> 0 | AD67: =IF(AB67="","",IF(AB67=TRUE,1,0)) -> 0 | AE67: =SUM(AC67:AD67) -> 0 | AF67: =IF(AE67=1,AC67,0) -> 0 | AG67: =IF(AE67=1,AD67,0) -> 0
A68: 31. LAC sessions discuss learner cases and interventions | AA68: FALSE | AB68: FALSE | AC68: =IF(AA68="","",IF(AA68=TRUE,1,0)) -> 0 | AD68: =IF(AB68="","",IF(AB68=TRUE,1,0)) -> 0 | AE68: =SUM(AC68:AD68) -> 0 | AF68: =IF(AE68=1,AC68,0) -> 0 | AG68: =IF(AE68=1,AD68,0) -> 0
A69: 32. Best practices are documented and shared | AA69: FALSE | AB69: FALSE | AC69: =IF(AA69="","",IF(AA69=TRUE,1,0)) -> 0 | AD69: =IF(AB69="","",IF(AB69=TRUE,1,0)) -> 0 | AE69: =SUM(AC69:AD69) -> 0 | AF69: =IF(AE69=1,AC69,0) -> 0 | AG69: =IF(AE69=1,AD69,0) -> 0
AA70: FALSE | AB70: FALSE | AC70: =IF(AA70="","",IF(AA70=TRUE,1,0)) -> 0 | AD70: =IF(AB70="","",IF(AB70=TRUE,1,0)) -> 0 | AE70: =SUM(AC70:AD70) -> 0 | AF70: =IF(AE70=1,AC70,0) -> 0 | AG70: =IF(AE70=1,AD70,0) -> 0
AA71: FALSE | AB71: FALSE | AC71: =IF(AA71="","",IF(AA71=TRUE,1,0)) -> 0 | AD71: =IF(AB71="","",IF(AB71=TRUE,1,0)) -> 0 | AE71: =SUM(AC71:AD71) -> 0 | AF71: =IF(AE71=1,AC71,0) -> 0 | AG71: =IF(AE71=1,AD71,0) -> 0
AA72: FALSE | AB72: FALSE | AC72: =IF(AA72="","",IF(AA72=TRUE,1,0)) -> 0 | AD72: =IF(AB72="","",IF(AB72=TRUE,1,0)) -> 0 | AE72: =SUM(AC72:AD72) -> 0 | AF72: =IF(AE72=1,AC72,0) -> 0 | AG72: =IF(AE72=1,AD72,0) -> 0
AA73: FALSE | AB73: FALSE | AC73: =IF(AA73="","",IF(AA73=TRUE,1,0)) -> 0 | AD73: =IF(AB73="","",IF(AB73=TRUE,1,0)) -> 0 | AE73: =SUM(AC73:AD73) -> 0 | AF73: =IF(AE73=1,AC73,0) -> 0 | AG73: =IF(AE73=1,AD73,0) -> 0
A74: SUMMARY OF FINDINGS | B74: =AF74 -> 0 | C74: =AG74 -> 0 | AC74: =IF(AA74="","",IF(AA74=TRUE,1,0)) | AD74: =IF(AB74="","",IF(AB74=TRUE,1,0)) | AF74: =SUM(AF64:AF73) -> 0 | AG74: =SUM(AG64:AG73) -> 0
A75: Strengths:
AF76: =SUM(AF26,AF38,AF50,AF62,AF74) -> 0 | AG76: =SUM(AG26,AG38,AG50,AG62,AG74) -> 0
A77: Areas for Improvement:
A79: Agreed Next Action (Next Quarter):
A82: Prepared by: | B82: Noted by:
A84: NANCY C. LUCENAS | D84: RUFINO T. TUDLASAN PhD
A85: School Head | D85: Education Program Supervisor
D88: MARY JEAN B. CODINERA DevEdD
D89: PSDS, WEST 1 Secondary

Sheet MAGUIKAY ES
A5: Republic of the Philippines
A6: Department of Education
A8: SCHOOLS DIVISION OF MANDAUE CITY
A10: LEARNER DEVELOPMENT AND PROTECTION MONITORING CHECKLIST
A11: School:
A12: Quarter: | B12: TERM 2
A13: Monitored by: | B13: MARY JEAN B. CODIÑERA
A14: A. IDENTIFY (Early Identification of At-Risk Learners)
A15: Indicator | B15: Yes | C15: No | D15: Remarks/Evidence
A16: 1. Attendance (SF2), academic (SF5), and behavior data are regularly reviewed | AA16: FALSE | AB16: FALSE | AC16: =IF(AA16="","",IF(AA16=TRUE,1,0)) -> 0 | AD16: =IF(AB16="","",IF(AB16=TRUE,1,0)) -> 0 | AE16: =SUM(AC16:AD16) -> 0 | AF16: =IF(AE16=1,AC16,0) -> 0 | AG16: =IF(AE16=1,AD16,0) -> 0
A17: 2. Teachers maintain classroom learner tracking sheets | AA17: FALSE | AB17: FALSE | AC17: =IF(AA17="","",IF(AA17=TRUE,1,0)) -> 0 | AD17: =IF(AB17="","",IF(AB17=TRUE,1,0)) -> 0 | AE17: =SUM(AC17:AD17) -> 0 | AF17: =IF(AE17=1,AC17,0) -> 0 | AG17: =IF(AE17=1,AD17,0) -> 0
A18: 3. School has a master list of at-risk learners | AA18: FALSE | AB18: FALSE | AC18: =IF(AA18="","",IF(AA18=TRUE,1,0)) -> 0 | AD18: =IF(AB18="","",IF(AB18=TRUE,1,0)) -> 0 | AE18: =SUM(AC18:AD18) -> 0 | AF18: =IF(AE18=1,AC18,0) -> 0 | AG18: =IF(AE18=1,AD18,0) -> 0
A19: 4. At-risk learners are profiled (academic, behavioral, socio-economic factors) | AA19: FALSE | AB19: FALSE | AC19: =IF(AA19="","",IF(AA19=TRUE,1,0)) -> 0 | AD19: =IF(AB19="","",IF(AB19=TRUE,1,0)) -> 0 | AE19: =SUM(AC19:AD19) -> 0 | AF19: =IF(AE19=1,AC19,0) -> 0 | AG19: =IF(AE19=1,AD19,0) -> 0
A20: 5. Root cause analysis is conducted for identified learners | AA20: FALSE | AB20: FALSE | AC20: =IF(AA20="","",IF(AA20=TRUE,1,0)) -> 0 | AD20: =IF(AB20="","",IF(AB20=TRUE,1,0)) -> 0 | AE20: =SUM(AC20:AD20) -> 0 | AF20: =IF(AE20=1,AC20,0) -> 0 | AG20: =IF(AE20=1,AD20,0) -> 0
A21: 6. School Learner Tracking Team (SLTT) is organized and functional | AA21: FALSE | AB21: FALSE | AC21: =IF(AA21="","",IF(AA21=TRUE,1,0)) -> 0 | AD21: =IF(AB21="","",IF(AB21=TRUE,1,0)) -> 0 | AE21: =SUM(AC21:AD21) -> 0 | AF21: =IF(AE21=1,AC21,0) -> 0 | AG21: =IF(AE21=1,AD21,0) -> 0
AA22: FALSE | AB22: FALSE | AC22: =IF(AA22="","",IF(AA22=TRUE,1,0)) -> 0 | AD22: =IF(AB22="","",IF(AB22=TRUE,1,0)) -> 0 | AE22: =SUM(AC22:AD22) -> 0 | AF22: =IF(AE22=1,AC22,0) -> 0 | AG22: =IF(AE22=1,AD22,0) -> 0
AA23: FALSE | AB23: FALSE | AC23: =IF(AA23="","",IF(AA23=TRUE,1,0)) -> 0 | AD23: =IF(AB23="","",IF(AB23=TRUE,1,0)) -> 0 | AE23: =SUM(AC23:AD23) -> 0 | AF23: =IF(AE23=1,AC23,0) -> 0 | AG23: =IF(AE23=1,AD23,0) -> 0
AA24: FALSE | AB24: FALSE | AC24: =IF(AA24="","",IF(AA24=TRUE,1,0)) -> 0 | AD24: =IF(AB24="","",IF(AB24=TRUE,1,0)) -> 0 | AE24: =SUM(AC24:AD24) -> 0 | AF24: =IF(AE24=1,AC24,0) -> 0 | AG24: =IF(AE24=1,AD24,0) -> 0
AA25: FALSE | AB25: FALSE | AC25: =IF(AA25="","",IF(AA25=TRUE,1,0)) -> 0 | AD25: =IF(AB25="","",IF(AB25=TRUE,1,0)) -> 0 | AE25: =SUM(AC25:AD25) -> 0 | AF25: =IF(AE25=1,AC25,0) -> 0 | AG25: =IF(AE25=1,AD25,0) -> 0
A26: B. SUPPORT (Targeted Interventions & Differentiated Instruction) | B26: =AF26 -> 0 | C26: =AG26 -> 0 | AC26: =IF(AA26="","",IF(AA26=TRUE,1,0)) | AD26: =IF(AB26="","",IF(AB26=TRUE,1,0)) | AF26: =SUM(AF16:AF25) -> 0 | AG26: =SUM(AG16:AG25) -> 0
A27: Indicator | B27: Yes | C27: No | D27: Remarks/Evidence | AC27: =IF(AA27="","",IF(AA27=TRUE,1,0)) | AD27: =IF(AB27="","",IF(AB27=TRUE,1,0))
A28: 7. Targeted remediation programs are implemented (not general review) | AA28: FALSE | AB28: FALSE | AC28: =IF(AA28="","",IF(AA28=TRUE,1,0)) -> 0 | AD28: =IF(AB28="","",IF(AB28=TRUE,1,0)) -> 0 | AE28: =SUM(AC28:AD28) -> 0 | AF28: =IF(AE28=1,AC28,0) -> 0 | AG28: =IF(AE28=1,AD28,0) -> 0
A29: 8. Learners are grouped based on specific learning gaps | AA29: FALSE | AB29: FALSE | AC29: =IF(AA29="","",IF(AA29=TRUE,1,0)) -> 0 | AD29: =IF(AB29="","",IF(AB29=TRUE,1,0)) -> 0 | AE29: =SUM(AC29:AD29) -> 0 | AF29: =IF(AE29=1,AC29,0) -> 0 | AG29: =IF(AE29=1,AD29,0) -> 0
A30: 9. Differentiated instruction strategies are evident in teaching | AA30: FALSE | AB30: FALSE | AC30: =IF(AA30="","",IF(AA30=TRUE,1,0)) -> 0 | AD30: =IF(AB30="","",IF(AB30=TRUE,1,0)) -> 0 | AE30: =SUM(AC30:AD30) -> 0 | AF30: =IF(AE30=1,AC30,0) -> 0 | AG30: =IF(AE30=1,AD30,0) -> 0
A31: 10. Peer tutoring or learning buddy system is implemented | AA31: FALSE | AB31: FALSE | AC31: =IF(AA31="","",IF(AA31=TRUE,1,0)) -> 0 | AD31: =IF(AB31="","",IF(AB31=TRUE,1,0)) -> 0 | AE31: =SUM(AC31:AD31) -> 0 | AF31: =IF(AE31=1,AC31,0) -> 0 | AG31: =IF(AE31=1,AD31,0) -> 0
A32: 11. Counseling or psychosocial support is provided when needed | AA32: FALSE | AB32: FALSE | AC32: =IF(AA32="","",IF(AA32=TRUE,1,0)) -> 0 | AD32: =IF(AB32="","",IF(AB32=TRUE,1,0)) -> 0 | AE32: =SUM(AC32:AD32) -> 0 | AF32: =IF(AE32=1,AC32,0) -> 0 | AG32: =IF(AE32=1,AD32,0) -> 0
A33: 12. Intervention plans are documented per learner/group | AA33: FALSE | AB33: FALSE | AC33: =IF(AA33="","",IF(AA33=TRUE,1,0)) -> 0 | AD33: =IF(AB33="","",IF(AB33=TRUE,1,0)) -> 0 | AE33: =SUM(AC33:AD33) -> 0 | AF33: =IF(AE33=1,AC33,0) -> 0 | AG33: =IF(AE33=1,AD33,0) -> 0
A34: 13. Appropriate and contextualized learning materials are used | AA34: FALSE | AB34: FALSE | AC34: =IF(AA34="","",IF(AA34=TRUE,1,0)) -> 0 | AD34: =IF(AB34="","",IF(AB34=TRUE,1,0)) -> 0 | AE34: =SUM(AC34:AD34) -> 0 | AF34: =IF(AE34=1,AC34,0) -> 0 | AG34: =IF(AE34=1,AD34,0) -> 0
AA35: FALSE | AB35: FALSE | AC35: =IF(AA35="","",IF(AA35=TRUE,1,0)) -> 0 | AD35: =IF(AB35="","",IF(AB35=TRUE,1,0)) -> 0 | AE35: =SUM(AC35:AD35) -> 0 | AF35: =IF(AE35=1,AC35,0) -> 0 | AG35: =IF(AE35=1,AD35,0) -> 0
AA36: FALSE | AB36: FALSE | AC36: =IF(AA36="","",IF(AA36=TRUE,1,0)) -> 0 | AD36: =IF(AB36="","",IF(AB36=TRUE,1,0)) -> 0 | AE36: =SUM(AC36:AD36) -> 0 | AF36: =IF(AE36=1,AC36,0) -> 0 | AG36: =IF(AE36=1,AD36,0) -> 0
AA37: FALSE | AB37: FALSE | AC37: =IF(AA37="","",IF(AA37=TRUE,1,0)) -> 0 | AD37: =IF(AB37="","",IF(AB37=TRUE,1,0)) -> 0 | AE37: =SUM(AC37:AD37) -> 0 | AF37: =IF(AE37=1,AC37,0) -> 0 | AG37: =IF(AE37=1,AD37,0) -> 0
A38: C. ENGAGE (Safe, Inclusive, and Supportive Environment) | B38: =AF38 -> 0 | C38: =AG38 -> 0 | AC38: =IF(AA38="","",IF(AA38=TRUE,1,0)) | AD38: =IF(AB38="","",IF(AB38=TRUE,1,0)) | AF38: =SUM(AF28:AF37) -> 0 | AG38: =SUM(AG28:AG37) -> 0
A39: Indicator | B39: Yes | C39: No | D39: Remarks/Evidence | AC39: =IF(AA39="","",IF(AA39=TRUE,1,0)) | AD39: =IF(AB39="","",IF(AB39=TRUE,1,0))
A40: 14. SEL (Social-Emotional Learning) is integrated in daily lessons | AA40: FALSE | AB40: FALSE | AC40: =IF(AA40="","",IF(AA40=TRUE,1,0)) -> 0 | AD40: =IF(AB40="","",IF(AB40=TRUE,1,0)) -> 0 | AE40: =SUM(AC40:AD40) -> 0 | AF40: =IF(AE40=1,AC40,0) -> 0 | AG40: =IF(AE40=1,AD40,0) -> 0
A41: 15. Teachers use strategies that develop self- awareness and relationships | AA41: FALSE | AB41: FALSE | AC41: =IF(AA41="","",IF(AA41=TRUE,1,0)) -> 0 | AD41: =IF(AB41="","",IF(AB41=TRUE,1,0)) -> 0 | AE41: =SUM(AC41:AD41) -> 0 | AF41: =IF(AE41=1,AC41,0) -> 0 | AG41: =IF(AE41=1,AD41,0) -> 0
A42: 16. Classroom environment promotes respect and inclusivity | AA42: FALSE | AB42: FALSE | AC42: =IF(AA42="","",IF(AA42=TRUE,1,0)) -> 0 | AD42: =IF(AB42="","",IF(AB42=TRUE,1,0)) -> 0 | AE42: =SUM(AC42:AD42) -> 0 | AF42: =IF(AE42=1,AC42,0) -> 0 | AG42: =IF(AE42=1,AD42,0) -> 0
A43: 17. Positive discipline practices are observed (no punitive approach) | AA43: FALSE | AB43: FALSE | AC43: =IF(AA43="","",IF(AA43=TRUE,1,0)) -> 0 | AD43: =IF(AB43="","",IF(AB43=TRUE,1,0)) -> 0 | AE43: =SUM(AC43:AD43) -> 0 | AF43: =IF(AE43=1,AC43,0) -> 0 | AG43: =IF(AE43=1,AD43,0) -> 0
A44: 18. Child Protection Committee (CPC) is active and functional | D44: Need to be updated | AA44: FALSE | AB44: FALSE | AC44: =IF(AA44="","",IF(AA44=TRUE,1,0)) -> 0 | AD44: =IF(AB44="","",IF(AB44=TRUE,1,0)) -> 0 | AE44: =SUM(AC44:AD44) -> 0 | AF44: =IF(AE44=1,AC44,0) -> 0 | AG44: =IF(AE44=1,AD44,0) -> 0
A45: 19. Anti-bullying and child protection programs are implemented | AA45: FALSE | AB45: FALSE | AC45: =IF(AA45="","",IF(AA45=TRUE,1,0)) -> 0 | AD45: =IF(AB45="","",IF(AB45=TRUE,1,0)) -> 0 | AE45: =SUM(AC45:AD45) -> 0 | AF45: =IF(AE45=1,AC45,0) -> 0 | AG45: =IF(AE45=1,AD45,0) -> 0
A46: 20. Learners are given opportunities to express ideas and feelings | AA46: FALSE | AB46: FALSE | AC46: =IF(AA46="","",IF(AA46=TRUE,1,0)) -> 0 | AD46: =IF(AB46="","",IF(AB46=TRUE,1,0)) -> 0 | AE46: =SUM(AC46:AD46) -> 0 | AF46: =IF(AE46=1,AC46,0) -> 0 | AG46: =IF(AE46=1,AD46,0) -> 0
AA47: FALSE | AB47: FALSE | AC47: =IF(AA47="","",IF(AA47=TRUE,1,0)) -> 0 | AD47: =IF(AB47="","",IF(AB47=TRUE,1,0)) -> 0 | AE47: =SUM(AC47:AD47) -> 0 | AF47: =IF(AE47=1,AC47,0) -> 0 | AG47: =IF(AE47=1,AD47,0) -> 0
AA48: FALSE | AB48: FALSE | AC48: =IF(AA48="","",IF(AA48=TRUE,1,0)) -> 0 | AD48: =IF(AB48="","",IF(AB48=TRUE,1,0)) -> 0 | AE48: =SUM(AC48:AD48) -> 0 | AF48: =IF(AE48=1,AC48,0) -> 0 | AG48: =IF(AE48=1,AD48,0) -> 0
AA49: FALSE | AB49: FALSE | AC49: =IF(AA49="","",IF(AA49=TRUE,1,0)) -> 0 | AD49: =IF(AB49="","",IF(AB49=TRUE,1,0)) -> 0 | AE49: =SUM(AC49:AD49) -> 0 | AF49: =IF(AE49=1,AC49,0) -> 0 | AG49: =IF(AE49=1,AD49,0) -> 0
A50: D. MONITOR (Tracking Progress & Adjusting Interventions) | B50: =AF50 -> 0 | C50: =AG50 -> 0 | AC50: =IF(AA50="","",IF(AA50=TRUE,1,0)) | AD50: =IF(AB50="","",IF(AB50=TRUE,1,0)) | AF50: =SUM(AF40:AF49) -> 0 | AG50: =SUM(AG40:AG49) -> 0
A51: Indicator | B51: Yes | C51: No | D51: Remarks/Evidence | AC51: =IF(AA51="","",IF(AA51=TRUE,1,0)) | AD51: =IF(AB51="","",IF(AB51=TRUE,1,0))
A52: 21. Monthly monitoring of learner attendance and performance is conducted | AA52: FALSE | AB52: FALSE | AC52: =IF(AA52="","",IF(AA52=TRUE,1,0)) -> 0 | AD52: =IF(AB52="","",IF(AB52=TRUE,1,0)) -> 0 | AE52: =SUM(AC52:AD52) -> 0 | AF52: =IF(AE52=1,AC52,0) -> 0 | AG52: =IF(AE52=1,AD52,0) -> 0
A53: 22. Learner tracking records are regularly updated | AA53: FALSE | AB53: FALSE | AC53: =IF(AA53="","",IF(AA53=TRUE,1,0)) -> 0 | AD53: =IF(AB53="","",IF(AB53=TRUE,1,0)) -> 0 | AE53: =SUM(AC53:AD53) -> 0 | AF53: =IF(AE53=1,AC53,0) -> 0 | AG53: =IF(AE53=1,AD53,0) -> 0
A54: 23. SLTT conducts quarterly review meetings | AA54: FALSE | AB54: FALSE | AC54: =IF(AA54="","",IF(AA54=TRUE,1,0)) -> 0 | AD54: =IF(AB54="","",IF(AB54=TRUE,1,0)) -> 0 | AE54: =SUM(AC54:AD54) -> 0 | AF54: =IF(AE54=1,AC54,0) -> 0 | AG54: =IF(AE54=1,AD54,0) -> 0
A55: 24. Interventions are adjusted based on learner progress | AA55: FALSE | AB55: FALSE | AC55: =IF(AA55="","",IF(AA55=TRUE,1,0)) -> 0 | AD55: =IF(AB55="","",IF(AB55=TRUE,1,0)) -> 0 | AE55: =SUM(AC55:AD55) -> 0 | AF55: =IF(AE55=1,AC55,0) -> 0 | AG55: =IF(AE55=1,AD55,0) -> 0
A56: 25. Formative assessments are used to track improvement | AA56: FALSE | AB56: FALSE | AC56: =IF(AA56="","",IF(AA56=TRUE,1,0)) -> 0 | AD56: =IF(AB56="","",IF(AB56=TRUE,1,0)) -> 0 | AE56: =SUM(AC56:AD56) -> 0 | AF56: =IF(AE56=1,AC56,0) -> 0 | AG56: =IF(AE56=1,AD56,0) -> 0
A57: 26. Reduction in number of at-risk learners is monitored | AA57: FALSE | AB57: FALSE | AC57: =IF(AA57="","",IF(AA57=TRUE,1,0)) -> 0 | AD57: =IF(AB57="","",IF(AB57=TRUE,1,0)) -> 0 | AE57: =SUM(AC57:AD57) -> 0 | AF57: =IF(AE57=1,AC57,0) -> 0 | AG57: =IF(AE57=1,AD57,0) -> 0
AA58: FALSE | AB58: FALSE | AC58: =IF(AA58="","",IF(AA58=TRUE,1,0)) -> 0 | AD58: =IF(AB58="","",IF(AB58=TRUE,1,0)) -> 0 | AE58: =SUM(AC58:AD58) -> 0 | AF58: =IF(AE58=1,AC58,0) -> 0 | AG58: =IF(AE58=1,AD58,0) -> 0
AA59: FALSE | AB59: FALSE | AC59: =IF(AA59="","",IF(AA59=TRUE,1,0)) -> 0 | AD59: =IF(AB59="","",IF(AB59=TRUE,1,0)) -> 0 | AE59: =SUM(AC59:AD59) -> 0 | AF59: =IF(AE59=1,AC59,0) -> 0 | AG59: =IF(AE59=1,AD59,0) -> 0
AA60: FALSE | AB60: FALSE | AC60: =IF(AA60="","",IF(AA60=TRUE,1,0)) -> 0 | AD60: =IF(AB60="","",IF(AB60=TRUE,1,0)) -> 0 | AE60: =SUM(AC60:AD60) -> 0 | AF60: =IF(AE60=1,AC60,0) -> 0 | AG60: =IF(AE60=1,AD60,0) -> 0
AA61: FALSE | AB61: FALSE | AC61: =IF(AA61="","",IF(AA61=TRUE,1,0)) -> 0 | AD61: =IF(AB61="","",IF(AB61=TRUE,1,0)) -> 0 | AE61: =SUM(AC61:AD61) -> 0 | AF61: =IF(AE61=1,AC61,0) -> 0 | AG61: =IF(AE61=1,AD61,0) -> 0
A62: E. COLLABORATE (Home–School–Community Partnership) | B62: =AF62 -> 0 | C62: =AG62 -> 0 | AC62: =IF(AA62="","",IF(AA62=TRUE,1,0)) | AD62: =IF(AB62="","",IF(AB62=TRUE,1,0)) | AF62: =SUM(AF52:AF61) -> 0 | AG62: =SUM(AG52:AG61) -> 0
A63: Indicator | B63: Yes | C63: No | D63: Remarks/Evidence | AC63: =IF(AA63="","",IF(AA63=TRUE,1,0)) | AD63: =IF(AB63="","",IF(AB63=TRUE,1,0))
A64: 27. Parents are regularly informed of learner progress | AA64: FALSE | AB64: FALSE | AC64: =IF(AA64="","",IF(AA64=TRUE,1,0)) -> 0 | AD64: =IF(AB64="","",IF(AB64=TRUE,1,0)) -> 0 | AE64: =SUM(AC64:AD64) -> 0 | AF64: =IF(AE64=1,AC64,0) -> 0 | AG64: =IF(AE64=1,AD64,0) -> 0
A65: 28. Parent conferences for at-risk learners are conducted | AA65: FALSE | AB65: FALSE | AC65: =IF(AA65="","",IF(AA65=TRUE,1,0)) -> 0 | AD65: =IF(AB65="","",IF(AB65=TRUE,1,0)) -> 0 | AE65: =SUM(AC65:AD65) -> 0 | AF65: =IF(AE65=1,AC65,0) -> 0 | AG65: =IF(AE65=1,AD65,0) -> 0
A66: 29. Home visitation is implemented for frequent absentees | AA66: FALSE | AB66: FALSE | AC66: =IF(AA66="","",IF(AA66=TRUE,1,0)) -> 0 | AD66: =IF(AB66="","",IF(AB66=TRUE,1,0)) -> 0 | AE66: =SUM(AC66:AD66) -> 0 | AF66: =IF(AE66=1,AC66,0) -> 0 | AG66: =IF(AE66=1,AD66,0) -> 0
A67: 30. School coordinates with barangay/community stakeholders | AA67: FALSE | AB67: FALSE | AC67: =IF(AA67="","",IF(AA67=TRUE,1,0)) -> 0 | AD67: =IF(AB67="","",IF(AB67=TRUE,1,0)) -> 0 | AE67: =SUM(AC67:AD67) -> 0 | AF67: =IF(AE67=1,AC67,0) -> 0 | AG67: =IF(AE67=1,AD67,0) -> 0
A68: 31. LAC sessions discuss learner cases and interventions | AA68: FALSE | AB68: FALSE | AC68: =IF(AA68="","",IF(AA68=TRUE,1,0)) -> 0 | AD68: =IF(AB68="","",IF(AB68=TRUE,1,0)) -> 0 | AE68: =SUM(AC68:AD68) -> 0 | AF68: =IF(AE68=1,AC68,0) -> 0 | AG68: =IF(AE68=1,AD68,0) -> 0
A69: 32. Best practices are documented and shared | AA69: FALSE | AB69: FALSE | AC69: =IF(AA69="","",IF(AA69=TRUE,1,0)) -> 0 | AD69: =IF(AB69="","",IF(AB69=TRUE,1,0)) -> 0 | AE69: =SUM(AC69:AD69) -> 0 | AF69: =IF(AE69=1,AC69,0) -> 0 | AG69: =IF(AE69=1,AD69,0) -> 0
AA70: FALSE | AB70: FALSE | AC70: =IF(AA70="","",IF(AA70=TRUE,1,0)) -> 0 | AD70: =IF(AB70="","",IF(AB70=TRUE,1,0)) -> 0 | AE70: =SUM(AC70:AD70) -> 0 | AF70: =IF(AE70=1,AC70,0) -> 0 | AG70: =IF(AE70=1,AD70,0) -> 0
AA71: FALSE | AB71: FALSE | AC71: =IF(AA71="","",IF(AA71=TRUE,1,0)) -> 0 | AD71: =IF(AB71="","",IF(AB71=TRUE,1,0)) -> 0 | AE71: =SUM(AC71:AD71) -> 0 | AF71: =IF(AE71=1,AC71,0) -> 0 | AG71: =IF(AE71=1,AD71,0) -> 0
AA72: FALSE | AB72: FALSE | AC72: =IF(AA72="","",IF(AA72=TRUE,1,0)) -> 0 | AD72: =IF(AB72="","",IF(AB72=TRUE,1,0)) -> 0 | AE72: =SUM(AC72:AD72) -> 0 | AF72: =IF(AE72=1,AC72,0) -> 0 | AG72: =IF(AE72=1,AD72,0) -> 0
AA73: FALSE | AB73: FALSE | AC73: =IF(AA73="","",IF(AA73=TRUE,1,0)) -> 0 | AD73: =IF(AB73="","",IF(AB73=TRUE,1,0)) -> 0 | AE73: =SUM(AC73:AD73) -> 0 | AF73: =IF(AE73=1,AC73,0) -> 0 | AG73: =IF(AE73=1,AD73,0) -> 0
A74: SUMMARY OF FINDINGS | B74: =AF74 -> 0 | C74: =AG74 -> 0 | AC74: =IF(AA74="","",IF(AA74=TRUE,1,0)) | AD74: =IF(AB74="","",IF(AB74=TRUE,1,0)) | AF74: =SUM(AF64:AF73) -> 0 | AG74: =SUM(AG64:AG73) -> 0
A75: Strengths:
AF76: =SUM(AF26,AF38,AF50,AF62,AF74) -> 0 | AG76: =SUM(AG26,AG38,AG50,AG62,AG74) -> 0
A77: Areas for Improvement:
A79: Agreed Next Action (Next Quarter):
A82: Prepared by: | B82: Noted by:
A84: NANCY C. LUCENAS | D84: RUFINO T. TUDLASAN PhD
A85: School Head | D85: Education Program Supervisor
D88: MARY JEAN B. CODINERA DevEdD
D89: PSDS, WEST 1 Secondary

Sheet CABANCALAN I ES
A5: Republic of the Philippines
A6: Department of Education
A8: SCHOOLS DIVISION OF MANDAUE CITY
A10: LEARNER DEVELOPMENT AND PROTECTION MONITORING CHECKLIST
A11: School:
A12: Quarter: | B12: TERM 2
A13: Monitored by: | B13: MARY JEAN B. CODIÑERA
A14: A. IDENTIFY (Early Identification of At-Risk Learners)
A15: Indicator | B15: Yes | C15: No | D15: Remarks/Evidence
A16: 1. Attendance (SF2), academic (SF5), and behavior data are regularly reviewed | AA16: FALSE | AB16: FALSE | AC16: =IF(AA16="","",IF(AA16=TRUE,1,0)) -> 0 | AD16: =IF(AB16="","",IF(AB16=TRUE,1,0)) -> 0 | AE16: =SUM(AC16:AD16) -> 0 | AF16: =IF(AE16=1,AC16,0) -> 0 | AG16: =IF(AE16=1,AD16,0) -> 0
A17: 2. Teachers maintain classroom learner tracking sheets | AA17: FALSE | AB17: FALSE | AC17: =IF(AA17="","",IF(AA17=TRUE,1,0)) -> 0 | AD17: =IF(AB17="","",IF(AB17=TRUE,1,0)) -> 0 | AE17: =SUM(AC17:AD17) -> 0 | AF17: =IF(AE17=1,AC17,0) -> 0 | AG17: =IF(AE17=1,AD17,0) -> 0
A18: 3. School has a master list of at-risk learners | AA18: FALSE | AB18: FALSE | AC18: =IF(AA18="","",IF(AA18=TRUE,1,0)) -> 0 | AD18: =IF(AB18="","",IF(AB18=TRUE,1,0)) -> 0 | AE18: =SUM(AC18:AD18) -> 0 | AF18: =IF(AE18=1,AC18,0) -> 0 | AG18: =IF(AE18=1,AD18,0) -> 0
A19: 4. At-risk learners are profiled (academic, behavioral, socio-economic factors) | AA19: FALSE | AB19: FALSE | AC19: =IF(AA19="","",IF(AA19=TRUE,1,0)) -> 0 | AD19: =IF(AB19="","",IF(AB19=TRUE,1,0)) -> 0 | AE19: =SUM(AC19:AD19) -> 0 | AF19: =IF(AE19=1,AC19,0) -> 0 | AG19: =IF(AE19=1,AD19,0) -> 0
A20: 5. Root cause analysis is conducted for identified learners | AA20: FALSE | AB20: FALSE | AC20: =IF(AA20="","",IF(AA20=TRUE,1,0)) -> 0 | AD20: =IF(AB20="","",IF(AB20=TRUE,1,0)) -> 0 | AE20: =SUM(AC20:AD20) -> 0 | AF20: =IF(AE20=1,AC20,0) -> 0 | AG20: =IF(AE20=1,AD20,0) -> 0
A21: 6. School Learner Tracking Team (SLTT) is organized and functional | AA21: FALSE | AB21: FALSE | AC21: =IF(AA21="","",IF(AA21=TRUE,1,0)) -> 0 | AD21: =IF(AB21="","",IF(AB21=TRUE,1,0)) -> 0 | AE21: =SUM(AC21:AD21) -> 0 | AF21: =IF(AE21=1,AC21,0) -> 0 | AG21: =IF(AE21=1,AD21,0) -> 0
AA22: FALSE | AB22: FALSE | AC22: =IF(AA22="","",IF(AA22=TRUE,1,0)) -> 0 | AD22: =IF(AB22="","",IF(AB22=TRUE,1,0)) -> 0 | AE22: =SUM(AC22:AD22) -> 0 | AF22: =IF(AE22=1,AC22,0) -> 0 | AG22: =IF(AE22=1,AD22,0) -> 0
AA23: FALSE | AB23: FALSE | AC23: =IF(AA23="","",IF(AA23=TRUE,1,0)) -> 0 | AD23: =IF(AB23="","",IF(AB23=TRUE,1,0)) -> 0 | AE23: =SUM(AC23:AD23) -> 0 | AF23: =IF(AE23=1,AC23,0) -> 0 | AG23: =IF(AE23=1,AD23,0) -> 0
AA24: FALSE | AB24: FALSE | AC24: =IF(AA24="","",IF(AA24=TRUE,1,0)) -> 0 | AD24: =IF(AB24="","",IF(AB24=TRUE,1,0)) -> 0 | AE24: =SUM(AC24:AD24) -> 0 | AF24: =IF(AE24=1,AC24,0) -> 0 | AG24: =IF(AE24=1,AD24,0) -> 0
AA25: FALSE | AB25: FALSE | AC25: =IF(AA25="","",IF(AA25=TRUE,1,0)) -> 0 | AD25: =IF(AB25="","",IF(AB25=TRUE,1,0)) -> 0 | AE25: =SUM(AC25:AD25) -> 0 | AF25: =IF(AE25=1,AC25,0) -> 0 | AG25: =IF(AE25=1,AD25,0) -> 0
A26: B. SUPPORT (Targeted Interventions & Differentiated Instruction) | B26: =AF26 -> 0 | C26: =AG26 -> 0 | AC26: =IF(AA26="","",IF(AA26=TRUE,1,0)) | AD26: =IF(AB26="","",IF(AB26=TRUE,1,0)) | AF26: =SUM(AF16:AF25) -> 0 | AG26: =SUM(AG16:AG25) -> 0
A27: Indicator | B27: Yes | C27: No | D27: Remarks/Evidence | AC27: =IF(AA27="","",IF(AA27=TRUE,1,0)) | AD27: =IF(AB27="","",IF(AB27=TRUE,1,0))
A28: 7. Targeted remediation programs are implemented (not general review) | AA28: FALSE | AB28: FALSE | AC28: =IF(AA28="","",IF(AA28=TRUE,1,0)) -> 0 | AD28: =IF(AB28="","",IF(AB28=TRUE,1,0)) -> 0 | AE28: =SUM(AC28:AD28) -> 0 | AF28: =IF(AE28=1,AC28,0) -> 0 | AG28: =IF(AE28=1,AD28,0) -> 0
A29: 8. Learners are grouped based on specific learning gaps | AA29: FALSE | AB29: FALSE | AC29: =IF(AA29="","",IF(AA29=TRUE,1,0)) -> 0 | AD29: =IF(AB29="","",IF(AB29=TRUE,1,0)) -> 0 | AE29: =SUM(AC29:AD29) -> 0 | AF29: =IF(AE29=1,AC29,0) -> 0 | AG29: =IF(AE29=1,AD29,0) -> 0
A30: 9. Differentiated instruction strategies are evident in teaching | AA30: FALSE | AB30: FALSE | AC30: =IF(AA30="","",IF(AA30=TRUE,1,0)) -> 0 | AD30: =IF(AB30="","",IF(AB30=TRUE,1,0)) -> 0 | AE30: =SUM(AC30:AD30) -> 0 | AF30: =IF(AE30=1,AC30,0) -> 0 | AG30: =IF(AE30=1,AD30,0) -> 0
A31: 10. Peer tutoring or learning buddy system is implemented | AA31: FALSE | AB31: FALSE | AC31: =IF(AA31="","",IF(AA31=TRUE,1,0)) -> 0 | AD31: =IF(AB31="","",IF(AB31=TRUE,1,0)) -> 0 | AE31: =SUM(AC31:AD31) -> 0 | AF31: =IF(AE31=1,AC31,0) -> 0 | AG31: =IF(AE31=1,AD31,0) -> 0
A32: 11. Counseling or psychosocial support is provided when needed | AA32: FALSE | AB32: FALSE | AC32: =IF(AA32="","",IF(AA32=TRUE,1,0)) -> 0 | AD32: =IF(AB32="","",IF(AB32=TRUE,1,0)) -> 0 | AE32: =SUM(AC32:AD32) -> 0 | AF32: =IF(AE32=1,AC32,0) -> 0 | AG32: =IF(AE32=1,AD32,0) -> 0
A33: 12. Intervention plans are documented per learner/group | AA33: FALSE | AB33: FALSE | AC33: =IF(AA33="","",IF(AA33=TRUE,1,0)) -> 0 | AD33: =IF(AB33="","",IF(AB33=TRUE,1,0)) -> 0 | AE33: =SUM(AC33:AD33) -> 0 | AF33: =IF(AE33=1,AC33,0) -> 0 | AG33: =IF(AE33=1,AD33,0) -> 0
A34: 13. Appropriate and contextualized learning materials are used | AA34: FALSE | AB34: FALSE | AC34: =IF(AA34="","",IF(AA34=TRUE,1,0)) -> 0 | AD34: =IF(AB34="","",IF(AB34=TRUE,1,0)) -> 0 | AE34: =SUM(AC34:AD34) -> 0 | AF34: =IF(AE34=1,AC34,0) -> 0 | AG34: =IF(AE34=1,AD34,0) -> 0
AA35: FALSE | AB35: FALSE | AC35: =IF(AA35="","",IF(AA35=TRUE,1,0)) -> 0 | AD35: =IF(AB35="","",IF(AB35=TRUE,1,0)) -> 0 | AE35: =SUM(AC35:AD35) -> 0 | AF35: =IF(AE35=1,AC35,0) -> 0 | AG35: =IF(AE35=1,AD35,0) -> 0
AA36: FALSE | AB36: FALSE | AC36: =IF(AA36="","",IF(AA36=TRUE,1,0)) -> 0 | AD36: =IF(AB36="","",IF(AB36=TRUE,1,0)) -> 0 | AE36: =SUM(AC36:AD36) -> 0 | AF36: =IF(AE36=1,AC36,0) -> 0 | AG36: =IF(AE36=1,AD36,0) -> 0
AA37: FALSE | AB37: FALSE | AC37: =IF(AA37="","",IF(AA37=TRUE,1,0)) -> 0 | AD37: =IF(AB37="","",IF(AB37=TRUE,1,0)) -> 0 | AE37: =SUM(AC37:AD37) -> 0 | AF37: =IF(AE37=1,AC37,0) -> 0 | AG37: =IF(AE37=1,AD37,0) -> 0
A38: C. ENGAGE (Safe, Inclusive, and Supportive Environment) | B38: =AF38 -> 0 | C38: =AG38 -> 0 | AC38: =IF(AA38="","",IF(AA38=TRUE,1,0)) | AD38: =IF(AB38="","",IF(AB38=TRUE,1,0)) | AF38: =SUM(AF28:AF37) -> 0 | AG38: =SUM(AG28:AG37) -> 0
A39: Indicator | B39: Yes | C39: No | D39: Remarks/Evidence | AC39: =IF(AA39="","",IF(AA39=TRUE,1,0)) | AD39: =IF(AB39="","",IF(AB39=TRUE,1,0))
A40: 14. SEL (Social-Emotional Learning) is integrated in daily lessons | AA40: FALSE | AB40: FALSE | AC40: =IF(AA40="","",IF(AA40=TRUE,1,0)) -> 0 | AD40: =IF(AB40="","",IF(AB40=TRUE,1,0)) -> 0 | AE40: =SUM(AC40:AD40) -> 0 | AF40: =IF(AE40=1,AC40,0) -> 0 | AG40: =IF(AE40=1,AD40,0) -> 0
A41: 15. Teachers use strategies that develop self- awareness and relationships | AA41: FALSE | AB41: FALSE | AC41: =IF(AA41="","",IF(AA41=TRUE,1,0)) -> 0 | AD41: =IF(AB41="","",IF(AB41=TRUE,1,0)) -> 0 | AE41: =SUM(AC41:AD41) -> 0 | AF41: =IF(AE41=1,AC41,0) -> 0 | AG41: =IF(AE41=1,AD41,0) -> 0
A42: 16. Classroom environment promotes respect and inclusivity | AA42: FALSE | AB42: FALSE | AC42: =IF(AA42="","",IF(AA42=TRUE,1,0)) -> 0 | AD42: =IF(AB42="","",IF(AB42=TRUE,1,0)) -> 0 | AE42: =SUM(AC42:AD42) -> 0 | AF42: =IF(AE42=1,AC42,0) -> 0 | AG42: =IF(AE42=1,AD42,0) -> 0
A43: 17. Positive discipline practices are observed (no punitive approach) | AA43: FALSE | AB43: FALSE | AC43: =IF(AA43="","",IF(AA43=TRUE,1,0)) -> 0 | AD43: =IF(AB43="","",IF(AB43=TRUE,1,0)) -> 0 | AE43: =SUM(AC43:AD43) -> 0 | AF43: =IF(AE43=1,AC43,0) -> 0 | AG43: =IF(AE43=1,AD43,0) -> 0
A44: 18. Child Protection Committee (CPC) is active and functional | D44: Need to be updated | AA44: FALSE | AB44: FALSE | AC44: =IF(AA44="","",IF(AA44=TRUE,1,0)) -> 0 | AD44: =IF(AB44="","",IF(AB44=TRUE,1,0)) -> 0 | AE44: =SUM(AC44:AD44) -> 0 | AF44: =IF(AE44=1,AC44,0) -> 0 | AG44: =IF(AE44=1,AD44,0) -> 0
A45: 19. Anti-bullying and child protection programs are implemented | AA45: FALSE | AB45: FALSE | AC45: =IF(AA45="","",IF(AA45=TRUE,1,0)) -> 0 | AD45: =IF(AB45="","",IF(AB45=TRUE,1,0)) -> 0 | AE45: =SUM(AC45:AD45) -> 0 | AF45: =IF(AE45=1,AC45,0) -> 0 | AG45: =IF(AE45=1,AD45,0) -> 0
A46: 20. Learners are given opportunities to express ideas and feelings | AA46: FALSE | AB46: FALSE | AC46: =IF(AA46="","",IF(AA46=TRUE,1,0)) -> 0 | AD46: =IF(AB46="","",IF(AB46=TRUE,1,0)) -> 0 | AE46: =SUM(AC46:AD46) -> 0 | AF46: =IF(AE46=1,AC46,0) -> 0 | AG46: =IF(AE46=1,AD46,0) -> 0
AA47: FALSE | AB47: FALSE | AC47: =IF(AA47="","",IF(AA47=TRUE,1,0)) -> 0 | AD47: =IF(AB47="","",IF(AB47=TRUE,1,0)) -> 0 | AE47: =SUM(AC47:AD47) -> 0 | AF47: =IF(AE47=1,AC47,0) -> 0 | AG47: =IF(AE47=1,AD47,0) -> 0
AA48: FALSE | AB48: FALSE | AC48: =IF(AA48="","",IF(AA48=TRUE,1,0)) -> 0 | AD48: =IF(AB48="","",IF(AB48=TRUE,1,0)) -> 0 | AE48: =SUM(AC48:AD48) -> 0 | AF48: =IF(AE48=1,AC48,0) -> 0 | AG48: =IF(AE48=1,AD48,0) -> 0
AA49: FALSE | AB49: FALSE | AC49: =IF(AA49="","",IF(AA49=TRUE,1,0)) -> 0 | AD49: =IF(AB49="","",IF(AB49=TRUE,1,0)) -> 0 | AE49: =SUM(AC49:AD49) -> 0 | AF49: =IF(AE49=1,AC49,0) -> 0 | AG49: =IF(AE49=1,AD49,0) -> 0
A50: D. MONITOR (Tracking Progress & Adjusting Interventions) | B50: =AF50 -> 0 | C50: =AG50 -> 0 | AC50: =IF(AA50="","",IF(AA50=TRUE,1,0)) | AD50: =IF(AB50="","",IF(AB50=TRUE,1,0)) | AF50: =SUM(AF40:AF49) -> 0 | AG50: =SUM(AG40:AG49) -> 0
A51: Indicator | B51: Yes | C51: No | D51: Remarks/Evidence | AC51: =IF(AA51="","",IF(AA51=TRUE,1,0)) | AD51: =IF(AB51="","",IF(AB51=TRUE,1,0))
A52: 21. Monthly monitoring of learner attendance and performance is conducted | AA52: FALSE | AB52: FALSE | AC52: =IF(AA52="","",IF(AA52=TRUE,1,0)) -> 0 | AD52: =IF(AB52="","",IF(AB52=TRUE,1,0)) -> 0 | AE52: =SUM(AC52:AD52) -> 0 | AF52: =IF(AE52=1,AC52,0) -> 0 | AG52: =IF(AE52=1,AD52,0) -> 0
A53: 22. Learner tracking records are regularly updated | AA53: FALSE | AB53: FALSE | AC53: =IF(AA53="","",IF(AA53=TRUE,1,0)) -> 0 | AD53: =IF(AB53="","",IF(AB53=TRUE,1,0)) -> 0 | AE53: =SUM(AC53:AD53) -> 0 | AF53: =IF(AE53=1,AC53,0) -> 0 | AG53: =IF(AE53=1,AD53,0) -> 0
A54: 23. SLTT conducts quarterly review meetings | AA54: FALSE | AB54: FALSE | AC54: =IF(AA54="","",IF(AA54=TRUE,1,0)) -> 0 | AD54: =IF(AB54="","",IF(AB54=TRUE,1,0)) -> 0 | AE54: =SUM(AC54:AD54) -> 0 | AF54: =IF(AE54=1,AC54,0) -> 0 | AG54: =IF(AE54=1,AD54,0) -> 0
A55: 24. Interventions are adjusted based on learner progress | AA55: FALSE | AB55: FALSE | AC55: =IF(AA55="","",IF(AA55=TRUE,1,0)) -> 0 | AD55: =IF(AB55="","",IF(AB55=TRUE,1,0)) -> 0 | AE55: =SUM(AC55:AD55) -> 0 | AF55: =IF(AE55=1,AC55,0) -> 0 | AG55: =IF(AE55=1,AD55,0) -> 0
A56: 25. Formative assessments are used to track improvement | AA56: FALSE | AB56: FALSE | AC56: =IF(AA56="","",IF(AA56=TRUE,1,0)) -> 0 | AD56: =IF(AB56="","",IF(AB56=TRUE,1,0)) -> 0 | AE56: =SUM(AC56:AD56) -> 0 | AF56: =IF(AE56=1,AC56,0) -> 0 | AG56: =IF(AE56=1,AD56,0) -> 0
A57: 26. Reduction in number of at-risk learners is monitored | AA57: FALSE | AB57: FALSE | AC57: =IF(AA57="","",IF(AA57=TRUE,1,0)) -> 0 | AD57: =IF(AB57="","",IF(AB57=TRUE,1,0)) -> 0 | AE57: =SUM(AC57:AD57) -> 0 | AF57: =IF(AE57=1,AC57,0) -> 0 | AG57: =IF(AE57=1,AD57,0) -> 0
AA58: FALSE | AB58: FALSE | AC58: =IF(AA58="","",IF(AA58=TRUE,1,0)) -> 0 | AD58: =IF(AB58="","",IF(AB58=TRUE,1,0)) -> 0 | AE58: =SUM(AC58:AD58) -> 0 | AF58: =IF(AE58=1,AC58,0) -> 0 | AG58: =IF(AE58=1,AD58,0) -> 0
AA59: FALSE | AB59: FALSE | AC59: =IF(AA59="","",IF(AA59=TRUE,1,0)) -> 0 | AD59: =IF(AB59="","",IF(AB59=TRUE,1,0)) -> 0 | AE59: =SUM(AC59:AD59) -> 0 | AF59: =IF(AE59=1,AC59,0) -> 0 | AG59: =IF(AE59=1,AD59,0) -> 0
AA60: FALSE | AB60: FALSE | AC60: =IF(AA60="","",IF(AA60=TRUE,1,0)) -> 0 | AD60: =IF(AB60="","",IF(AB60=TRUE,1,0)) -> 0 | AE60: =SUM(AC60:AD60) -> 0 | AF60: =IF(AE60=1,AC60,0) -> 0 | AG60: =IF(AE60=1,AD60,0) -> 0
AA61: FALSE | AB61: FALSE | AC61: =IF(AA61="","",IF(AA61=TRUE,1,0)) -> 0 | AD61: =IF(AB61="","",IF(AB61=TRUE,1,0)) -> 0 | AE61: =SUM(AC61:AD61) -> 0 | AF61: =IF(AE61=1,AC61,0) -> 0 | AG61: =IF(AE61=1,AD61,0) -> 0
A62: E. COLLABORATE (Home–School–Community Partnership) | B62: =AF62 -> 0 | C62: =AG62 -> 0 | AC62: =IF(AA62="","",IF(AA62=TRUE,1,0)) | AD62: =IF(AB62="","",IF(AB62=TRUE,1,0)) | AF62: =SUM(AF52:AF61) -> 0 | AG62: =SUM(AG52:AG61) -> 0
A63: Indicator | B63: Yes | C63: No | D63: Remarks/Evidence | AC63: =IF(AA63="","",IF(AA63=TRUE,1,0)) | AD63: =IF(AB63="","",IF(AB63=TRUE,1,0))
A64: 27. Parents are regularly informed of learner progress | AA64: FALSE | AB64: FALSE | AC64: =IF(AA64="","",IF(AA64=TRUE,1,0)) -> 0 | AD64: =IF(AB64="","",IF(AB64=TRUE,1,0)) -> 0 | AE64: =SUM(AC64:AD64) -> 0 | AF64: =IF(AE64=1,AC64,0) -> 0 | AG64: =IF(AE64=1,AD64,0) -> 0
A65: 28. Parent conferences for at-risk learners are conducted | AA65: FALSE | AB65: FALSE | AC65: =IF(AA65="","",IF(AA65=TRUE,1,0)) -> 0 | AD65: =IF(AB65="","",IF(AB65=TRUE,1,0)) -> 0 | AE65: =SUM(AC65:AD65) -> 0 | AF65: =IF(AE65=1,AC65,0) -> 0 | AG65: =IF(AE65=1,AD65,0) -> 0
A66: 29. Home visitation is implemented for frequent absentees | AA66: FALSE | AB66: FALSE | AC66: =IF(AA66="","",IF(AA66=TRUE,1,0)) -> 0 | AD66: =IF(AB66="","",IF(AB66=TRUE,1,0)) -> 0 | AE66: =SUM(AC66:AD66) -> 0 | AF66: =IF(AE66=1,AC66,0) -> 0 | AG66: =IF(AE66=1,AD66,0) -> 0
A67: 30. School coordinates with barangay/community stakeholders | AA67: FALSE | AB67: FALSE | AC67: =IF(AA67="","",IF(AA67=TRUE,1,0)) -> 0 | AD67: =IF(AB67="","",IF(AB67=TRUE,1,0)) -> 0 | AE67: =SUM(AC67:AD67) -> 0 | AF67: =IF(AE67=1,AC67,0) -> 0 | AG67: =IF(AE67=1,AD67,0) -> 0
A68: 31. LAC sessions discuss learner cases and interventions | AA68: FALSE | AB68: FALSE | AC68: =IF(AA68="","",IF(AA68=TRUE,1,0)) -> 0 | AD68: =IF(AB68="","",IF(AB68=TRUE,1,0)) -> 0 | AE68: =SUM(AC68:AD68) -> 0 | AF68: =IF(AE68=1,AC68,0) -> 0 | AG68: =IF(AE68=1,AD68,0) -> 0
A69: 32. Best practices are documented and shared | AA69: FALSE | AB69: FALSE | AC69: =IF(AA69="","",IF(AA69=TRUE,1,0)) -> 0 | AD69: =IF(AB69="","",IF(AB69=TRUE,1,0)) -> 0 | AE69: =SUM(AC69:AD69) -> 0 | AF69: =IF(AE69=1,AC69,0) -> 0 | AG69: =IF(AE69=1,AD69,0) -> 0
AA70: FALSE | AB70: FALSE | AC70: =IF(AA70="","",IF(AA70=TRUE,1,0)) -> 0 | AD70: =IF(AB70="","",IF(AB70=TRUE,1,0)) -> 0 | AE70: =SUM(AC70:AD70) -> 0 | AF70: =IF(AE70=1,AC70,0) -> 0 | AG70: =IF(AE70=1,AD70,0) -> 0
AA71: FALSE | AB71: FALSE | AC71: =IF(AA71="","",IF(AA71=TRUE,1,0)) -> 0 | AD71: =IF(AB71="","",IF(AB71=TRUE,1,0)) -> 0 | AE71: =SUM(AC71:AD71) -> 0 | AF71: =IF(AE71=1,AC71,0) -> 0 | AG71: =IF(AE71=1,AD71,0) -> 0
AA72: FALSE | AB72: FALSE | AC72: =IF(AA72="","",IF(AA72=TRUE,1,0)) -> 0 | AD72: =IF(AB72="","",IF(AB72=TRUE,1,0)) -> 0 | AE72: =SUM(AC72:AD72) -> 0 | AF72: =IF(AE72=1,AC72,0) -> 0 | AG72: =IF(AE72=1,AD72,0) -> 0
AA73: FALSE | AB73: FALSE | AC73: =IF(AA73="","",IF(AA73=TRUE,1,0)) -> 0 | AD73: =IF(AB73="","",IF(AB73=TRUE,1,0)) -> 0 | AE73: =SUM(AC73:AD73) -> 0 | AF73: =IF(AE73=1,AC73,0) -> 0 | AG73: =IF(AE73=1,AD73,0) -> 0
A74: SUMMARY OF FINDINGS | B74: =AF74 -> 0 | C74: =AG74 -> 0 | AC74: =IF(AA74="","",IF(AA74=TRUE,1,0)) | AD74: =IF(AB74="","",IF(AB74=TRUE,1,0)) | AF74: =SUM(AF64:AF73) -> 0 | AG74: =SUM(AG64:AG73) -> 0
A75: Strengths:
AF76: =SUM(AF26,AF38,AF50,AF62,AF74) -> 0 | AG76: =SUM(AG26,AG38,AG50,AG62,AG74) -> 0
A77: Areas for Improvement:
A79: Agreed Next Action (Next Quarter):
A82: Prepared by: | B82: Noted by:
A84: NANCY C. LUCENAS | D84: RUFINO T. TUDLASAN PhD
A85: School Head | D85: Education Program Supervisor
D88: MARY JEAN B. CODINERA DevEdD
D89: PSDS, WEST 1 Secondary

Sheet BAKILID ES
A5: Republic of the Philippines
A6: Department of Education
A8: SCHOOLS DIVISION OF MANDAUE CITY
A10: LEARNER DEVELOPMENT AND PROTECTION MONITORING CHECKLIST
A11: School:
A12: Quarter: | B12: TERM 2
A13: Monitored by: | B13: MARY JEAN B. CODIÑERA
A14: A. IDENTIFY (Early Identification of At-Risk Learners)
A15: Indicator | B15: Yes | C15: No | D15: Remarks/Evidence
A16: 1. Attendance (SF2), academic (SF5), and behavior data are regularly reviewed | AA16: FALSE | AB16: FALSE | AC16: =IF(AA16="","",IF(AA16=TRUE,1,0)) -> 0 | AD16: =IF(AB16="","",IF(AB16=TRUE,1,0)) -> 0 | AE16: =SUM(AC16:AD16) -> 0 | AF16: =IF(AE16=1,AC16,0) -> 0 | AG16: =IF(AE16=1,AD16,0) -> 0
A17: 2. Teachers maintain classroom learner tracking sheets | AA17: FALSE | AB17: FALSE | AC17: =IF(AA17="","",IF(AA17=TRUE,1,0)) -> 0 | AD17: =IF(AB17="","",IF(AB17=TRUE,1,0)) -> 0 | AE17: =SUM(AC17:AD17) -> 0 | AF17: =IF(AE17=1,AC17,0) -> 0 | AG17: =IF(AE17=1,AD17,0) -> 0
A18: 3. School has a master list of at-risk learners | AA18: FALSE | AB18: FALSE | AC18: =IF(AA18="","",IF(AA18=TRUE,1,0)) -> 0 | AD18: =IF(AB18="","",IF(AB18=TRUE,1,0)) -> 0 | AE18: =SUM(AC18:AD18) -> 0 | AF18: =IF(AE18=1,AC18,0) -> 0 | AG18: =IF(AE18=1,AD18,0) -> 0
A19: 4. At-risk learners are profiled (academic, behavioral, socio-economic factors) | AA19: FALSE | AB19: FALSE | AC19: =IF(AA19="","",IF(AA19=TRUE,1,0)) -> 0 | AD19: =IF(AB19="","",IF(AB19=TRUE,1,0)) -> 0 | AE19: =SUM(AC19:AD19) -> 0 | AF19: =IF(AE19=1,AC19,0) -> 0 | AG19: =IF(AE19=1,AD19,0) -> 0
A20: 5. Root cause analysis is conducted for identified learners | AA20: FALSE | AB20: FALSE | AC20: =IF(AA20="","",IF(AA20=TRUE,1,0)) -> 0 | AD20: =IF(AB20="","",IF(AB20=TRUE,1,0)) -> 0 | AE20: =SUM(AC20:AD20) -> 0 | AF20: =IF(AE20=1,AC20,0) -> 0 | AG20: =IF(AE20=1,AD20,0) -> 0
A21: 6. School Learner Tracking Team (SLTT) is organized and functional | AA21: FALSE | AB21: FALSE | AC21: =IF(AA21="","",IF(AA21=TRUE,1,0)) -> 0 | AD21: =IF(AB21="","",IF(AB21=TRUE,1,0)) -> 0 | AE21: =SUM(AC21:AD21) -> 0 | AF21: =IF(AE21=1,AC21,0) -> 0 | AG21: =IF(AE21=1,AD21,0) -> 0
AA22: FALSE | AB22: FALSE | AC22: =IF(AA22="","",IF(AA22=TRUE,1,0)) -> 0 | AD22: =IF(AB22="","",IF(AB22=TRUE,1,0)) -> 0 | AE22: =SUM(AC22:AD22) -> 0 | AF22: =IF(AE22=1,AC22,0) -> 0 | AG22: =IF(AE22=1,AD22,0) -> 0
AA23: FALSE | AB23: FALSE | AC23: =IF(AA23="","",IF(AA23=TRUE,1,0)) -> 0 | AD23: =IF(AB23="","",IF(AB23=TRUE,1,0)) -> 0 | AE23: =SUM(AC23:AD23) -> 0 | AF23: =IF(AE23=1,AC23,0) -> 0 | AG23: =IF(AE23=1,AD23,0) -> 0
AA24: FALSE | AB24: FALSE | AC24: =IF(AA24="","",IF(AA24=TRUE,1,0)) -> 0 | AD24: =IF(AB24="","",IF(AB24=TRUE,1,0)) -> 0 | AE24: =SUM(AC24:AD24) -> 0 | AF24: =IF(AE24=1,AC24,0) -> 0 | AG24: =IF(AE24=1,AD24,0) -> 0
AA25: FALSE | AB25: FALSE | AC25: =IF(AA25="","",IF(AA25=TRUE,1,0)) -> 0 | AD25: =IF(AB25="","",IF(AB25=TRUE,1,0)) -> 0 | AE25: =SUM(AC25:AD25) -> 0 | AF25: =IF(AE25=1,AC25,0) -> 0 | AG25: =IF(AE25=1,AD25,0) -> 0
A26: B. SUPPORT (Targeted Interventions & Differentiated Instruction) | B26: =AF26 -> 0 | C26: =AG26 -> 0 | AC26: =IF(AA26="","",IF(AA26=TRUE,1,0)) | AD26: =IF(AB26="","",IF(AB26=TRUE,1,0)) | AF26: =SUM(AF16:AF25) -> 0 | AG26: =SUM(AG16:AG25) -> 0
A27: Indicator | B27: Yes | C27: No | D27: Remarks/Evidence | AC27: =IF(AA27="","",IF(AA27=TRUE,1,0)) | AD27: =IF(AB27="","",IF(AB27=TRUE,1,0))
A28: 7. Targeted remediation programs are implemented (not general review) | AA28: FALSE | AB28: FALSE | AC28: =IF(AA28="","",IF(AA28=TRUE,1,0)) -> 0 | AD28: =IF(AB28="","",IF(AB28=TRUE,1,0)) -> 0 | AE28: =SUM(AC28:AD28) -> 0 | AF28: =IF(AE28=1,AC28,0) -> 0 | AG28: =IF(AE28=1,AD28,0) -> 0
A29: 8. Learners are grouped based on specific learning gaps | AA29: FALSE | AB29: FALSE | AC29: =IF(AA29="","",IF(AA29=TRUE,1,0)) -> 0 | AD29: =IF(AB29="","",IF(AB29=TRUE,1,0)) -> 0 | AE29: =SUM(AC29:AD29) -> 0 | AF29: =IF(AE29=1,AC29,0) -> 0 | AG29: =IF(AE29=1,AD29,0) -> 0
A30: 9. Differentiated instruction strategies are evident in teaching | AA30: FALSE | AB30: FALSE | AC30: =IF(AA30="","",IF(AA30=TRUE,1,0)) -> 0 | AD30: =IF(AB30="","",IF(AB30=TRUE,1,0)) -> 0 | AE30: =SUM(AC30:AD30) -> 0 | AF30: =IF(AE30=1,AC30,0) -> 0 | AG30: =IF(AE30=1,AD30,0) -> 0
A31: 10. Peer tutoring or learning buddy system is implemented | AA31: FALSE | AB31: FALSE | AC31: =IF(AA31="","",IF(AA31=TRUE,1,0)) -> 0 | AD31: =IF(AB31="","",IF(AB31=TRUE,1,0)) -> 0 | AE31: =SUM(AC31:AD31) -> 0 | AF31: =IF(AE31=1,AC31,0) -> 0 | AG31: =IF(AE31=1,AD31,0) -> 0
A32: 11. Counseling or psychosocial support is provided when needed | AA32: FALSE | AB32: FALSE | AC32: =IF(AA32="","",IF(AA32=TRUE,1,0)) -> 0 | AD32: =IF(AB32="","",IF(AB32=TRUE,1,0)) -> 0 | AE32: =SUM(AC32:AD32) -> 0 | AF32: =IF(AE32=1,AC32,0) -> 0 | AG32: =IF(AE32=1,AD32,0) -> 0
A33: 12. Intervention plans are documented per learner/group | AA33: FALSE | AB33: FALSE | AC33: =IF(AA33="","",IF(AA33=TRUE,1,0)) -> 0 | AD33: =IF(AB33="","",IF(AB33=TRUE,1,0)) -> 0 | AE33: =SUM(AC33:AD33) -> 0 | AF33: =IF(AE33=1,AC33,0) -> 0 | AG33: =IF(AE33=1,AD33,0) -> 0
A34: 13. Appropriate and contextualized learning materials are used | AA34: FALSE | AB34: FALSE | AC34: =IF(AA34="","",IF(AA34=TRUE,1,0)) -> 0 | AD34: =IF(AB34="","",IF(AB34=TRUE,1,0)) -> 0 | AE34: =SUM(AC34:AD34) -> 0 | AF34: =IF(AE34=1,AC34,0) -> 0 | AG34: =IF(AE34=1,AD34,0) -> 0
AA35: FALSE | AB35: FALSE | AC35: =IF(AA35="","",IF(AA35=TRUE,1,0)) -> 0 | AD35: =IF(AB35="","",IF(AB35=TRUE,1,0)) -> 0 | AE35: =SUM(AC35:AD35) -> 0 | AF35: =IF(AE35=1,AC35,0) -> 0 | AG35: =IF(AE35=1,AD35,0) -> 0
AA36: FALSE | AB36: FALSE | AC36: =IF(AA36="","",IF(AA36=TRUE,1,0)) -> 0 | AD36: =IF(AB36="","",IF(AB36=TRUE,1,0)) -> 0 | AE36: =SUM(AC36:AD36) -> 0 | AF36: =IF(AE36=1,AC36,0) -> 0 | AG36: =IF(AE36=1,AD36,0) -> 0
AA37: FALSE | AB37: FALSE | AC37: =IF(AA37="","",IF(AA37=TRUE,1,0)) -> 0 | AD37: =IF(AB37="","",IF(AB37=TRUE,1,0)) -> 0 | AE37: =SUM(AC37:AD37) -> 0 | AF37: =IF(AE37=1,AC37,0) -> 0 | AG37: =IF(AE37=1,AD37,0) -> 0
A38: C. ENGAGE (Safe, Inclusive, and Supportive Environment) | B38: =AF38 -> 0 | C38: =AG38 -> 0 | AC38: =IF(AA38="","",IF(AA38=TRUE,1,0)) | AD38: =IF(AB38="","",IF(AB38=TRUE,1,0)) | AF38: =SUM(AF28:AF37) -> 0 | AG38: =SUM(AG28:AG37) -> 0
A39: Indicator | B39: Yes | C39: No | D39: Remarks/Evidence | AC39: =IF(AA39="","",IF(AA39=TRUE,1,0)) | AD39: =IF(AB39="","",IF(AB39=TRUE,1,0))
A40: 14. SEL (Social-Emotional Learning) is integrated in daily lessons | AA40: FALSE | AB40: FALSE | AC40: =IF(AA40="","",IF(AA40=TRUE,1,0)) -> 0 | AD40: =IF(AB40="","",IF(AB40=TRUE,1,0)) -> 0 | AE40: =SUM(AC40:AD40) -> 0 | AF40: =IF(AE40=1,AC40,0) -> 0 | AG40: =IF(AE40=1,AD40,0) -> 0
A41: 15. Teachers use strategies that develop self- awareness and relationships | AA41: FALSE | AB41: FALSE | AC41: =IF(AA41="","",IF(AA41=TRUE,1,0)) -> 0 | AD41: =IF(AB41="","",IF(AB41=TRUE,1,0)) -> 0 | AE41: =SUM(AC41:AD41) -> 0 | AF41: =IF(AE41=1,AC41,0) -> 0 | AG41: =IF(AE41=1,AD41,0) -> 0
A42: 16. Classroom environment promotes respect and inclusivity | AA42: FALSE | AB42: FALSE | AC42: =IF(AA42="","",IF(AA42=TRUE,1,0)) -> 0 | AD42: =IF(AB42="","",IF(AB42=TRUE,1,0)) -> 0 | AE42: =SUM(AC42:AD42) -> 0 | AF42: =IF(AE42=1,AC42,0) -> 0 | AG42: =IF(AE42=1,AD42,0) -> 0
A43: 17. Positive discipline practices are observed (no punitive approach) | AA43: FALSE | AB43: FALSE | AC43: =IF(AA43="","",IF(AA43=TRUE,1,0)) -> 0 | AD43: =IF(AB43="","",IF(AB43=TRUE,1,0)) -> 0 | AE43: =SUM(AC43:AD43) -> 0 | AF43: =IF(AE43=1,AC43,0) -> 0 | AG43: =IF(AE43=1,AD43,0) -> 0
A44: 18. Child Protection Committee (CPC) is active and functional | D44: Need to be updated | AA44: FALSE | AB44: FALSE | AC44: =IF(AA44="","",IF(AA44=TRUE,1,0)) -> 0 | AD44: =IF(AB44="","",IF(AB44=TRUE,1,0)) -> 0 | AE44: =SUM(AC44:AD44) -> 0 | AF44: =IF(AE44=1,AC44,0) -> 0 | AG44: =IF(AE44=1,AD44,0) -> 0
A45: 19. Anti-bullying and child protection programs are implemented | AA45: FALSE | AB45: FALSE | AC45: =IF(AA45="","",IF(AA45=TRUE,1,0)) -> 0 | AD45: =IF(AB45="","",IF(AB45=TRUE,1,0)) -> 0 | AE45: =SUM(AC45:AD45) -> 0 | AF45: =IF(AE45=1,AC45,0) -> 0 | AG45: =IF(AE45=1,AD45,0) -> 0
A46: 20. Learners are given opportunities to express ideas and feelings | AA46: FALSE | AB46: FALSE | AC46: =IF(AA46="","",IF(AA46=TRUE,1,0)) -> 0 | AD46: =IF(AB46="","",IF(AB46=TRUE,1,0)) -> 0 | AE46: =SUM(AC46:AD46) -> 0 | AF46: =IF(AE46=1,AC46,0) -> 0 | AG46: =IF(AE46=1,AD46,0) -> 0
AA47: FALSE | AB47: FALSE | AC47: =IF(AA47="","",IF(AA47=TRUE,1,0)) -> 0 | AD47: =IF(AB47="","",IF(AB47=TRUE,1,0)) -> 0 | AE47: =SUM(AC47:AD47) -> 0 | AF47: =IF(AE47=1,AC47,0) -> 0 | AG47: =IF(AE47=1,AD47,0) -> 0
AA48: FALSE | AB48: FALSE | AC48: =IF(AA48="","",IF(AA48=TRUE,1,0)) -> 0 | AD48: =IF(AB48="","",IF(AB48=TRUE,1,0)) -> 0 | AE48: =SUM(AC48:AD48) -> 0 | AF48: =IF(AE48=1,AC48,0) -> 0 | AG48: =IF(AE48=1,AD48,0) -> 0
AA49: FALSE | AB49: FALSE | AC49: =IF(AA49="","",IF(AA49=TRUE,1,0)) -> 0 | AD49: =IF(AB49="","",IF(AB49=TRUE,1,0)) -> 0 | AE49: =SUM(AC49:AD49) -> 0 | AF49: =IF(AE49=1,AC49,0) -> 0 | AG49: =IF(AE49=1,AD49,0) -> 0
A50: D. MONITOR (Tracking Progress & Adjusting Interventions) | B50: =AF50 -> 0 | C50: =AG50 -> 0 | AC50: =IF(AA50="","",IF(AA50=TRUE,1,0)) | AD50: =IF(AB50="","",IF(AB50=TRUE,1,0)) | AF50: =SUM(AF40:AF49) -> 0 | AG50: =SUM(AG40:AG49) -> 0
A51: Indicator | B51: Yes | C51: No | D51: Remarks/Evidence | AC51: =IF(AA51="","",IF(AA51=TRUE,1,0)) | AD51: =IF(AB51="","",IF(AB51=TRUE,1,0))
A52: 21. Monthly monitoring of learner attendance and performance is conducted | AA52: FALSE | AB52: FALSE | AC52: =IF(AA52="","",IF(AA52=TRUE,1,0)) -> 0 | AD52: =IF(AB52="","",IF(AB52=TRUE,1,0)) -> 0 | AE52: =SUM(AC52:AD52) -> 0 | AF52: =IF(AE52=1,AC52,0) -> 0 | AG52: =IF(AE52=1,AD52,0) -> 0
A53: 22. Learner tracking records are regularly updated | AA53: FALSE | AB53: FALSE | AC53: =IF(AA53="","",IF(AA53=TRUE,1,0)) -> 0 | AD53: =IF(AB53="","",IF(AB53=TRUE,1,0)) -> 0 | AE53: =SUM(AC53:AD53) -> 0 | AF53: =IF(AE53=1,AC53,0) -> 0 | AG53: =IF(AE53=1,AD53,0) -> 0
A54: 23. SLTT conducts quarterly review meetings | AA54: FALSE | AB54: FALSE | AC54: =IF(AA54="","",IF(AA54=TRUE,1,0)) -> 0 | AD54: =IF(AB54="","",IF(AB54=TRUE,1,0)) -> 0 | AE54: =SUM(AC54:AD54) -> 0 | AF54: =IF(AE54=1,AC54,0) -> 0 | AG54: =IF(AE54=1,AD54,0) -> 0
A55: 24. Interventions are adjusted based on learner progress | AA55: FALSE | AB55: FALSE | AC55: =IF(AA55="","",IF(AA55=TRUE,1,0)) -> 0 | AD55: =IF(AB55="","",IF(AB55=TRUE,1,0)) -> 0 | AE55: =SUM(AC55:AD55) -> 0 | AF55: =IF(AE55=1,AC55,0) -> 0 | AG55: =IF(AE55=1,AD55,0) -> 0
A56: 25. Formative assessments are used to track improvement | AA56: FALSE | AB56: FALSE | AC56: =IF(AA56="","",IF(AA56=TRUE,1,0)) -> 0 | AD56: =IF(AB56="","",IF(AB56=TRUE,1,0)) -> 0 | AE56: =SUM(AC56:AD56) -> 0 | AF56: =IF(AE56=1,AC56,0) -> 0 | AG56: =IF(AE56=1,AD56,0) -> 0
A57: 26. Reduction in number of at-risk learners is monitored | AA57: FALSE | AB57: FALSE | AC57: =IF(AA57="","",IF(AA57=TRUE,1,0)) -> 0 | AD57: =IF(AB57="","",IF(AB57=TRUE,1,0)) -> 0 | AE57: =SUM(AC57:AD57) -> 0 | AF57: =IF(AE57=1,AC57,0) -> 0 | AG57: =IF(AE57=1,AD57,0) -> 0
AA58: FALSE | AB58: FALSE | AC58: =IF(AA58="","",IF(AA58=TRUE,1,0)) -> 0 | AD58: =IF(AB58="","",IF(AB58=TRUE,1,0)) -> 0 | AE58: =SUM(AC58:AD58) -> 0 | AF58: =IF(AE58=1,AC58,0) -> 0 | AG58: =IF(AE58=1,AD58,0) -> 0
AA59: FALSE | AB59: FALSE | AC59: =IF(AA59="","",IF(AA59=TRUE,1,0)) -> 0 | AD59: =IF(AB59="","",IF(AB59=TRUE,1,0)) -> 0 | AE59: =SUM(AC59:AD59) -> 0 | AF59: =IF(AE59=1,AC59,0) -> 0 | AG59: =IF(AE59=1,AD59,0) -> 0
AA60: FALSE | AB60: FALSE | AC60: =IF(AA60="","",IF(AA60=TRUE,1,0)) -> 0 | AD60: =IF(AB60="","",IF(AB60=TRUE,1,0)) -> 0 | AE60: =SUM(AC60:AD60) -> 0 | AF60: =IF(AE60=1,AC60,0) -> 0 | AG60: =IF(AE60=1,AD60,0) -> 0
AA61: FALSE | AB61: FALSE | AC61: =IF(AA61="","",IF(AA61=TRUE,1,0)) -> 0 | AD61: =IF(AB61="","",IF(AB61=TRUE,1,0)) -> 0 | AE61: =SUM(AC61:AD61) -> 0 | AF61: =IF(AE61=1,AC61,0) -> 0 | AG61: =IF(AE61=1,AD61,0) -> 0
A62: E. COLLABORATE (Home–School–Community Partnership) | B62: =AF62 -> 0 | C62: =AG62 -> 0 | AC62: =IF(AA62="","",IF(AA62=TRUE,1,0)) | AD62: =IF(AB62="","",IF(AB62=TRUE,1,0)) | AF62: =SUM(AF52:AF61) -> 0 | AG62: =SUM(AG52:AG61) -> 0
A63: Indicator | B63: Yes | C63: No | D63: Remarks/Evidence | AC63: =IF(AA63="","",IF(AA63=TRUE,1,0)) | AD63: =IF(AB63="","",IF(AB63=TRUE,1,0))
A64: 27. Parents are regularly informed of learner progress | AA64: FALSE | AB64: FALSE | AC64: =IF(AA64="","",IF(AA64=TRUE,1,0)) -> 0 | AD64: =IF(AB64="","",IF(AB64=TRUE,1,0)) -> 0 | AE64: =SUM(AC64:AD64) -> 0 | AF64: =IF(AE64=1,AC64,0) -> 0 | AG64: =IF(AE64=1,AD64,0) -> 0
A65: 28. Parent conferences for at-risk learners are conducted | AA65: FALSE | AB65: FALSE | AC65: =IF(AA65="","",IF(AA65=TRUE,1,0)) -> 0 | AD65: =IF(AB65="","",IF(AB65=TRUE,1,0)) -> 0 | AE65: =SUM(AC65:AD65) -> 0 | AF65: =IF(AE65=1,AC65,0) -> 0 | AG65: =IF(AE65=1,AD65,0) -> 0
A66: 29. Home visitation is implemented for frequent absentees | AA66: FALSE | AB66: FALSE | AC66: =IF(AA66="","",IF(AA66=TRUE,1,0)) -> 0 | AD66: =IF(AB66="","",IF(AB66=TRUE,1,0)) -> 0 | AE66: =SUM(AC66:AD66) -> 0 | AF66: =IF(AE66=1,AC66,0) -> 0 | AG66: =IF(AE66=1,AD66,0) -> 0
A67: 30. School coordinates with barangay/community stakeholders | AA67: FALSE | AB67: FALSE | AC67: =IF(AA67="","",IF(AA67=TRUE,1,0)) -> 0 | AD67: =IF(AB67="","",IF(AB67=TRUE,1,0)) -> 0 | AE67: =SUM(AC67:AD67) -> 0 | AF67: =IF(AE67=1,AC67,0) -> 0 | AG67: =IF(AE67=1,AD67,0) -> 0
A68: 31. LAC sessions discuss learner cases and interventions | AA68: FALSE | AB68: FALSE | AC68: =IF(AA68="","",IF(AA68=TRUE,1,0)) -> 0 | AD68: =IF(AB68="","",IF(AB68=TRUE,1,0)) -> 0 | AE68: =SUM(AC68:AD68) -> 0 | AF68: =IF(AE68=1,AC68,0) -> 0 | AG68: =IF(AE68=1,AD68,0) -> 0
A69: 32. Best practices are documented and shared | AA69: FALSE | AB69: FALSE | AC69: =IF(AA69="","",IF(AA69=TRUE,1,0)) -> 0 | AD69: =IF(AB69="","",IF(AB69=TRUE,1,0)) -> 0 | AE69: =SUM(AC69:AD69) -> 0 | AF69: =IF(AE69=1,AC69,0) -> 0 | AG69: =IF(AE69=1,AD69,0) -> 0
AA70: FALSE | AB70: FALSE | AC70: =IF(AA70="","",IF(AA70=TRUE,1,0)) -> 0 | AD70: =IF(AB70="","",IF(AB70=TRUE,1,0)) -> 0 | AE70: =SUM(AC70:AD70) -> 0 | AF70: =IF(AE70=1,AC70,0) -> 0 | AG70: =IF(AE70=1,AD70,0) -> 0
AA71: FALSE | AB71: FALSE | AC71: =IF(AA71="","",IF(AA71=TRUE,1,0)) -> 0 | AD71: =IF(AB71="","",IF(AB71=TRUE,1,0)) -> 0 | AE71: =SUM(AC71:AD71) -> 0 | AF71: =IF(AE71=1,AC71,0) -> 0 | AG71: =IF(AE71=1,AD71,0) -> 0
AA72: FALSE | AB72: FALSE | AC72: =IF(AA72="","",IF(AA72=TRUE,1,0)) -> 0 | AD72: =IF(AB72="","",IF(AB72=TRUE,1,0)) -> 0 | AE72: =SUM(AC72:AD72) -> 0 | AF72: =IF(AE72=1,AC72,0) -> 0 | AG72: =IF(AE72=1,AD72,0) -> 0
AA73: FALSE | AB73: FALSE | AC73: =IF(AA73="","",IF(AA73=TRUE,1,0)) -> 0 | AD73: =IF(AB73="","",IF(AB73=TRUE,1,0)) -> 0 | AE73: =SUM(AC73:AD73) -> 0 | AF73: =IF(AE73=1,AC73,0) -> 0 | AG73: =IF(AE73=1,AD73,0) -> 0
A74: SUMMARY OF FINDINGS | B74: =AF74 -> 0 | C74: =AG74 -> 0 | AC74: =IF(AA74="","",IF(AA74=TRUE,1,0)) | AD74: =IF(AB74="","",IF(AB74=TRUE,1,0)) | AF74: =SUM(AF64:AF73) -> 0 | AG74: =SUM(AG64:AG73) -> 0
A75: Strengths:
AF76: =SUM(AF26,AF38,AF50,AF62,AF74) -> 0 | AG76: =SUM(AG26,AG38,AG50,AG62,AG74) -> 0
A77: Areas for Improvement:
A79: Agreed Next Action (Next Quarter):
A82: Prepared by: | B82: Noted by:
A84: NANCY C. LUCENAS | D84: RUFINO T. TUDLASAN PhD
A85: School Head | D85: Education Program Supervisor
D88: MARY JEAN B. CODINERA DevEdD
D89: PSDS, WEST 1 Secondary

Sheet TINGUB ES
A5: Republic of the Philippines
A6: Department of Education
A8: SCHOOLS DIVISION OF MANDAUE CITY
A10: LEARNER DEVELOPMENT AND PROTECTION MONITORING CHECKLIST
A11: School:
A12: Quarter: | B12: TERM 2
A13: Monitored by: | B13: MARY JEAN B. CODIÑERA
A14: A. IDENTIFY (Early Identification of At-Risk Learners)
A15: Indicator | B15: Yes | C15: No | D15: Remarks/Evidence
A16: 1. Attendance (SF2), academic (SF5), and behavior data are regularly reviewed | AA16: FALSE | AB16: FALSE | AC16: =IF(AA16="","",IF(AA16=TRUE,1,0)) -> 0 | AD16: =IF(AB16="","",IF(AB16=TRUE,1,0)) -> 0 | AE16: =SUM(AC16:AD16) -> 0 | AF16: =IF(AE16=1,AC16,0) -> 0 | AG16: =IF(AE16=1,AD16,0) -> 0
A17: 2. Teachers maintain classroom learner tracking sheets | AA17: FALSE | AB17: FALSE | AC17: =IF(AA17="","",IF(AA17=TRUE,1,0)) -> 0 | AD17: =IF(AB17="","",IF(AB17=TRUE,1,0)) -> 0 | AE17: =SUM(AC17:AD17) -> 0 | AF17: =IF(AE17=1,AC17,0) -> 0 | AG17: =IF(AE17=1,AD17,0) -> 0
A18: 3. School has a master list of at-risk learners | AA18: FALSE | AB18: FALSE | AC18: =IF(AA18="","",IF(AA18=TRUE,1,0)) -> 0 | AD18: =IF(AB18="","",IF(AB18=TRUE,1,0)) -> 0 | AE18: =SUM(AC18:AD18) -> 0 | AF18: =IF(AE18=1,AC18,0) -> 0 | AG18: =IF(AE18=1,AD18,0) -> 0
A19: 4. At-risk learners are profiled (academic, behavioral, socio-economic factors) | AA19: FALSE | AB19: FALSE | AC19: =IF(AA19="","",IF(AA19=TRUE,1,0)) -> 0 | AD19: =IF(AB19="","",IF(AB19=TRUE,1,0)) -> 0 | AE19: =SUM(AC19:AD19) -> 0 | AF19: =IF(AE19=1,AC19,0) -> 0 | AG19: =IF(AE19=1,AD19,0) -> 0
A20: 5. Root cause analysis is conducted for identified learners | AA20: FALSE | AB20: FALSE | AC20: =IF(AA20="","",IF(AA20=TRUE,1,0)) -> 0 | AD20: =IF(AB20="","",IF(AB20=TRUE,1,0)) -> 0 | AE20: =SUM(AC20:AD20) -> 0 | AF20: =IF(AE20=1,AC20,0) -> 0 | AG20: =IF(AE20=1,AD20,0) -> 0
A21: 6. School Learner Tracking Team (SLTT) is organized and functional | AA21: FALSE | AB21: FALSE | AC21: =IF(AA21="","",IF(AA21=TRUE,1,0)) -> 0 | AD21: =IF(AB21="","",IF(AB21=TRUE,1,0)) -> 0 | AE21: =SUM(AC21:AD21) -> 0 | AF21: =IF(AE21=1,AC21,0) -> 0 | AG21: =IF(AE21=1,AD21,0) -> 0
AA22: FALSE | AB22: FALSE | AC22: =IF(AA22="","",IF(AA22=TRUE,1,0)) -> 0 | AD22: =IF(AB22="","",IF(AB22=TRUE,1,0)) -> 0 | AE22: =SUM(AC22:AD22) -> 0 | AF22: =IF(AE22=1,AC22,0) -> 0 | AG22: =IF(AE22=1,AD22,0) -> 0
AA23: FALSE | AB23: FALSE | AC23: =IF(AA23="","",IF(AA23=TRUE,1,0)) -> 0 | AD23: =IF(AB23="","",IF(AB23=TRUE,1,0)) -> 0 | AE23: =SUM(AC23:AD23) -> 0 | AF23: =IF(AE23=1,AC23,0) -> 0 | AG23: =IF(AE23=1,AD23,0) -> 0
AA24: FALSE | AB24: FALSE | AC24: =IF(AA24="","",IF(AA24=TRUE,1,0)) -> 0 | AD24: =IF(AB24="","",IF(AB24=TRUE,1,0)) -> 0 | AE24: =SUM(AC24:AD24) -> 0 | AF24: =IF(AE24=1,AC24,0) -> 0 | AG24: =IF(AE24=1,AD24,0) -> 0
AA25: FALSE | AB25: FALSE | AC25: =IF(AA25="","",IF(AA25=TRUE,1,0)) -> 0 | AD25: =IF(AB25="","",IF(AB25=TRUE,1,0)) -> 0 | AE25: =SUM(AC25:AD25) -> 0 | AF25: =IF(AE25=1,AC25,0) -> 0 | AG25: =IF(AE25=1,AD25,0) -> 0
A26: B. SUPPORT (Targeted Interventions & Differentiated Instruction) | B26: =AF26 -> 0 | C26: =AG26 -> 0 | AC26: =IF(AA26="","",IF(AA26=TRUE,1,0)) | AD26: =IF(AB26="","",IF(AB26=TRUE,1,0)) | AF26: =SUM(AF16:AF25) -> 0 | AG26: =SUM(AG16:AG25) -> 0
A27: Indicator | B27: Yes | C27: No | D27: Remarks/Evidence | AC27: =IF(AA27="","",IF(AA27=TRUE,1,0)) | AD27: =IF(AB27="","",IF(AB27=TRUE,1,0))
A28: 7. Targeted remediation programs are implemented (not general review) | AA28: FALSE | AB28: FALSE | AC28: =IF(AA28="","",IF(AA28=TRUE,1,0)) -> 0 | AD28: =IF(AB28="","",IF(AB28=TRUE,1,0)) -> 0 | AE28: =SUM(AC28:AD28) -> 0 | AF28: =IF(AE28=1,AC28,0) -> 0 | AG28: =IF(AE28=1,AD28,0) -> 0
A29: 8. Learners are grouped based on specific learning gaps | AA29: FALSE | AB29: FALSE | AC29: =IF(AA29="","",IF(AA29=TRUE,1,0)) -> 0 | AD29: =IF(AB29="","",IF(AB29=TRUE,1,0)) -> 0 | AE29: =SUM(AC29:AD29) -> 0 | AF29: =IF(AE29=1,AC29,0) -> 0 | AG29: =IF(AE29=1,AD29,0) -> 0
A30: 9. Differentiated instruction strategies are evident in teaching | AA30: FALSE | AB30: FALSE | AC30: =IF(AA30="","",IF(AA30=TRUE,1,0)) -> 0 | AD30: =IF(AB30="","",IF(AB30=TRUE,1,0)) -> 0 | AE30: =SUM(AC30:AD30) -> 0 | AF30: =IF(AE30=1,AC30,0) -> 0 | AG30: =IF(AE30=1,AD30,0) -> 0
A31: 10. Peer tutoring or learning buddy system is implemented | AA31: FALSE | AB31: FALSE | AC31: =IF(AA31="","",IF(AA31=TRUE,1,0)) -> 0 | AD31: =IF(AB31="","",IF(AB31=TRUE,1,0)) -> 0 | AE31: =SUM(AC31:AD31) -> 0 | AF31: =IF(AE31=1,AC31,0) -> 0 | AG31: =IF(AE31=1,AD31,0) -> 0
A32: 11. Counseling or psychosocial support is provided when needed | AA32: FALSE | AB32: FALSE | AC32: =IF(AA32="","",IF(AA32=TRUE,1,0)) -> 0 | AD32: =IF(AB32="","",IF(AB32=TRUE,1,0)) -> 0 | AE32: =SUM(AC32:AD32) -> 0 | AF32: =IF(AE32=1,AC32,0) -> 0 | AG32: =IF(AE32=1,AD32,0) -> 0
A33: 12. Intervention plans are documented per learner/group | AA33: FALSE | AB33: FALSE | AC33: =IF(AA33="","",IF(AA33=TRUE,1,0)) -> 0 | AD33: =IF(AB33="","",IF(AB33=TRUE,1,0)) -> 0 | AE33: =SUM(AC33:AD33) -> 0 | AF33: =IF(AE33=1,AC33,0) -> 0 | AG33: =IF(AE33=1,AD33,0) -> 0
A34: 13. Appropriate and contextualized learning materials are used | AA34: FALSE | AB34: FALSE | AC34: =IF(AA34="","",IF(AA34=TRUE,1,0)) -> 0 | AD34: =IF(AB34="","",IF(AB34=TRUE,1,0)) -> 0 | AE34: =SUM(AC34:AD34) -> 0 | AF34: =IF(AE34=1,AC34,0) -> 0 | AG34: =IF(AE34=1,AD34,0) -> 0
AA35: FALSE | AB35: FALSE | AC35: =IF(AA35="","",IF(AA35=TRUE,1,0)) -> 0 | AD35: =IF(AB35="","",IF(AB35=TRUE,1,0)) -> 0 | AE35: =SUM(AC35:AD35) -> 0 | AF35: =IF(AE35=1,AC35,0) -> 0 | AG35: =IF(AE35=1,AD35,0) -> 0
AA36: FALSE | AB36: FALSE | AC36: =IF(AA36="","",IF(AA36=TRUE,1,0)) -> 0 | AD36: =IF(AB36="","",IF(AB36=TRUE,1,0)) -> 0 | AE36: =SUM(AC36:AD36) -> 0 | AF36: =IF(AE36=1,AC36,0) -> 0 | AG36: =IF(AE36=1,AD36,0) -> 0
AA37: FALSE | AB37: FALSE | AC37: =IF(AA37="","",IF(AA37=TRUE,1,0)) -> 0 | AD37: =IF(AB37="","",IF(AB37=TRUE,1,0)) -> 0 | AE37: =SUM(AC37:AD37) -> 0 | AF37: =IF(AE37=1,AC37,0) -> 0 | AG37: =IF(AE37=1,AD37,0) -> 0
A38: C. ENGAGE (Safe, Inclusive, and Supportive Environment) | B38: =AF38 -> 0 | C38: =AG38 -> 0 | AC38: =IF(AA38="","",IF(AA38=TRUE,1,0)) | AD38: =IF(AB38="","",IF(AB38=TRUE,1,0)) | AF38: =SUM(AF28:AF37) -> 0 | AG38: =SUM(AG28:AG37) -> 0
A39: Indicator | B39: Yes | C39: No | D39: Remarks/Evidence | AC39: =IF(AA39="","",IF(AA39=TRUE,1,0)) | AD39: =IF(AB39="","",IF(AB39=TRUE,1,0))
A40: 14. SEL (Social-Emotional Learning) is integrated in daily lessons | AA40: FALSE | AB40: FALSE | AC40: =IF(AA40="","",IF(AA40=TRUE,1,0)) -> 0 | AD40: =IF(AB40="","",IF(AB40=TRUE,1,0)) -> 0 | AE40: =SUM(AC40:AD40) -> 0 | AF40: =IF(AE40=1,AC40,0) -> 0 | AG40: =IF(AE40=1,AD40,0) -> 0
A41: 15. Teachers use strategies that develop self- awareness and relationships | AA41: FALSE | AB41: FALSE | AC41: =IF(AA41="","",IF(AA41=TRUE,1,0)) -> 0 | AD41: =IF(AB41="","",IF(AB41=TRUE,1,0)) -> 0 | AE41: =SUM(AC41:AD41) -> 0 | AF41: =IF(AE41=1,AC41,0) -> 0 | AG41: =IF(AE41=1,AD41,0) -> 0
A42: 16. Classroom environment promotes respect and inclusivity | AA42: FALSE | AB42: FALSE | AC42: =IF(AA42="","",IF(AA42=TRUE,1,0)) -> 0 | AD42: =IF(AB42="","",IF(AB42=TRUE,1,0)) -> 0 | AE42: =SUM(AC42:AD42) -> 0 | AF42: =IF(AE42=1,AC42,0) -> 0 | AG42: =IF(AE42=1,AD42,0) -> 0
A43: 17. Positive discipline practices are observed (no punitive approach) | AA43: FALSE | AB43: FALSE | AC43: =IF(AA43="","",IF(AA43=TRUE,1,0)) -> 0 | AD43: =IF(AB43="","",IF(AB43=TRUE,1,0)) -> 0 | AE43: =SUM(AC43:AD43) -> 0 | AF43: =IF(AE43=1,AC43,0) -> 0 | AG43: =IF(AE43=1,AD43,0) -> 0
A44: 18. Child Protection Committee (CPC) is active and functional | D44: Need to be updated | AA44: FALSE | AB44: FALSE | AC44: =IF(AA44="","",IF(AA44=TRUE,1,0)) -> 0 | AD44: =IF(AB44="","",IF(AB44=TRUE,1,0)) -> 0 | AE44: =SUM(AC44:AD44) -> 0 | AF44: =IF(AE44=1,AC44,0) -> 0 | AG44: =IF(AE44=1,AD44,0) -> 0
A45: 19. Anti-bullying and child protection programs are implemented | AA45: FALSE | AB45: FALSE | AC45: =IF(AA45="","",IF(AA45=TRUE,1,0)) -> 0 | AD45: =IF(AB45="","",IF(AB45=TRUE,1,0)) -> 0 | AE45: =SUM(AC45:AD45) -> 0 | AF45: =IF(AE45=1,AC45,0) -> 0 | AG45: =IF(AE45=1,AD45,0) -> 0
A46: 20. Learners are given opportunities to express ideas and feelings | AA46: FALSE | AB46: FALSE | AC46: =IF(AA46="","",IF(AA46=TRUE,1,0)) -> 0 | AD46: =IF(AB46="","",IF(AB46=TRUE,1,0)) -> 0 | AE46: =SUM(AC46:AD46) -> 0 | AF46: =IF(AE46=1,AC46,0) -> 0 | AG46: =IF(AE46=1,AD46,0) -> 0
AA47: FALSE | AB47: FALSE | AC47: =IF(AA47="","",IF(AA47=TRUE,1,0)) -> 0 | AD47: =IF(AB47="","",IF(AB47=TRUE,1,0)) -> 0 | AE47: =SUM(AC47:AD47) -> 0 | AF47: =IF(AE47=1,AC47,0) -> 0 | AG47: =IF(AE47=1,AD47,0) -> 0
AA48: FALSE | AB48: FALSE | AC48: =IF(AA48="","",IF(AA48=TRUE,1,0)) -> 0 | AD48: =IF(AB48="","",IF(AB48=TRUE,1,0)) -> 0 | AE48: =SUM(AC48:AD48) -> 0 | AF48: =IF(AE48=1,AC48,0) -> 0 | AG48: =IF(AE48=1,AD48,0) -> 0
AA49: FALSE | AB49: FALSE | AC49: =IF(AA49="","",IF(AA49=TRUE,1,0)) -> 0 | AD49: =IF(AB49="","",IF(AB49=TRUE,1,0)) -> 0 | AE49: =SUM(AC49:AD49) -> 0 | AF49: =IF(AE49=1,AC49,0) -> 0 | AG49: =IF(AE49=1,AD49,0) -> 0
A50: D. MONITOR (Tracking Progress & Adjusting Interventions) | B50: =AF50 -> 0 | C50: =AG50 -> 0 | AC50: =IF(AA50="","",IF(AA50=TRUE,1,0)) | AD50: =IF(AB50="","",IF(AB50=TRUE,1,0)) | AF50: =SUM(AF40:AF49) -> 0 | AG50: =SUM(AG40:AG49) -> 0
A51: Indicator | B51: Yes | C51: No | D51: Remarks/Evidence | AC51: =IF(AA51="","",IF(AA51=TRUE,1,0)) | AD51: =IF(AB51="","",IF(AB51=TRUE,1,0))
A52: 21. Monthly monitoring of learner attendance and performance is conducted | AA52: FALSE | AB52: FALSE | AC52: =IF(AA52="","",IF(AA52=TRUE,1,0)) -> 0 | AD52: =IF(AB52="","",IF(AB52=TRUE,1,0)) -> 0 | AE52: =SUM(AC52:AD52) -> 0 | AF52: =IF(AE52=1,AC52,0) -> 0 | AG52: =IF(AE52=1,AD52,0) -> 0
A53: 22. Learner tracking records are regularly updated | AA53: FALSE | AB53: FALSE | AC53: =IF(AA53="","",IF(AA53=TRUE,1,0)) -> 0 | AD53: =IF(AB53="","",IF(AB53=TRUE,1,0)) -> 0 | AE53: =SUM(AC53:AD53) -> 0 | AF53: =IF(AE53=1,AC53,0) -> 0 | AG53: =IF(AE53=1,AD53,0) -> 0
A54: 23. SLTT conducts quarterly review meetings | AA54: FALSE | AB54: FALSE | AC54: =IF(AA54="","",IF(AA54=TRUE,1,0)) -> 0 | AD54: =IF(AB54="","",IF(AB54=TRUE,1,0)) -> 0 | AE54: =SUM(AC54:AD54) -> 0 | AF54: =IF(AE54=1,AC54,0) -> 0 | AG54: =IF(AE54=1,AD54,0) -> 0
A55: 24. Interventions are adjusted based on learner progress | AA55: FALSE | AB55: FALSE | AC55: =IF(AA55="","",IF(AA55=TRUE,1,0)) -> 0 | AD55: =IF(AB55="","",IF(AB55=TRUE,1,0)) -> 0 | AE55: =SUM(AC55:AD55) -> 0 | AF55: =IF(AE55=1,AC55,0) -> 0 | AG55: =IF(AE55=1,AD55,0) -> 0
A56: 25. Formative assessments are used to track improvement | AA56: FALSE | AB56: FALSE | AC56: =IF(AA56="","",IF(AA56=TRUE,1,0)) -> 0 | AD56: =IF(AB56="","",IF(AB56=TRUE,1,0)) -> 0 | AE56: =SUM(AC56:AD56) -> 0 | AF56: =IF(AE56=1,AC56,0) -> 0 | AG56: =IF(AE56=1,AD56,0) -> 0
A57: 26. Reduction in number of at-risk learners is monitored | AA57: FALSE | AB57: FALSE | AC57: =IF(AA57="","",IF(AA57=TRUE,1,0)) -> 0 | AD57: =IF(AB57="","",IF(AB57=TRUE,1,0)) -> 0 | AE57: =SUM(AC57:AD57) -> 0 | AF57: =IF(AE57=1,AC57,0) -> 0 | AG57: =IF(AE57=1,AD57,0) -> 0
AA58: FALSE | AB58: FALSE | AC58: =IF(AA58="","",IF(AA58=TRUE,1,0)) -> 0 | AD58: =IF(AB58="","",IF(AB58=TRUE,1,0)) -> 0 | AE58: =SUM(AC58:AD58) -> 0 | AF58: =IF(AE58=1,AC58,0) -> 0 | AG58: =IF(AE58=1,AD58,0) -> 0
AA59: FALSE | AB59: FALSE | AC59: =IF(AA59="","",IF(AA59=TRUE,1,0)) -> 0 | AD59: =IF(AB59="","",IF(AB59=TRUE,1,0)) -> 0 | AE59: =SUM(AC59:AD59) -> 0 | AF59: =IF(AE59=1,AC59,0) -> 0 | AG59: =IF(AE59=1,AD59,0) -> 0
AA60: FALSE | AB60: FALSE | AC60: =IF(AA60="","",IF(AA60=TRUE,1,0)) -> 0 | AD60: =IF(AB60="","",IF(AB60=TRUE,1,0)) -> 0 | AE60: =SUM(AC60:AD60) -> 0 | AF60: =IF(AE60=1,AC60,0) -> 0 | AG60: =IF(AE60=1,AD60,0) -> 0
AA61: FALSE | AB61: FALSE | AC61: =IF(AA61="","",IF(AA61=TRUE,1,0)) -> 0 | AD61: =IF(AB61="","",IF(AB61=TRUE,1,0)) -> 0 | AE61: =SUM(AC61:AD61) -> 0 | AF61: =IF(AE61=1,AC61,0) -> 0 | AG61: =IF(AE61=1,AD61,0) -> 0
A62: E. COLLABORATE (Home–School–Community Partnership) | B62: =AF62 -> 0 | C62: =AG62 -> 0 | AC62: =IF(AA62="","",IF(AA62=TRUE,1,0)) | AD62: =IF(AB62="","",IF(AB62=TRUE,1,0)) | AF62: =SUM(AF52:AF61) -> 0 | AG62: =SUM(AG52:AG61) -> 0
A63: Indicator | B63: Yes | C63: No | D63: Remarks/Evidence | AC63: =IF(AA63="","",IF(AA63=TRUE,1,0)) | AD63: =IF(AB63="","",IF(AB63=TRUE,1,0))
A64: 27. Parents are regularly informed of learner progress | AA64: FALSE | AB64: FALSE | AC64: =IF(AA64="","",IF(AA64=TRUE,1,0)) -> 0 | AD64: =IF(AB64="","",IF(AB64=TRUE,1,0)) -> 0 | AE64: =SUM(AC64:AD64) -> 0 | AF64: =IF(AE64=1,AC64,0) -> 0 | AG64: =IF(AE64=1,AD64,0) -> 0
A65: 28. Parent conferences for at-risk learners are conducted | AA65: FALSE | AB65: FALSE | AC65: =IF(AA65="","",IF(AA65=TRUE,1,0)) -> 0 | AD65: =IF(AB65="","",IF(AB65=TRUE,1,0)) -> 0 | AE65: =SUM(AC65:AD65) -> 0 | AF65: =IF(AE65=1,AC65,0) -> 0 | AG65: =IF(AE65=1,AD65,0) -> 0
A66: 29. Home visitation is implemented for frequent absentees | AA66: FALSE | AB66: FALSE | AC66: =IF(AA66="","",IF(AA66=TRUE,1,0)) -> 0 | AD66: =IF(AB66="","",IF(AB66=TRUE,1,0)) -> 0 | AE66: =SUM(AC66:AD66) -> 0 | AF66: =IF(AE66=1,AC66,0) -> 0 | AG66: =IF(AE66=1,AD66,0) -> 0
A67: 30. School coordinates with barangay/community stakeholders | AA67: FALSE | AB67: FALSE | AC67: =IF(AA67="","",IF(AA67=TRUE,1,0)) -> 0 | AD67: =IF(AB67="","",IF(AB67=TRUE,1,0)) -> 0 | AE67: =SUM(AC67:AD67) -> 0 | AF67: =IF(AE67=1,AC67,0) -> 0 | AG67: =IF(AE67=1,AD67,0) -> 0
A68: 31. LAC sessions discuss learner cases and interventions | AA68: FALSE | AB68: FALSE | AC68: =IF(AA68="","",IF(AA68=TRUE,1,0)) -> 0 | AD68: =IF(AB68="","",IF(AB68=TRUE,1,0)) -> 0 | AE68: =SUM(AC68:AD68) -> 0 | AF68: =IF(AE68=1,AC68,0) -> 0 | AG68: =IF(AE68=1,AD68,0) -> 0
A69: 32. Best practices are documented and shared | AA69: FALSE | AB69: FALSE | AC69: =IF(AA69="","",IF(AA69=TRUE,1,0)) -> 0 | AD69: =IF(AB69="","",IF(AB69=TRUE,1,0)) -> 0 | AE69: =SUM(AC69:AD69) -> 0 | AF69: =IF(AE69=1,AC69,0) -> 0 | AG69: =IF(AE69=1,AD69,0) -> 0
AA70: FALSE | AB70: FALSE | AC70: =IF(AA70="","",IF(AA70=TRUE,1,0)) -> 0 | AD70: =IF(AB70="","",IF(AB70=TRUE,1,0)) -> 0 | AE70: =SUM(AC70:AD70) -> 0 | AF70: =IF(AE70=1,AC70,0) -> 0 | AG70: =IF(AE70=1,AD70,0) -> 0
AA71: FALSE | AB71: FALSE | AC71: =IF(AA71="","",IF(AA71=TRUE,1,0)) -> 0 | AD71: =IF(AB71="","",IF(AB71=TRUE,1,0)) -> 0 | AE71: =SUM(AC71:AD71) -> 0 | AF71: =IF(AE71=1,AC71,0) -> 0 | AG71: =IF(AE71=1,AD71,0) -> 0
AA72: FALSE | AB72: FALSE | AC72: =IF(AA72="","",IF(AA72=TRUE,1,0)) -> 0 | AD72: =IF(AB72="","",IF(AB72=TRUE,1,0)) -> 0 | AE72: =SUM(AC72:AD72) -> 0 | AF72: =IF(AE72=1,AC72,0) -> 0 | AG72: =IF(AE72=1,AD72,0) -> 0
AA73: FALSE | AB73: FALSE | AC73: =IF(AA73="","",IF(AA73=TRUE,1,0)) -> 0 | AD73: =IF(AB73="","",IF(AB73=TRUE,1,0)) -> 0 | AE73: =SUM(AC73:AD73) -> 0 | AF73: =IF(AE73=1,AC73,0) -> 0 | AG73: =IF(AE73=1,AD73,0) -> 0
A74: SUMMARY OF FINDINGS | B74: =AF74 -> 0 | C74: =AG74 -> 0 | AC74: =IF(AA74="","",IF(AA74=TRUE,1,0)) | AD74: =IF(AB74="","",IF(AB74=TRUE,1,0)) | AF74: =SUM(AF64:AF73) -> 0 | AG74: =SUM(AG64:AG73) -> 0
A75: Strengths:
AF76: =SUM(AF26,AF38,AF50,AF62,AF74) -> 0 | AG76: =SUM(AG26,AG38,AG50,AG62,AG74) -> 0
A77: Areas for Improvement:
A79: Agreed Next Action (Next Quarter):
A82: Prepared by: | B82: Noted by:
A84: NANCY C. LUCENAS | D84: RUFINO T. TUDLASAN PhD
A85: School Head | D85: Education Program Supervisor
D88: MARY JEAN B. CODINERA DevEdD
D89: PSDS, WEST 1 Secondary

Sheet SUMMARY
A5: Republic of the Philippines
A6: Department of Education
A8: SCHOOLS DIVISION OF MANDAUE CITY
A10: LEARNER DEVELOPMENT AND PROTECTION MONITORING CHECKLIST
A12: SCHOOL | B12: =IF('TABOK ES I'!$A$14="","",'TABOK ES I'!$A$14) | I12: Weighted Mean | J12: Description | K12: =IF('TABOK ES I'!$A$26="","",'TABOK ES I'!$A$26) | R12: Weighted Mean | S12: Description | T12: =IF('TABOK ES I'!$A$38="","",'TABOK ES I'!$A$38) | AA12: Weighted Mean | AB12: Description | AC12: =IF('TABOK ES I'!$A$50="","",'TABOK ES I'!$A$50) | AJ12: Weighted Mean | AK12: Description | AL12: =IF('TABOK ES I'!$A$62="","",'TABOK ES I'!$A$62) | AS12: Weighted Mean | AT12: Description | AV12: TOTAL YES | AW12: TOTAL NO
B13: =IF('TABOK ES I'!$A$16<>"","A.1.1","") | C13: =IF('TABOK ES I'!$A$17<>"","A.1.2","") | D13: =IF('TABOK ES I'!$A$18<>"","A.1.3","") | E13: =IF('TABOK ES I'!$A$19<>"","A.1.4","") | F13: =IF('TABOK ES I'!$A$20<>"","A.1.5","") | G13: =IF('TABOK ES I'!$A$21<>"","A.1.6","") | K13: =IF('TABOK ES I'!$A$28<>"","B.1.1","") | L13: =IF('TABOK ES I'!$A$29<>"","B.1.2","") | M13: =IF('TABOK ES I'!$A$30<>"","B.1.3","") | N13: =IF('TABOK ES I'!$A$31<>"","B.1.4","") | O13: =IF('TABOK ES I'!$A$32<>"","B.1.5","") | P13: =IF('TABOK ES I'!$A$33<>"","B.1.6","") | Q13: =IF('TABOK ES I'!$A$34<>"","B.1.7","") | T13: =IF('TABOK ES I'!$A$40<>"","C.1.1","") | U13: =IF('TABOK ES I'!$A$41<>"","C.1.2","") | V13: =IF('TABOK ES I'!$A$42<>"","C.1.3","") | W13: =IF('TABOK ES I'!$A$43<>"","C.1.4","") | X13: =IF('TABOK ES I'!$A$44<>"","C.1.5","") | Y13: =IF('TABOK ES I'!$A$45<>"","C.1.6","") | Z13: =IF('TABOK ES I'!$A$46<>"","C.1.7","") | AC13: =IF('TABOK ES I'!$A$52<>"","D.1.1","") | AD13: =IF('TABOK ES I'!$A$53<>"","D.1.2","") | AE13: =IF('TABOK ES I'!$A$54<>"","D.1.3","") | AF13: =IF('TABOK ES I'!$A$55<>"","D.1.4","") | AG13: =IF('TABOK ES I'!$A$56<>"","D.1.5","") | AH13: =IF('TABOK ES I'!$A$57<>"","D.1.6","") | AL13: =IF('TABOK ES I'!$A$64<>"","E.1.1","") | AM13: =IF('TABOK ES I'!$A$65<>"","E.1.2","") | AN13: =IF('TABOK ES I'!$A$66<>"","E.1.3","") | AO13: =IF('TABOK ES I'!$A$67<>"","E.1.4","") | AP13: =IF('TABOK ES I'!$A$68<>"","E.1.5","") | AQ13: =IF('TABOK ES I'!$A$69<>"","E.1.6","")
A14: =IF('MAGUIKAY ES'!$B$11="","MAGUIKAY ELEMENTARY SCHOOL",'MAGUIKAY ES'!$B$11) | B14: =IF(AND('MAGUIKAY ES'!$AA$16=TRUE,'MAGUIKAY ES'!$AB$16<>TRUE),1,IF(AND('MAGUIKAY ES'!$AB$16=TRUE,'MAGUIKAY ES'!$AA$16<>TRUE),2,"")) | C14: =IF(AND('MAGUIKAY ES'!$AA$17=TRUE,'MAGUIKAY ES'!$AB$17<>TRUE),1,IF(AND('MAGUIKAY ES'!$AB$17=TRUE,'MAGUIKAY ES'!$AA$17<>TRUE),2,"")) | D14: =IF(AND('MAGUIKAY ES'!$AA$18=TRUE,'MAGUIKAY ES'!$AB$18<>TRUE),1,IF(AND('MAGUIKAY ES'!$AB$18=TRUE,'MAGUIKAY ES'!$AA$18<>TRUE),2,"")) | E14: =IF(AND('MAGUIKAY ES'!$AA$19=TRUE,'MAGUIKAY ES'!$AB$19<>TRUE),1,IF(AND('MAGUIKAY ES'!$AB$19=TRUE,'MAGUIKAY ES'!$AA$19<>TRUE),2,"")) | F14: =IF(AND('MAGUIKAY ES'!$AA$20=TRUE,'MAGUIKAY ES'!$AB$20<>TRUE),1,IF(AND('MAGUIKAY ES'!$AB$20=TRUE,'MAGUIKAY ES'!$AA$20<>TRUE),2,"")) | G14: =IF(AND('MAGUIKAY ES'!$AA$21=TRUE,'MAGUIKAY ES'!$AB$21<>TRUE),1,IF(AND('MAGUIKAY ES'!$AB$21=TRUE,'MAGUIKAY ES'!$AA$21<>TRUE),2,"")) | I14: =IFERROR(ROUND(AVERAGE(B14:H14),2), "") | J14: =IF(I14="","",VLOOKUP(I14,$CH$14:$CK$17,3)) | K14: =IF(AND('MAGUIKAY ES'!$AA$28=TRUE,'MAGUIKAY ES'!$AB$28<>TRUE),1,IF(AND('MAGUIKAY ES'!$AB$28=TRUE,'MAGUIKAY ES'!$AA$28<>TRUE),2,"")) | L14: =IF(AND('MAGUIKAY ES'!$AA$29=TRUE,'MAGUIKAY ES'!$AB$29<>TRUE),1,IF(AND('MAGUIKAY ES'!$AB$29=TRUE,'MAGUIKAY ES'!$AA$29<>TRUE),2,"")) | M14: =IF(AND('MAGUIKAY ES'!$AA$30=TRUE,'MAGUIKAY ES'!$AB$30<>TRUE),1,IF(AND('MAGUIKAY ES'!$AB$30=TRUE,'MAGUIKAY ES'!$AA$30<>TRUE),2,"")) | N14: =IF(AND('MAGUIKAY ES'!$AA$31=TRUE,'MAGUIKAY ES'!$AB$31<>TRUE),1,IF(AND('MAGUIKAY ES'!$AB$31=TRUE,'MAGUIKAY ES'!$AA$31<>TRUE),2,"")) | O14: =IF(AND('MAGUIKAY ES'!$AA$32=TRUE,'MAGUIKAY ES'!$AB$32<>TRUE),1,IF(AND('MAGUIKAY ES'!$AB$32=TRUE,'MAGUIKAY ES'!$AA$32<>TRUE),2,"")) | P14: =IF(AND('MAGUIKAY ES'!$AA$33=TRUE,'MAGUIKAY ES'!$AB$33<>TRUE),1,IF(AND('MAGUIKAY ES'!$AB$33=TRUE,'MAGUIKAY ES'!$AA$33<>TRUE),2,"")) | Q14: =IF(AND('MAGUIKAY ES'!$AA$34=TRUE,'MAGUIKAY ES'!$AB$34<>TRUE),1,IF(AND('MAGUIKAY ES'!$AB$34=TRUE,'MAGUIKAY ES'!$AA$34<>TRUE),2,"")) | R14: =IFERROR(ROUND(AVERAGE(K14:Q14),2), "") | S14: =IF(R14="","",VLOOKUP(R14,$CH$14:$CK$17,3)) | T14: =IF(AND('MAGUIKAY ES'!$AA$40=TRUE,'MAGUIKAY ES'!$AB$40<>TRUE),1,IF(AND('MAGUIKAY ES'!$AB$40=TRUE,'MAGUIKAY ES'!$AA$40<>TRUE),2,"")) | U14: =IF(AND('MAGUIKAY ES'!$AA$41=TRUE,'MAGUIKAY ES'!$AB$41<>TRUE),1,IF(AND('MAGUIKAY ES'!$AB$41=TRUE,'MAGUIKAY ES'!$AA$41<>TRUE),2,"")) | V14: =IF(AND('MAGUIKAY ES'!$AA$42=TRUE,'MAGUIKAY ES'!$AB$42<>TRUE),1,IF(AND('MAGUIKAY ES'!$AB$42=TRUE,'MAGUIKAY ES'!$AA$42<>TRUE),2,"")) | W14: =IF(AND('MAGUIKAY ES'!$AA$43=TRUE,'MAGUIKAY ES'!$AB$43<>TRUE),1,IF(AND('MAGUIKAY ES'!$AB$43=TRUE,'MAGUIKAY ES'!$AA$43<>TRUE),2,"")) | X14: =IF(AND('MAGUIKAY ES'!$AA$44=TRUE,'MAGUIKAY ES'!$AB$44<>TRUE),1,IF(AND('MAGUIKAY ES'!$AB$44=TRUE,'MAGUIKAY ES'!$AA$44<>TRUE),2,"")) | Y14: =IF(AND('MAGUIKAY ES'!$AA$45=TRUE,'MAGUIKAY ES'!$AB$45<>TRUE),1,IF(AND('MAGUIKAY ES'!$AB$45=TRUE,'MAGUIKAY ES'!$AA$45<>TRUE),2,"")) | Z14: =IF(AND('MAGUIKAY ES'!$AA$46=TRUE,'MAGUIKAY ES'!$AB$46<>TRUE),1,IF(AND('MAGUIKAY ES'!$AB$46=TRUE,'MAGUIKAY ES'!$AA$46<>TRUE),2,"")) | AA14: =IFERROR(ROUND(AVERAGE(T14:Z14),2), "") | AB14: =IF(AA14="","",VLOOKUP(AA14,$CH$14:$CK$17,3)) | AC14: =IF(AND('MAGUIKAY ES'!$AA$52=TRUE,'MAGUIKAY ES'!$AB$52<>TRUE),1,IF(AND('MAGUIKAY ES'!$AB$52=TRUE,'MAGUIKAY ES'!$AA$52<>TRUE),2,"")) | AD14: =IF(AND('MAGUIKAY ES'!$AA$53=TRUE,'MAGUIKAY ES'!$AB$53<>TRUE),1,IF(AND('MAGUIKAY ES'!$AB$53=TRUE,'MAGUIKAY ES'!$AA$53<>TRUE),2,"")) | AE14: =IF(AND('MAGUIKAY ES'!$AA$54=TRUE,'MAGUIKAY ES'!$AB$54<>TRUE),1,IF(AND('MAGUIKAY ES'!$AB$54=TRUE,'MAGUIKAY ES'!$AA$54<>TRUE),2,"")) | AF14: =IF(AND('MAGUIKAY ES'!$AA$55=TRUE,'MAGUIKAY ES'!$AB$55<>TRUE),1,IF(AND('MAGUIKAY ES'!$AB$55=TRUE,'MAGUIKAY ES'!$AA$55<>TRUE),2,"")) | AG14: =IF(AND('MAGUIKAY ES'!$AA$56=TRUE,'MAGUIKAY ES'!$AB$56<>TRUE),1,IF(AND('MAGUIKAY ES'!$AB$56=TRUE,'MAGUIKAY ES'!$AA$56<>TRUE),2,"")) | AH14: =IF(AND('MAGUIKAY ES'!$AA$57=TRUE,'MAGUIKAY ES'!$AB$57<>TRUE),1,IF(AND('MAGUIKAY ES'!$AB$57=TRUE,'MAGUIKAY ES'!$AA$57<>TRUE),2,"")) | AJ14: =IFERROR(ROUND(AVERAGE(AC14:AI14),2), "") | AK14: =IF(AJ14="","",VLOOKUP(AJ14,$CH$14:$CK$17,3)) | AL14: =IF(AND('MAGUIKAY ES'!$AA$64=TRUE,'MAGUIKAY ES'!$AB$64<>TRUE),1,IF(AND('MAGUIKAY ES'!$AB$64=TRUE,'MAGUIKAY ES'!$AA$64<>TRUE),2,"")) | AM14: =IF(AND('MAGUIKAY ES'!$AA$65=TRUE,'MAGUIKAY ES'!$AB$65<>TRUE),1,IF(AND('MAGUIKAY ES'!$AB$65=TRUE,'MAGUIKAY ES'!$AA$65<>TRUE),2,"")) | AN14: =IF(AND('MAGUIKAY ES'!$AA$66=TRUE,'MAGUIKAY ES'!$AB$66<>TRUE),1,IF(AND('MAGUIKAY ES'!$AB$66=TRUE,'MAGUIKAY ES'!$AA$66<>TRUE),2,"")) | AO14: =IF(AND('MAGUIKAY ES'!$AA$67=TRUE,'MAGUIKAY ES'!$AB$67<>TRUE),1,IF(AND('MAGUIKAY ES'!$AB$67=TRUE,'MAGUIKAY ES'!$AA$67<>TRUE),2,"")) | AP14: =IF(AND('MAGUIKAY ES'!$AA$68=TRUE,'MAGUIKAY ES'!$AB$68<>TRUE),1,IF(AND('MAGUIKAY ES'!$AB$68=TRUE,'MAGUIKAY ES'!$AA$68<>TRUE),2,"")) | AQ14: =IF(AND('MAGUIKAY ES'!$AA$69=TRUE,'MAGUIKAY ES'!$AB$69<>TRUE),1,IF(AND('MAGUIKAY ES'!$AB$69=TRUE,'MAGUIKAY ES'!$AA$69<>TRUE),2,"")) | AS14: =IFERROR(ROUND(AVERAGE(AL14:AR14),2), "") | AT14: =IF(AS14="","",VLOOKUP(AS14,$CH$14:$CK$17,3)) | AV14: =COUNTIF(B14:H14,1)+COUNTIF(K14:Q14,1)+COUNTIF(T14:Z14,1)+COUNTIF(AC14:AI14,1)+COUNTIF(AL14:AR14,1) | AW14: =COUNTIF(B14:H14,2)+COUNTIF(K14:Q14,2)+COUNTIF(T14:Z14,2)+COUNTIF(AC14:AI14,2)+COUNTIF(AL14:AR14,2) | CH14: 1 | CI14: 1.25 | CJ14: Fully Implemented
A15: =IF('CABANCALAN I ES'!$B$11="","CABANCALAN ELEMENTARY SCHOOL 1",'CABANCALAN I ES'!$B$11) | B15: =IF(AND('CABANCALAN I ES'!$AA$16=TRUE,'CABANCALAN I ES'!$AB$16<>TRUE),1,IF(AND('CABANCALAN I ES'!$AB$16=TRUE,'CABANCALAN I ES'!$AA$16<>TRUE),2,"")) | C15: =IF(AND('CABANCALAN I ES'!$AA$17=TRUE,'CABANCALAN I ES'!$AB$17<>TRUE),1,IF(AND('CABANCALAN I ES'!$AB$17=TRUE,'CABANCALAN I ES'!$AA$17<>TRUE),2,"")) | D15: =IF(AND('CABANCALAN I ES'!$AA$18=TRUE,'CABANCALAN I ES'!$AB$18<>TRUE),1,IF(AND('CABANCALAN I ES'!$AB$18=TRUE,'CABANCALAN I ES'!$AA$18<>TRUE),2,"")) | E15: =IF(AND('CABANCALAN I ES'!$AA$19=TRUE,'CABANCALAN I ES'!$AB$19<>TRUE),1,IF(AND('CABANCALAN I ES'!$AB$19=TRUE,'CABANCALAN I ES'!$AA$19<>TRUE),2,"")) | F15: =IF(AND('CABANCALAN I ES'!$AA$20=TRUE,'CABANCALAN I ES'!$AB$20<>TRUE),1,IF(AND('CABANCALAN I ES'!$AB$20=TRUE,'CABANCALAN I ES'!$AA$20<>TRUE),2,"")) | G15: =IF(AND('CABANCALAN I ES'!$AA$21=TRUE,'CABANCALAN I ES'!$AB$21<>TRUE),1,IF(AND('CABANCALAN I ES'!$AB$21=TRUE,'CABANCALAN I ES'!$AA$21<>TRUE),2,"")) | I15: =IFERROR(ROUND(AVERAGE(B15:H15),2), "") | J15: =IF(I15="","",VLOOKUP(I15,$CH$14:$CK$17,3)) | K15: =IF(AND('CABANCALAN I ES'!$AA$28=TRUE,'CABANCALAN I ES'!$AB$28<>TRUE),1,IF(AND('CABANCALAN I ES'!$AB$28=TRUE,'CABANCALAN I ES'!$AA$28<>TRUE),2,"")) | L15: =IF(AND('CABANCALAN I ES'!$AA$29=TRUE,'CABANCALAN I ES'!$AB$29<>TRUE),1,IF(AND('CABANCALAN I ES'!$AB$29=TRUE,'CABANCALAN I ES'!$AA$29<>TRUE),2,"")) | M15: =IF(AND('CABANCALAN I ES'!$AA$30=TRUE,'CABANCALAN I ES'!$AB$30<>TRUE),1,IF(AND('CABANCALAN I ES'!$AB$30=TRUE,'CABANCALAN I ES'!$AA$30<>TRUE),2,"")) | N15: =IF(AND('CABANCALAN I ES'!$AA$31=TRUE,'CABANCALAN I ES'!$AB$31<>TRUE),1,IF(AND('CABANCALAN I ES'!$AB$31=TRUE,'CABANCALAN I ES'!$AA$31<>TRUE),2,"")) | O15: =IF(AND('CABANCALAN I ES'!$AA$32=TRUE,'CABANCALAN I ES'!$AB$32<>TRUE),1,IF(AND('CABANCALAN I ES'!$AB$32=TRUE,'CABANCALAN I ES'!$AA$32<>TRUE),2,"")) | P15: =IF(AND('CABANCALAN I ES'!$AA$33=TRUE,'CABANCALAN I ES'!$AB$33<>TRUE),1,IF(AND('CABANCALAN I ES'!$AB$33=TRUE,'CABANCALAN I ES'!$AA$33<>TRUE),2,"")) | Q15: =IF(AND('CABANCALAN I ES'!$AA$34=TRUE,'CABANCALAN I ES'!$AB$34<>TRUE),1,IF(AND('CABANCALAN I ES'!$AB$34=TRUE,'CABANCALAN I ES'!$AA$34<>TRUE),2,"")) | R15: =IFERROR(ROUND(AVERAGE(K15:Q15),2), "") | S15: =IF(R15="","",VLOOKUP(R15,$CH$14:$CK$17,3)) | T15: =IF(AND('CABANCALAN I ES'!$AA$40=TRUE,'CABANCALAN I ES'!$AB$40<>TRUE),1,IF(AND('CABANCALAN I ES'!$AB$40=TRUE,'CABANCALAN I ES'!$AA$40<>TRUE),2,"")) | U15: =IF(AND('CABANCALAN I ES'!$AA$41=TRUE,'CABANCALAN I ES'!$AB$41<>TRUE),1,IF(AND('CABANCALAN I ES'!$AB$41=TRUE,'CABANCALAN I ES'!$AA$41<>TRUE),2,"")) | V15: =IF(AND('CABANCALAN I ES'!$AA$42=TRUE,'CABANCALAN I ES'!$AB$42<>TRUE),1,IF(AND('CABANCALAN I ES'!$AB$42=TRUE,'CABANCALAN I ES'!$AA$42<>TRUE),2,"")) | W15: =IF(AND('CABANCALAN I ES'!$AA$43=TRUE,'CABANCALAN I ES'!$AB$43<>TRUE),1,IF(AND('CABANCALAN I ES'!$AB$43=TRUE,'CABANCALAN I ES'!$AA$43<>TRUE),2,"")) | X15: =IF(AND('CABANCALAN I ES'!$AA$44=TRUE,'CABANCALAN I ES'!$AB$44<>TRUE),1,IF(AND('CABANCALAN I ES'!$AB$44=TRUE,'CABANCALAN I ES'!$AA$44<>TRUE),2,"")) | Y15: =IF(AND('CABANCALAN I ES'!$AA$45=TRUE,'CABANCALAN I ES'!$AB$45<>TRUE),1,IF(AND('CABANCALAN I ES'!$AB$45=TRUE,'CABANCALAN I ES'!$AA$45<>TRUE),2,"")) | Z15: =IF(AND('CABANCALAN I ES'!$AA$46=TRUE,'CABANCALAN I ES'!$AB$46<>TRUE),1,IF(AND('CABANCALAN I ES'!$AB$46=TRUE,'CABANCALAN I ES'!$AA$46<>TRUE),2,"")) | AA15: =IFERROR(ROUND(AVERAGE(T15:Z15),2), "") | AB15: =IF(AA15="","",VLOOKUP(AA15,$CH$14:$CK$17,3)) | AC15: =IF(AND('CABANCALAN I ES'!$AA$52=TRUE,'CABANCALAN I ES'!$AB$52<>TRUE),1,IF(AND('CABANCALAN I ES'!$AB$52=TRUE,'CABANCALAN I ES'!$AA$52<>TRUE),2,"")) | AD15: =IF(AND('CABANCALAN I ES'!$AA$53=TRUE,'CABANCALAN I ES'!$AB$53<>TRUE),1,IF(AND('CABANCALAN I ES'!$AB$53=TRUE,'CABANCALAN I ES'!$AA$53<>TRUE),2,"")) | AE15: =IF(AND('CABANCALAN I ES'!$AA$54=TRUE,'CABANCALAN I ES'!$AB$54<>TRUE),1,IF(AND('CABANCALAN I ES'!$AB$54=TRUE,'CABANCALAN I ES'!$AA$54<>TRUE),2,"")) | AF15: =IF(AND('CABANCALAN I ES'!$AA$55=TRUE,'CABANCALAN I ES'!$AB$55<>TRUE),1,IF(AND('CABANCALAN I ES'!$AB$55=TRUE,'CABANCALAN I ES'!$AA$55<>TRUE),2,"")) | AG15: =IF(AND('CABANCALAN I ES'!$AA$56=TRUE,'CABANCALAN I ES'!$AB$56<>TRUE),1,IF(AND('CABANCALAN I ES'!$AB$56=TRUE,'CABANCALAN I ES'!$AA$56<>TRUE),2,"")) | AH15: =IF(AND('CABANCALAN I ES'!$AA$57=TRUE,'CABANCALAN I ES'!$AB$57<>TRUE),1,IF(AND('CABANCALAN I ES'!$AB$57=TRUE,'CABANCALAN I ES'!$AA$57<>TRUE),2,"")) | AJ15: =IFERROR(ROUND(AVERAGE(AC15:AI15),2), "") | AK15: =IF(AJ15="","",VLOOKUP(AJ15,$CH$14:$CK$17,3)) | AL15: =IF(AND('CABANCALAN I ES'!$AA$64=TRUE,'CABANCALAN I ES'!$AB$64<>TRUE),1,IF(AND('CABANCALAN I ES'!$AB$64=TRUE,'CABANCALAN I ES'!$AA$64<>TRUE),2,"")) | AM15: =IF(AND('CABANCALAN I ES'!$AA$65=TRUE,'CABANCALAN I ES'!$AB$65<>TRUE),1,IF(AND('CABANCALAN I ES'!$AB$65=TRUE,'CABANCALAN I ES'!$AA$65<>TRUE),2,"")) | AN15: =IF(AND('CABANCALAN I ES'!$AA$66=TRUE,'CABANCALAN I ES'!$AB$66<>TRUE),1,IF(AND('CABANCALAN I ES'!$AB$66=TRUE,'CABANCALAN I ES'!$AA$66<>TRUE),2,"")) | AO15: =IF(AND('CABANCALAN I ES'!$AA$67=TRUE,'CABANCALAN I ES'!$AB$67<>TRUE),1,IF(AND('CABANCALAN I ES'!$AB$67=TRUE,'CABANCALAN I ES'!$AA$67<>TRUE),2,"")) | AP15: =IF(AND('CABANCALAN I ES'!$AA$68=TRUE,'CABANCALAN I ES'!$AB$68<>TRUE),1,IF(AND('CABANCALAN I ES'!$AB$68=TRUE,'CABANCALAN I ES'!$AA$68<>TRUE),2,"")) | AQ15: =IF(AND('CABANCALAN I ES'!$AA$69=TRUE,'CABANCALAN I ES'!$AB$69<>TRUE),1,IF(AND('CABANCALAN I ES'!$AB$69=TRUE,'CABANCALAN I ES'!$AA$69<>TRUE),2,"")) | AS15: =IFERROR(ROUND(AVERAGE(AL15:AR15),2), "") | AT15: =IF(AS15="","",VLOOKUP(AS15,$CH$14:$CK$17,3)) | AV15: =COUNTIF(B15:H15,1)+COUNTIF(K15:Q15,1)+COUNTIF(T15:Z15,1)+COUNTIF(AC15:AI15,1)+COUNTIF(AL15:AR15,1) | AW15: =COUNTIF(B15:H15,2)+COUNTIF(K15:Q15,2)+COUNTIF(T15:Z15,2)+COUNTIF(AC15:AI15,2)+COUNTIF(AL15:AR15,2) | CH15: 1.26 | CI15: 1.5 | CJ15: Implemented
A16: =IF('TABOK ES I'!$B$11="","TABOK ELEMENTARY SCHOOL 1",'TABOK ES I'!$B$11) | B16: =IF(AND('TABOK ES I'!$AA$16=TRUE,'TABOK ES I'!$AB$16<>TRUE),1,IF(AND('TABOK ES I'!$AB$16=TRUE,'TABOK ES I'!$AA$16<>TRUE),2,"")) | C16: =IF(AND('TABOK ES I'!$AA$17=TRUE,'TABOK ES I'!$AB$17<>TRUE),1,IF(AND('TABOK ES I'!$AB$17=TRUE,'TABOK ES I'!$AA$17<>TRUE),2,"")) | D16: =IF(AND('TABOK ES I'!$AA$18=TRUE,'TABOK ES I'!$AB$18<>TRUE),1,IF(AND('TABOK ES I'!$AB$18=TRUE,'TABOK ES I'!$AA$18<>TRUE),2,"")) | E16: =IF(AND('TABOK ES I'!$AA$19=TRUE,'TABOK ES I'!$AB$19<>TRUE),1,IF(AND('TABOK ES I'!$AB$19=TRUE,'TABOK ES I'!$AA$19<>TRUE),2,"")) | F16: =IF(AND('TABOK ES I'!$AA$20=TRUE,'TABOK ES I'!$AB$20<>TRUE),1,IF(AND('TABOK ES I'!$AB$20=TRUE,'TABOK ES I'!$AA$20<>TRUE),2,"")) | G16: =IF(AND('TABOK ES I'!$AA$21=TRUE,'TABOK ES I'!$AB$21<>TRUE),1,IF(AND('TABOK ES I'!$AB$21=TRUE,'TABOK ES I'!$AA$21<>TRUE),2,"")) | I16: =IFERROR(ROUND(AVERAGE(B16:H16),2), "") | J16: =IF(I16="","",VLOOKUP(I16,$CH$14:$CK$17,3)) | K16: =IF(AND('TABOK ES I'!$AA$28=TRUE,'TABOK ES I'!$AB$28<>TRUE),1,IF(AND('TABOK ES I'!$AB$28=TRUE,'TABOK ES I'!$AA$28<>TRUE),2,"")) | L16: =IF(AND('TABOK ES I'!$AA$29=TRUE,'TABOK ES I'!$AB$29<>TRUE),1,IF(AND('TABOK ES I'!$AB$29=TRUE,'TABOK ES I'!$AA$29<>TRUE),2,"")) | M16: =IF(AND('TABOK ES I'!$AA$30=TRUE,'TABOK ES I'!$AB$30<>TRUE),1,IF(AND('TABOK ES I'!$AB$30=TRUE,'TABOK ES I'!$AA$30<>TRUE),2,"")) | N16: =IF(AND('TABOK ES I'!$AA$31=TRUE,'TABOK ES I'!$AB$31<>TRUE),1,IF(AND('TABOK ES I'!$AB$31=TRUE,'TABOK ES I'!$AA$31<>TRUE),2,"")) | O16: =IF(AND('TABOK ES I'!$AA$32=TRUE,'TABOK ES I'!$AB$32<>TRUE),1,IF(AND('TABOK ES I'!$AB$32=TRUE,'TABOK ES I'!$AA$32<>TRUE),2,"")) | P16: =IF(AND('TABOK ES I'!$AA$33=TRUE,'TABOK ES I'!$AB$33<>TRUE),1,IF(AND('TABOK ES I'!$AB$33=TRUE,'TABOK ES I'!$AA$33<>TRUE),2,"")) | Q16: =IF(AND('TABOK ES I'!$AA$34=TRUE,'TABOK ES I'!$AB$34<>TRUE),1,IF(AND('TABOK ES I'!$AB$34=TRUE,'TABOK ES I'!$AA$34<>TRUE),2,"")) | R16: =IFERROR(ROUND(AVERAGE(K16:Q16),2), "") | S16: =IF(R16="","",VLOOKUP(R16,$CH$14:$CK$17,3)) | T16: =IF(AND('TABOK ES I'!$AA$40=TRUE,'TABOK ES I'!$AB$40<>TRUE),1,IF(AND('TABOK ES I'!$AB$40=TRUE,'TABOK ES I'!$AA$40<>TRUE),2,"")) | U16: =IF(AND('TABOK ES I'!$AA$41=TRUE,'TABOK ES I'!$AB$41<>TRUE),1,IF(AND('TABOK ES I'!$AB$41=TRUE,'TABOK ES I'!$AA$41<>TRUE),2,"")) | V16: =IF(AND('TABOK ES I'!$AA$42=TRUE,'TABOK ES I'!$AB$42<>TRUE),1,IF(AND('TABOK ES I'!$AB$42=TRUE,'TABOK ES I'!$AA$42<>TRUE),2,"")) | W16: =IF(AND('TABOK ES I'!$AA$43=TRUE,'TABOK ES I'!$AB$43<>TRUE),1,IF(AND('TABOK ES I'!$AB$43=TRUE,'TABOK ES I'!$AA$43<>TRUE),2,"")) | X16: =IF(AND('TABOK ES I'!$AA$44=TRUE,'TABOK ES I'!$AB$44<>TRUE),1,IF(AND('TABOK ES I'!$AB$44=TRUE,'TABOK ES I'!$AA$44<>TRUE),2,"")) | Y16: =IF(AND('TABOK ES I'!$AA$45=TRUE,'TABOK ES I'!$AB$45<>TRUE),1,IF(AND('TABOK ES I'!$AB$45=TRUE,'TABOK ES I'!$AA$45<>TRUE),2,"")) | Z16: =IF(AND('TABOK ES I'!$AA$46=TRUE,'TABOK ES I'!$AB$46<>TRUE),1,IF(AND('TABOK ES I'!$AB$46=TRUE,'TABOK ES I'!$AA$46<>TRUE),2,"")) | AA16: =IFERROR(ROUND(AVERAGE(T16:Z16),2), "") | AB16: =IF(AA16="","",VLOOKUP(AA16,$CH$14:$CK$17,3)) | AC16: =IF(AND('TABOK ES I'!$AA$52=TRUE,'TABOK ES I'!$AB$52<>TRUE),1,IF(AND('TABOK ES I'!$AB$52=TRUE,'TABOK ES I'!$AA$52<>TRUE),2,"")) | AD16: =IF(AND('TABOK ES I'!$AA$53=TRUE,'TABOK ES I'!$AB$53<>TRUE),1,IF(AND('TABOK ES I'!$AB$53=TRUE,'TABOK ES I'!$AA$53<>TRUE),2,"")) | AE16: =IF(AND('TABOK ES I'!$AA$54=TRUE,'TABOK ES I'!$AB$54<>TRUE),1,IF(AND('TABOK ES I'!$AB$54=TRUE,'TABOK ES I'!$AA$54<>TRUE),2,"")) | AF16: =IF(AND('TABOK ES I'!$AA$55=TRUE,'TABOK ES I'!$AB$55<>TRUE),1,IF(AND('TABOK ES I'!$AB$55=TRUE,'TABOK ES I'!$AA$55<>TRUE),2,"")) | AG16: =IF(AND('TABOK ES I'!$AA$56=TRUE,'TABOK ES I'!$AB$56<>TRUE),1,IF(AND('TABOK ES I'!$AB$56=TRUE,'TABOK ES I'!$AA$56<>TRUE),2,"")) | AH16: =IF(AND('TABOK ES I'!$AA$57=TRUE,'TABOK ES I'!$AB$57<>TRUE),1,IF(AND('TABOK ES I'!$AB$57=TRUE,'TABOK ES I'!$AA$57<>TRUE),2,"")) | AJ16: =IFERROR(ROUND(AVERAGE(AC16:AI16),2), "") | AK16: =IF(AJ16="","",VLOOKUP(AJ16,$CH$14:$CK$17,3)) | AL16: =IF(AND('TABOK ES I'!$AA$64=TRUE,'TABOK ES I'!$AB$64<>TRUE),1,IF(AND('TABOK ES I'!$AB$64=TRUE,'TABOK ES I'!$AA$64<>TRUE),2,"")) | AM16: =IF(AND('TABOK ES I'!$AA$65=TRUE,'TABOK ES I'!$AB$65<>TRUE),1,IF(AND('TABOK ES I'!$AB$65=TRUE,'TABOK ES I'!$AA$65<>TRUE),2,"")) | AN16: =IF(AND('TABOK ES I'!$AA$66=TRUE,'TABOK ES I'!$AB$66<>TRUE),1,IF(AND('TABOK ES I'!$AB$66=TRUE,'TABOK ES I'!$AA$66<>TRUE),2,"")) | AO16: =IF(AND('TABOK ES I'!$AA$67=TRUE,'TABOK ES I'!$AB$67<>TRUE),1,IF(AND('TABOK ES I'!$AB$67=TRUE,'TABOK ES I'!$AA$67<>TRUE),2,"")) | AP16: =IF(AND('TABOK ES I'!$AA$68=TRUE,'TABOK ES I'!$AB$68<>TRUE),1,IF(AND('TABOK ES I'!$AB$68=TRUE,'TABOK ES I'!$AA$68<>TRUE),2,"")) | AQ16: =IF(AND('TABOK ES I'!$AA$69=TRUE,'TABOK ES I'!$AB$69<>TRUE),1,IF(AND('TABOK ES I'!$AB$69=TRUE,'TABOK ES I'!$AA$69<>TRUE),2,"")) | AS16: =IFERROR(ROUND(AVERAGE(AL16:AR16),2), "") | AT16: =IF(AS16="","",VLOOKUP(AS16,$CH$14:$CK$17,3)) | AV16: =COUNTIF(B16:H16,1)+COUNTIF(K16:Q16,1)+COUNTIF(T16:Z16,1)+COUNTIF(AC16:AI16,1)+COUNTIF(AL16:AR16,1) | AW16: =COUNTIF(B16:H16,2)+COUNTIF(K16:Q16,2)+COUNTIF(T16:Z16,2)+COUNTIF(AC16:AI16,2)+COUNTIF(AL16:AR16,2) | CH16: 1.51 | CI16: 1.75 | CJ16: Partially Implemented
A17: =IF('TABOK ES II'!$B$11="","TABOK ELEMENTARY SCHOOL II",'TABOK ES II'!$B$11) | B17: =IF(AND('TABOK ES II'!$AA$16=TRUE,'TABOK ES II'!$AB$16<>TRUE),1,IF(AND('TABOK ES II'!$AB$16=TRUE,'TABOK ES II'!$AA$16<>TRUE),2,"")) | C17: =IF(AND('TABOK ES II'!$AA$17=TRUE,'TABOK ES II'!$AB$17<>TRUE),1,IF(AND('TABOK ES II'!$AB$17=TRUE,'TABOK ES II'!$AA$17<>TRUE),2,"")) | D17: =IF(AND('TABOK ES II'!$AA$18=TRUE,'TABOK ES II'!$AB$18<>TRUE),1,IF(AND('TABOK ES II'!$AB$18=TRUE,'TABOK ES II'!$AA$18<>TRUE),2,"")) | E17: =IF(AND('TABOK ES II'!$AA$19=TRUE,'TABOK ES II'!$AB$19<>TRUE),1,IF(AND('TABOK ES II'!$AB$19=TRUE,'TABOK ES II'!$AA$19<>TRUE),2,"")) | F17: =IF(AND('TABOK ES II'!$AA$20=TRUE,'TABOK ES II'!$AB$20<>TRUE),1,IF(AND('TABOK ES II'!$AB$20=TRUE,'TABOK ES II'!$AA$20<>TRUE),2,"")) | G17: =IF(AND('TABOK ES II'!$AA$21=TRUE,'TABOK ES II'!$AB$21<>TRUE),1,IF(AND('TABOK ES II'!$AB$21=TRUE,'TABOK ES II'!$AA$21<>TRUE),2,"")) | I17: =IFERROR(ROUND(AVERAGE(B17:H17),2), "") | J17: =IF(I17="","",VLOOKUP(I17,$CH$14:$CK$17,3)) | K17: =IF(AND('TABOK ES II'!$AA$28=TRUE,'TABOK ES II'!$AB$28<>TRUE),1,IF(AND('TABOK ES II'!$AB$28=TRUE,'TABOK ES II'!$AA$28<>TRUE),2,"")) | L17: =IF(AND('TABOK ES II'!$AA$29=TRUE,'TABOK ES II'!$AB$29<>TRUE),1,IF(AND('TABOK ES II'!$AB$29=TRUE,'TABOK ES II'!$AA$29<>TRUE),2,"")) | M17: =IF(AND('TABOK ES II'!$AA$30=TRUE,'TABOK ES II'!$AB$30<>TRUE),1,IF(AND('TABOK ES II'!$AB$30=TRUE,'TABOK ES II'!$AA$30<>TRUE),2,"")) | N17: =IF(AND('TABOK ES II'!$AA$31=TRUE,'TABOK ES II'!$AB$31<>TRUE),1,IF(AND('TABOK ES II'!$AB$31=TRUE,'TABOK ES II'!$AA$31<>TRUE),2,"")) | O17: =IF(AND('TABOK ES II'!$AA$32=TRUE,'TABOK ES II'!$AB$32<>TRUE),1,IF(AND('TABOK ES II'!$AB$32=TRUE,'TABOK ES II'!$AA$32<>TRUE),2,"")) | P17: =IF(AND('TABOK ES II'!$AA$33=TRUE,'TABOK ES II'!$AB$33<>TRUE),1,IF(AND('TABOK ES II'!$AB$33=TRUE,'TABOK ES II'!$AA$33<>TRUE),2,"")) | Q17: =IF(AND('TABOK ES II'!$AA$34=TRUE,'TABOK ES II'!$AB$34<>TRUE),1,IF(AND('TABOK ES II'!$AB$34=TRUE,'TABOK ES II'!$AA$34<>TRUE),2,"")) | R17: =IFERROR(ROUND(AVERAGE(K17:Q17),2), "") | S17: =IF(R17="","",VLOOKUP(R17,$CH$14:$CK$17,3)) | T17: =IF(AND('TABOK ES II'!$AA$40=TRUE,'TABOK ES II'!$AB$40<>TRUE),1,IF(AND('TABOK ES II'!$AB$40=TRUE,'TABOK ES II'!$AA$40<>TRUE),2,"")) | U17: =IF(AND('TABOK ES II'!$AA$41=TRUE,'TABOK ES II'!$AB$41<>TRUE),1,IF(AND('TABOK ES II'!$AB$41=TRUE,'TABOK ES II'!$AA$41<>TRUE),2,"")) | V17: =IF(AND('TABOK ES II'!$AA$42=TRUE,'TABOK ES II'!$AB$42<>TRUE),1,IF(AND('TABOK ES II'!$AB$42=TRUE,'TABOK ES II'!$AA$42<>TRUE),2,"")) | W17: =IF(AND('TABOK ES II'!$AA$43=TRUE,'TABOK ES II'!$AB$43<>TRUE),1,IF(AND('TABOK ES II'!$AB$43=TRUE,'TABOK ES II'!$AA$43<>TRUE),2,"")) | X17: =IF(AND('TABOK ES II'!$AA$44=TRUE,'TABOK ES II'!$AB$44<>TRUE),1,IF(AND('TABOK ES II'!$AB$44=TRUE,'TABOK ES II'!$AA$44<>TRUE),2,"")) | Y17: =IF(AND('TABOK ES II'!$AA$45=TRUE,'TABOK ES II'!$AB$45<>TRUE),1,IF(AND('TABOK ES II'!$AB$45=TRUE,'TABOK ES II'!$AA$45<>TRUE),2,"")) | Z17: =IF(AND('TABOK ES II'!$AA$46=TRUE,'TABOK ES II'!$AB$46<>TRUE),1,IF(AND('TABOK ES II'!$AB$46=TRUE,'TABOK ES II'!$AA$46<>TRUE),2,"")) | AA17: =IFERROR(ROUND(AVERAGE(T17:Z17),2), "") | AB17: =IF(AA17="","",VLOOKUP(AA17,$CH$14:$CK$17,3)) | AC17: =IF(AND('TABOK ES II'!$AA$52=TRUE,'TABOK ES II'!$AB$52<>TRUE),1,IF(AND('TABOK ES II'!$AB$52=TRUE,'TABOK ES II'!$AA$52<>TRUE),2,"")) | AD17: =IF(AND('TABOK ES II'!$AA$53=TRUE,'TABOK ES II'!$AB$53<>TRUE),1,IF(AND('TABOK ES II'!$AB$53=TRUE,'TABOK ES II'!$AA$53<>TRUE),2,"")) | AE17: =IF(AND('TABOK ES II'!$AA$54=TRUE,'TABOK ES II'!$AB$54<>TRUE),1,IF(AND('TABOK ES II'!$AB$54=TRUE,'TABOK ES II'!$AA$54<>TRUE),2,"")) | AF17: =IF(AND('TABOK ES II'!$AA$55=TRUE,'TABOK ES II'!$AB$55<>TRUE),1,IF(AND('TABOK ES II'!$AB$55=TRUE,'TABOK ES II'!$AA$55<>TRUE),2,"")) | AG17: =IF(AND('TABOK ES II'!$AA$56=TRUE,'TABOK ES II'!$AB$56<>TRUE),1,IF(AND('TABOK ES II'!$AB$56=TRUE,'TABOK ES II'!$AA$56<>TRUE),2,"")) | AH17: =IF(AND('TABOK ES II'!$AA$57=TRUE,'TABOK ES II'!$AB$57<>TRUE),1,IF(AND('TABOK ES II'!$AB$57=TRUE,'TABOK ES II'!$AA$57<>TRUE),2,"")) | AJ17: =IFERROR(ROUND(AVERAGE(AC17:AI17),2), "") | AK17: =IF(AJ17="","",VLOOKUP(AJ17,$CH$14:$CK$17,3)) | AL17: =IF(AND('TABOK ES II'!$AA$64=TRUE,'TABOK ES II'!$AB$64<>TRUE),1,IF(AND('TABOK ES II'!$AB$64=TRUE,'TABOK ES II'!$AA$64<>TRUE),2,"")) | AM17: =IF(AND('TABOK ES II'!$AA$65=TRUE,'TABOK ES II'!$AB$65<>TRUE),1,IF(AND('TABOK ES II'!$AB$65=TRUE,'TABOK ES II'!$AA$65<>TRUE),2,"")) | AN17: =IF(AND('TABOK ES II'!$AA$66=TRUE,'TABOK ES II'!$AB$66<>TRUE),1,IF(AND('TABOK ES II'!$AB$66=TRUE,'TABOK ES II'!$AA$66<>TRUE),2,"")) | AO17: =IF(AND('TABOK ES II'!$AA$67=TRUE,'TABOK ES II'!$AB$67<>TRUE),1,IF(AND('TABOK ES II'!$AB$67=TRUE,'TABOK ES II'!$AA$67<>TRUE),2,"")) | AP17: =IF(AND('TABOK ES II'!$AA$68=TRUE,'TABOK ES II'!$AB$68<>TRUE),1,IF(AND('TABOK ES II'!$AB$68=TRUE,'TABOK ES II'!$AA$68<>TRUE),2,"")) | AQ17: =IF(AND('TABOK ES II'!$AA$69=TRUE,'TABOK ES II'!$AB$69<>TRUE),1,IF(AND('TABOK ES II'!$AB$69=TRUE,'TABOK ES II'!$AA$69<>TRUE),2,"")) | AS17: =IFERROR(ROUND(AVERAGE(AL17:AR17),2), "") | AT17: =IF(AS17="","",VLOOKUP(AS17,$CH$14:$CK$17,3)) | AV17: =COUNTIF(B17:H17,1)+COUNTIF(K17:Q17,1)+COUNTIF(T17:Z17,1)+COUNTIF(AC17:AI17,1)+COUNTIF(AL17:AR17,1) | AW17: =COUNTIF(B17:H17,2)+COUNTIF(K17:Q17,2)+COUNTIF(T17:Z17,2)+COUNTIF(AC17:AI17,2)+COUNTIF(AL17:AR17,2) | CH17: 1.76 | CI17: 2 | CJ17: Needs Improvement
A18: =IF('BAKILID ES'!$B$11="","BAKILID ELEMENTARY SCHOOL",'BAKILID ES'!$B$11) | B18: =IF(AND('BAKILID ES'!$AA$16=TRUE,'BAKILID ES'!$AB$16<>TRUE),1,IF(AND('BAKILID ES'!$AB$16=TRUE,'BAKILID ES'!$AA$16<>TRUE),2,"")) | C18: =IF(AND('BAKILID ES'!$AA$17=TRUE,'BAKILID ES'!$AB$17<>TRUE),1,IF(AND('BAKILID ES'!$AB$17=TRUE,'BAKILID ES'!$AA$17<>TRUE),2,"")) | D18: =IF(AND('BAKILID ES'!$AA$18=TRUE,'BAKILID ES'!$AB$18<>TRUE),1,IF(AND('BAKILID ES'!$AB$18=TRUE,'BAKILID ES'!$AA$18<>TRUE),2,"")) | E18: =IF(AND('BAKILID ES'!$AA$19=TRUE,'BAKILID ES'!$AB$19<>TRUE),1,IF(AND('BAKILID ES'!$AB$19=TRUE,'BAKILID ES'!$AA$19<>TRUE),2,"")) | F18: =IF(AND('BAKILID ES'!$AA$20=TRUE,'BAKILID ES'!$AB$20<>TRUE),1,IF(AND('BAKILID ES'!$AB$20=TRUE,'BAKILID ES'!$AA$20<>TRUE),2,"")) | G18: =IF(AND('BAKILID ES'!$AA$21=TRUE,'BAKILID ES'!$AB$21<>TRUE),1,IF(AND('BAKILID ES'!$AB$21=TRUE,'BAKILID ES'!$AA$21<>TRUE),2,"")) | I18: =IFERROR(ROUND(AVERAGE(B18:H18),2), "") | J18: =IF(I18="","",VLOOKUP(I18,$CH$14:$CK$17,3)) | K18: =IF(AND('BAKILID ES'!$AA$28=TRUE,'BAKILID ES'!$AB$28<>TRUE),1,IF(AND('BAKILID ES'!$AB$28=TRUE,'BAKILID ES'!$AA$28<>TRUE),2,"")) | L18: =IF(AND('BAKILID ES'!$AA$29=TRUE,'BAKILID ES'!$AB$29<>TRUE),1,IF(AND('BAKILID ES'!$AB$29=TRUE,'BAKILID ES'!$AA$29<>TRUE),2,"")) | M18: =IF(AND('BAKILID ES'!$AA$30=TRUE,'BAKILID ES'!$AB$30<>TRUE),1,IF(AND('BAKILID ES'!$AB$30=TRUE,'BAKILID ES'!$AA$30<>TRUE),2,"")) | N18: =IF(AND('BAKILID ES'!$AA$31=TRUE,'BAKILID ES'!$AB$31<>TRUE),1,IF(AND('BAKILID ES'!$AB$31=TRUE,'BAKILID ES'!$AA$31<>TRUE),2,"")) | O18: =IF(AND('BAKILID ES'!$AA$32=TRUE,'BAKILID ES'!$AB$32<>TRUE),1,IF(AND('BAKILID ES'!$AB$32=TRUE,'BAKILID ES'!$AA$32<>TRUE),2,"")) | P18: =IF(AND('BAKILID ES'!$AA$33=TRUE,'BAKILID ES'!$AB$33<>TRUE),1,IF(AND('BAKILID ES'!$AB$33=TRUE,'BAKILID ES'!$AA$33<>TRUE),2,"")) | Q18: =IF(AND('BAKILID ES'!$AA$34=TRUE,'BAKILID ES'!$AB$34<>TRUE),1,IF(AND('BAKILID ES'!$AB$34=TRUE,'BAKILID ES'!$AA$34<>TRUE),2,"")) | R18: =IFERROR(ROUND(AVERAGE(K18:Q18),2), "") | S18: =IF(R18="","",VLOOKUP(R18,$CH$14:$CK$17,3)) | T18: =IF(AND('BAKILID ES'!$AA$40=TRUE,'BAKILID ES'!$AB$40<>TRUE),1,IF(AND('BAKILID ES'!$AB$40=TRUE,'BAKILID ES'!$AA$40<>TRUE),2,"")) | U18: =IF(AND('BAKILID ES'!$AA$41=TRUE,'BAKILID ES'!$AB$41<>TRUE),1,IF(AND('BAKILID ES'!$AB$41=TRUE,'BAKILID ES'!$AA$41<>TRUE),2,"")) | V18: =IF(AND('BAKILID ES'!$AA$42=TRUE,'BAKILID ES'!$AB$42<>TRUE),1,IF(AND('BAKILID ES'!$AB$42=TRUE,'BAKILID ES'!$AA$42<>TRUE),2,"")) | W18: =IF(AND('BAKILID ES'!$AA$43=TRUE,'BAKILID ES'!$AB$43<>TRUE),1,IF(AND('BAKILID ES'!$AB$43=TRUE,'BAKILID ES'!$AA$43<>TRUE),2,"")) | X18: =IF(AND('BAKILID ES'!$AA$44=TRUE,'BAKILID ES'!$AB$44<>TRUE),1,IF(AND('BAKILID ES'!$AB$44=TRUE,'BAKILID ES'!$AA$44<>TRUE),2,"")) | Y18: =IF(AND('BAKILID ES'!$AA$45=TRUE,'BAKILID ES'!$AB$45<>TRUE),1,IF(AND('BAKILID ES'!$AB$45=TRUE,'BAKILID ES'!$AA$45<>TRUE),2,"")) | Z18: =IF(AND('BAKILID ES'!$AA$46=TRUE,'BAKILID ES'!$AB$46<>TRUE),1,IF(AND('BAKILID ES'!$AB$46=TRUE,'BAKILID ES'!$AA$46<>TRUE),2,"")) | AA18: =IFERROR(ROUND(AVERAGE(T18:Z18),2), "") | AB18: =IF(AA18="","",VLOOKUP(AA18,$CH$14:$CK$17,3)) | AC18: =IF(AND('BAKILID ES'!$AA$52=TRUE,'BAKILID ES'!$AB$52<>TRUE),1,IF(AND('BAKILID ES'!$AB$52=TRUE,'BAKILID ES'!$AA$52<>TRUE),2,"")) | AD18: =IF(AND('BAKILID ES'!$AA$53=TRUE,'BAKILID ES'!$AB$53<>TRUE),1,IF(AND('BAKILID ES'!$AB$53=TRUE,'BAKILID ES'!$AA$53<>TRUE),2,"")) | AE18: =IF(AND('BAKILID ES'!$AA$54=TRUE,'BAKILID ES'!$AB$54<>TRUE),1,IF(AND('BAKILID ES'!$AB$54=TRUE,'BAKILID ES'!$AA$54<>TRUE),2,"")) | AF18: =IF(AND('BAKILID ES'!$AA$55=TRUE,'BAKILID ES'!$AB$55<>TRUE),1,IF(AND('BAKILID ES'!$AB$55=TRUE,'BAKILID ES'!$AA$55<>TRUE),2,"")) | AG18: =IF(AND('BAKILID ES'!$AA$56=TRUE,'BAKILID ES'!$AB$56<>TRUE),1,IF(AND('BAKILID ES'!$AB$56=TRUE,'BAKILID ES'!$AA$56<>TRUE),2,"")) | AH18: =IF(AND('BAKILID ES'!$AA$57=TRUE,'BAKILID ES'!$AB$57<>TRUE),1,IF(AND('BAKILID ES'!$AB$57=TRUE,'BAKILID ES'!$AA$57<>TRUE),2,"")) | AJ18: =IFERROR(ROUND(AVERAGE(AC18:AI18),2), "") | AK18: =IF(AJ18="","",VLOOKUP(AJ18,$CH$14:$CK$17,3)) | AL18: =IF(AND('BAKILID ES'!$AA$64=TRUE,'BAKILID ES'!$AB$64<>TRUE),1,IF(AND('BAKILID ES'!$AB$64=TRUE,'BAKILID ES'!$AA$64<>TRUE),2,"")) | AM18: =IF(AND('BAKILID ES'!$AA$65=TRUE,'BAKILID ES'!$AB$65<>TRUE),1,IF(AND('BAKILID ES'!$AB$65=TRUE,'BAKILID ES'!$AA$65<>TRUE),2,"")) | AN18: =IF(AND('BAKILID ES'!$AA$66=TRUE,'BAKILID ES'!$AB$66<>TRUE),1,IF(AND('BAKILID ES'!$AB$66=TRUE,'BAKILID ES'!$AA$66<>TRUE),2,"")) | AO18: =IF(AND('BAKILID ES'!$AA$67=TRUE,'BAKILID ES'!$AB$67<>TRUE),1,IF(AND('BAKILID ES'!$AB$67=TRUE,'BAKILID ES'!$AA$67<>TRUE),2,"")) | AP18: =IF(AND('BAKILID ES'!$AA$68=TRUE,'BAKILID ES'!$AB$68<>TRUE),1,IF(AND('BAKILID ES'!$AB$68=TRUE,'BAKILID ES'!$AA$68<>TRUE),2,"")) | AQ18: =IF(AND('BAKILID ES'!$AA$69=TRUE,'BAKILID ES'!$AB$69<>TRUE),1,IF(AND('BAKILID ES'!$AB$69=TRUE,'BAKILID ES'!$AA$69<>TRUE),2,"")) | AS18: =IFERROR(ROUND(AVERAGE(AL18:AR18),2), "") | AT18: =IF(AS18="","",VLOOKUP(AS18,$CH$14:$CK$17,3)) | AV18: =COUNTIF(B18:H18,1)+COUNTIF(K18:Q18,1)+COUNTIF(T18:Z18,1)+COUNTIF(AC18:AI18,1)+COUNTIF(AL18:AR18,1) | AW18: =COUNTIF(B18:H18,2)+COUNTIF(K18:Q18,2)+COUNTIF(T18:Z18,2)+COUNTIF(AC18:AI18,2)+COUNTIF(AL18:AR18,2)
A19: =IF('TINGUB ES'!$B$11="","TINGUB ELEMENTARY SCHOOL",'TINGUB ES'!$B$11) | B19: =IF(AND('TINGUB ES'!$AA$16=TRUE,'TINGUB ES'!$AB$16<>TRUE),1,IF(AND('TINGUB ES'!$AB$16=TRUE,'TINGUB ES'!$AA$16<>TRUE),2,"")) | C19: =IF(AND('TINGUB ES'!$AA$17=TRUE,'TINGUB ES'!$AB$17<>TRUE),1,IF(AND('TINGUB ES'!$AB$17=TRUE,'TINGUB ES'!$AA$17<>TRUE),2,"")) | D19: =IF(AND('TINGUB ES'!$AA$18=TRUE,'TINGUB ES'!$AB$18<>TRUE),1,IF(AND('TINGUB ES'!$AB$18=TRUE,'TINGUB ES'!$AA$18<>TRUE),2,"")) | E19: =IF(AND('TINGUB ES'!$AA$19=TRUE,'TINGUB ES'!$AB$19<>TRUE),1,IF(AND('TINGUB ES'!$AB$19=TRUE,'TINGUB ES'!$AA$19<>TRUE),2,"")) | F19: =IF(AND('TINGUB ES'!$AA$20=TRUE,'TINGUB ES'!$AB$20<>TRUE),1,IF(AND('TINGUB ES'!$AB$20=TRUE,'TINGUB ES'!$AA$20<>TRUE),2,"")) | G19: =IF(AND('TINGUB ES'!$AA$21=TRUE,'TINGUB ES'!$AB$21<>TRUE),1,IF(AND('TINGUB ES'!$AB$21=TRUE,'TINGUB ES'!$AA$21<>TRUE),2,"")) | I19: =IFERROR(ROUND(AVERAGE(B19:H19),2), "") | J19: =IF(I19="","",VLOOKUP(I19,$CH$14:$CK$17,3)) | K19: =IF(AND('TINGUB ES'!$AA$28=TRUE,'TINGUB ES'!$AB$28<>TRUE),1,IF(AND('TINGUB ES'!$AB$28=TRUE,'TINGUB ES'!$AA$28<>TRUE),2,"")) | L19: =IF(AND('TINGUB ES'!$AA$29=TRUE,'TINGUB ES'!$AB$29<>TRUE),1,IF(AND('TINGUB ES'!$AB$29=TRUE,'TINGUB ES'!$AA$29<>TRUE),2,"")) | M19: =IF(AND('TINGUB ES'!$AA$30=TRUE,'TINGUB ES'!$AB$30<>TRUE),1,IF(AND('TINGUB ES'!$AB$30=TRUE,'TINGUB ES'!$AA$30<>TRUE),2,"")) | N19: =IF(AND('TINGUB ES'!$AA$31=TRUE,'TINGUB ES'!$AB$31<>TRUE),1,IF(AND('TINGUB ES'!$AB$31=TRUE,'TINGUB ES'!$AA$31<>TRUE),2,"")) | O19: =IF(AND('TINGUB ES'!$AA$32=TRUE,'TINGUB ES'!$AB$32<>TRUE),1,IF(AND('TINGUB ES'!$AB$32=TRUE,'TINGUB ES'!$AA$32<>TRUE),2,"")) | P19: =IF(AND('TINGUB ES'!$AA$33=TRUE,'TINGUB ES'!$AB$33<>TRUE),1,IF(AND('TINGUB ES'!$AB$33=TRUE,'TINGUB ES'!$AA$33<>TRUE),2,"")) | Q19: =IF(AND('TINGUB ES'!$AA$34=TRUE,'TINGUB ES'!$AB$34<>TRUE),1,IF(AND('TINGUB ES'!$AB$34=TRUE,'TINGUB ES'!$AA$34<>TRUE),2,"")) | R19: =IFERROR(ROUND(AVERAGE(K19:Q19),2), "") | S19: =IF(R19="","",VLOOKUP(R19,$CH$14:$CK$17,3)) | T19: =IF(AND('TINGUB ES'!$AA$40=TRUE,'TINGUB ES'!$AB$40<>TRUE),1,IF(AND('TINGUB ES'!$AB$40=TRUE,'TINGUB ES'!$AA$40<>TRUE),2,"")) | U19: =IF(AND('TINGUB ES'!$AA$41=TRUE,'TINGUB ES'!$AB$41<>TRUE),1,IF(AND('TINGUB ES'!$AB$41=TRUE,'TINGUB ES'!$AA$41<>TRUE),2,"")) | V19: =IF(AND('TINGUB ES'!$AA$42=TRUE,'TINGUB ES'!$AB$42<>TRUE),1,IF(AND('TINGUB ES'!$AB$42=TRUE,'TINGUB ES'!$AA$42<>TRUE),2,"")) | W19: =IF(AND('TINGUB ES'!$AA$43=TRUE,'TINGUB ES'!$AB$43<>TRUE),1,IF(AND('TINGUB ES'!$AB$43=TRUE,'TINGUB ES'!$AA$43<>TRUE),2,"")) | X19: =IF(AND('TINGUB ES'!$AA$44=TRUE,'TINGUB ES'!$AB$44<>TRUE),1,IF(AND('TINGUB ES'!$AB$44=TRUE,'TINGUB ES'!$AA$44<>TRUE),2,"")) | Y19: =IF(AND('TINGUB ES'!$AA$45=TRUE,'TINGUB ES'!$AB$45<>TRUE),1,IF(AND('TINGUB ES'!$AB$45=TRUE,'TINGUB ES'!$AA$45<>TRUE),2,"")) | Z19: =IF(AND('TINGUB ES'!$AA$46=TRUE,'TINGUB ES'!$AB$46<>TRUE),1,IF(AND('TINGUB ES'!$AB$46=TRUE,'TINGUB ES'!$AA$46<>TRUE),2,"")) | AA19: =IFERROR(ROUND(AVERAGE(T19:Z19),2), "") | AB19: =IF(AA19="","",VLOOKUP(AA19,$CH$14:$CK$17,3)) | AC19: =IF(AND('TINGUB ES'!$AA$52=TRUE,'TINGUB ES'!$AB$52<>TRUE),1,IF(AND('TINGUB ES'!$AB$52=TRUE,'TINGUB ES'!$AA$52<>TRUE),2,"")) | AD19: =IF(AND('TINGUB ES'!$AA$53=TRUE,'TINGUB ES'!$AB$53<>TRUE),1,IF(AND('TINGUB ES'!$AB$53=TRUE,'TINGUB ES'!$AA$53<>TRUE),2,"")) | AE19: =IF(AND('TINGUB ES'!$AA$54=TRUE,'TINGUB ES'!$AB$54<>TRUE),1,IF(AND('TINGUB ES'!$AB$54=TRUE,'TINGUB ES'!$AA$54<>TRUE),2,"")) | AF19: =IF(AND('TINGUB ES'!$AA$55=TRUE,'TINGUB ES'!$AB$55<>TRUE),1,IF(AND('TINGUB ES'!$AB$55=TRUE,'TINGUB ES'!$AA$55<>TRUE),2,"")) | AG19: =IF(AND('TINGUB ES'!$AA$56=TRUE,'TINGUB ES'!$AB$56<>TRUE),1,IF(AND('TINGUB ES'!$AB$56=TRUE,'TINGUB ES'!$AA$56<>TRUE),2,"")) | AH19: =IF(AND('TINGUB ES'!$AA$57=TRUE,'TINGUB ES'!$AB$57<>TRUE),1,IF(AND('TINGUB ES'!$AB$57=TRUE,'TINGUB ES'!$AA$57<>TRUE),2,"")) | AJ19: =IFERROR(ROUND(AVERAGE(AC19:AI19),2), "") | AK19: =IF(AJ19="","",VLOOKUP(AJ19,$CH$14:$CK$17,3)) | AL19: =IF(AND('TINGUB ES'!$AA$64=TRUE,'TINGUB ES'!$AB$64<>TRUE),1,IF(AND('TINGUB ES'!$AB$64=TRUE,'TINGUB ES'!$AA$64<>TRUE),2,"")) | AM19: =IF(AND('TINGUB ES'!$AA$65=TRUE,'TINGUB ES'!$AB$65<>TRUE),1,IF(AND('TINGUB ES'!$AB$65=TRUE,'TINGUB ES'!$AA$65<>TRUE),2,"")) | AN19: =IF(AND('TINGUB ES'!$AA$66=TRUE,'TINGUB ES'!$AB$66<>TRUE),1,IF(AND('TINGUB ES'!$AB$66=TRUE,'TINGUB ES'!$AA$66<>TRUE),2,"")) | AO19: =IF(AND('TINGUB ES'!$AA$67=TRUE,'TINGUB ES'!$AB$67<>TRUE),1,IF(AND('TINGUB ES'!$AB$67=TRUE,'TINGUB ES'!$AA$67<>TRUE),2,"")) | AP19: =IF(AND('TINGUB ES'!$AA$68=TRUE,'TINGUB ES'!$AB$68<>TRUE),1,IF(AND('TINGUB ES'!$AB$68=TRUE,'TINGUB ES'!$AA$68<>TRUE),2,"")) | AQ19: =IF(AND('TINGUB ES'!$AA$69=TRUE,'TINGUB ES'!$AB$69<>TRUE),1,IF(AND('TINGUB ES'!$AB$69=TRUE,'TINGUB ES'!$AA$69<>TRUE),2,"")) | AS19: =IFERROR(ROUND(AVERAGE(AL19:AR19),2), "") | AT19: =IF(AS19="","",VLOOKUP(AS19,$CH$14:$CK$17,3)) | AV19: =COUNTIF(B19:H19,1)+COUNTIF(K19:Q19,1)+COUNTIF(T19:Z19,1)+COUNTIF(AC19:AI19,1)+COUNTIF(AL19:AR19,1) | AW19: =COUNTIF(B19:H19,2)+COUNTIF(K19:Q19,2)+COUNTIF(T19:Z19,2)+COUNTIF(AC19:AI19,2)+COUNTIF(AL19:AR19,2)
A20: WEIGHTED MEAN | B20: =IFERROR(ROUND(AVERAGE(B14:B19),2), "") | C20: =IFERROR(ROUND(AVERAGE(C14:C19),2), "") | D20: =IFERROR(ROUND(AVERAGE(D14:D19),2), "") | E20: =IFERROR(ROUND(AVERAGE(E14:E19),2), "") | F20: =IFERROR(ROUND(AVERAGE(F14:F19),2), "") | G20: =IFERROR(ROUND(AVERAGE(G14:G19),2), "") | H20: =IFERROR(ROUND(AVERAGE(H14:H19),2), "") | I20: =IFERROR(ROUND(AVERAGE(I14:I19),2), "") | J20: =IF(I20="","",VLOOKUP(I20,$CH$14:$CK$17,3)) | K20: =IFERROR(ROUND(AVERAGE(K14:K19),2), "") | L20: =IFERROR(ROUND(AVERAGE(L14:L19),2), "") | M20: =IFERROR(ROUND(AVERAGE(M14:M19),2), "") | N20: =IFERROR(ROUND(AVERAGE(N14:N19),2), "") | O20: =IFERROR(ROUND(AVERAGE(O14:O19),2), "") | P20: =IFERROR(ROUND(AVERAGE(P14:P19),2), "") | Q20: =IFERROR(ROUND(AVERAGE(Q14:Q19),2), "") | R20: =IFERROR(ROUND(AVERAGE(R14:R19),2), "") | S20: =IF(R20="","",VLOOKUP(R20,$CH$14:$CK$17,3)) | T20: =IFERROR(ROUND(AVERAGE(T14:T19),2), "") | U20: =IFERROR(ROUND(AVERAGE(U14:U19),2), "") | V20: =IFERROR(ROUND(AVERAGE(V14:V19),2), "") | W20: =IFERROR(ROUND(AVERAGE(W14:W19),2), "") | X20: =IFERROR(ROUND(AVERAGE(X14:X19),2), "") | Y20: =IFERROR(ROUND(AVERAGE(Y14:Y19),2), "") | Z20: =IFERROR(ROUND(AVERAGE(Z14:Z19),2), "") | AA20: =IFERROR(ROUND(AVERAGE(AA14:AA19),2), "") | AB20: =IF(AA20="","",VLOOKUP(AA20,$CH$14:$CK$17,3)) | AC20: =IFERROR(ROUND(AVERAGE(AC14:AC19),2), "") | AD20: =IFERROR(ROUND(AVERAGE(AD14:AD19),2), "") | AE20: =IFERROR(ROUND(AVERAGE(AE14:AE19),2), "") | AF20: =IFERROR(ROUND(AVERAGE(AF14:AF19),2), "") | AG20: =IFERROR(ROUND(AVERAGE(AG14:AG19),2), "") | AH20: =IFERROR(ROUND(AVERAGE(AH14:AH19),2), "") | AI20: =IFERROR(ROUND(AVERAGE(AI14:AI19),2), "") | AJ20: =IFERROR(ROUND(AVERAGE(AJ14:AJ19),2), "") | AK20: =IF(AJ20="","",VLOOKUP(AJ20,$CH$14:$CK$17,3)) | AL20: =IFERROR(ROUND(AVERAGE(AL14:AL19),2), "") | AM20: =IFERROR(ROUND(AVERAGE(AM14:AM19),2), "") | AN20: =IFERROR(ROUND(AVERAGE(AN14:AN19),2), "") | AO20: =IFERROR(ROUND(AVERAGE(AO14:AO19),2), "") | AP20: =IFERROR(ROUND(AVERAGE(AP14:AP19),2), "") | AQ20: =IFERROR(ROUND(AVERAGE(AQ14:AQ19),2), "") | AR20: =IFERROR(ROUND(AVERAGE(AR14:AR19),2), "") | AS20: =IFERROR(ROUND(AVERAGE(AS14:AS19),2), "") | AT20: =IF(AS20="","",VLOOKUP(AS20,$CH$14:$CK$17,3)) | AV20: =SUM(AV14:AV19) | AW20: =SUM(AW14:AW19)
A22: Prepared by:
A24: NAME OF PSDS
A25: PSDS, West 1 Secondary
